,Sem.,Día,Fecha,Hora,Local,xG,Marcador,xG.1,Visitante,Asistencia,Sedes,Árbitro,Informe del partido,Notas
0,1,Vie,09/08/2019,20:00,Liverpool,1.8,4–1,0.9,Norwich City,53333,Anfield,Michael Oliver,Informe del partido,
1,1,Sáb,10/08/2019,12:30,West Ham,1.1,0–5,3.2,Manchester City,59870,London Stadium,Mike Dean,Informe del partido,
2,1,Sáb,10/08/2019,15:00,Burnley,0.9,3–0,1.2,Southampton,19784,Turf Moor,Graham Scott,Informe del partido,
3,1,Sáb,10/08/2019,15:00,Watford,0.7,0–3,0.8,Brighton,20245,Vicarage Road Stadium,Craig Pawson,Informe del partido,
4,1,Sáb,10/08/2019,15:00,Crystal Palace,0.9,0–0,1.1,Everton,25151,Selhurst Park,Jonathan Moss,Informe del partido,
5,1,Sáb,10/08/2019,15:00,Bournemouth,1.3,1–1,1.3,Sheffield Utd,10714,Vitality Stadium,Kevin Friend,Informe del partido,
6,1,Sáb,10/08/2019,17:30,Tottenham,2.4,3–1,0.7,Aston Villa,60407,Tottenham Hotspur Stadium,Chris Kavanagh,Informe del partido,
7,1,Dom,11/08/2019,14:00,Newcastle Utd,0.4,0–1,1.1,Arsenal,47635,St. James' Park,Martin Atkinson,Informe del partido,
8,1,Dom,11/08/2019,14:00,Leicester City,0.7,0–0,0.7,Wolves,32015,King Power Stadium,Andre Marriner,Informe del partido,
9,1,Dom,11/08/2019,16:30,Manchester Utd,2.2,4–0,1,Chelsea,73620,Old Trafford,Anthony Taylor,Informe del partido,
10,,,,,,,,,,,,,,
11,2,Sáb,17/08/2019,12:30,Arsenal,0.8,2–1,1.5,Burnley,60214,Emirates Stadium,Mike Dean,Informe del partido,
12,2,Sáb,17/08/2019,15:00,Norwich City,1.7,3–1,0.9,Newcastle Utd,27059,Carrow Road,Stuart Attwell,Informe del partido,
13,2,Sáb,17/08/2019,15:00,Aston Villa,2,1–2,1.6,Bournemouth,40996,Villa Park,Martin Atkinson,Informe del partido,
14,2,Sáb,17/08/2019,15:00,Brighton,2,1–1,0.8,West Ham,30459,The American Express Community Stadium,Anthony Taylor,Informe del partido,
15,2,Sáb,17/08/2019,15:00,Southampton,1.9,1–2,1.3,Liverpool,31712,St. Mary's Stadium,Andre Marriner,Informe del partido,
16,2,Sáb,17/08/2019,15:00,Everton,0.7,1–0,1.2,Watford,39066,Goodison Park,Lee Mason,Informe del partido,
17,2,Sáb,17/08/2019,17:30,Manchester City,2.9,2–2,0.1,Tottenham,54503,Etihad Stadium,Michael Oliver,Informe del partido,
18,2,Dom,18/08/2019,14:00,Sheffield Utd,2.2,1–0,0.3,Crystal Palace,30197,Bramall Lane,David Coote,Informe del partido,
19,2,Dom,18/08/2019,16:30,Chelsea,1.1,1–1,0.8,Leicester City,40629,Stamford Bridge,Oliver Langford,Informe del partido,
20,2,Lun,19/08/2019,20:00,Wolves,0.3,1–1,1.2,Manchester Utd,31314,Molineux Stadium,Jonathan Moss,Informe del partido,
21,,,,,,,,,,,,,,
22,3,Vie,23/08/2019,20:00,Aston Villa,1,2–0,1.3,Everton,41922,Villa Park,Michael Oliver,Informe del partido,
23,3,Sáb,24/08/2019,12:30,Norwich City,1.1,2–3,1.5,Chelsea,27032,Carrow Road,Martin Atkinson,Informe del partido,
24,3,Sáb,24/08/2019,15:00,Sheffield Utd,0.3,1–2,0.8,Leicester City,30079,Bramall Lane,Andy Madley,Informe del partido,
25,3,Sáb,24/08/2019,15:00,Manchester Utd,2.5,1–2,1.1,Crystal Palace,73454,Old Trafford,Paul Tierney,Informe del partido,
26,3,Sáb,24/08/2019,15:00,Watford,2.3,1–3,3.5,West Ham,20035,Vicarage Road Stadium,Chris Kavanagh,Informe del partido,
27,3,Sáb,24/08/2019,15:00,Brighton,0.8,0–2,1.7,Southampton,30019,The American Express Community Stadium,Kevin Friend,Informe del partido,
28,3,Sáb,24/08/2019,17:30,Liverpool,2.5,3–1,1,Arsenal,53298,Anfield,Anthony Taylor,Informe del partido,
29,3,Dom,25/08/2019,14:00,Bournemouth,2.2,1–3,3,Manchester City,10486,Vitality Stadium,Andre Marriner,Informe del partido,
30,3,Dom,25/08/2019,16:30,Wolves,1.5,1–1,1.6,Burnley,30522,Molineux Stadium,Craig Pawson,Informe del partido,
31,3,Dom,25/08/2019,16:30,Tottenham,1.1,0–1,0.8,Newcastle Utd,59245,Tottenham Hotspur Stadium,Mike Dean,Informe del partido,
32,,,,,,,,,,,,,,
33,4,Sáb,31/08/2019,12:30,Southampton,0.9,1–1,1.5,Manchester Utd,30499,St. Mary's Stadium,Mike Dean,Informe del partido,
34,4,Sáb,31/08/2019,15:00,West Ham,2,2–0,1.4,Norwich City,59950,London Stadium,Paul Tierney,Informe del partido,
35,4,Sáb,31/08/2019,15:00,Crystal Palace,1.4,1–0,0.4,Aston Villa,25248,Selhurst Park,Kevin Friend,Informe del partido,
36,4,Sáb,31/08/2019,15:00,Leicester City,2,3–1,0.6,Bournemouth,31613,King Power Stadium,Peter Bankes,Informe del partido,
37,4,Sáb,31/08/2019,15:00,Chelsea,2,2–2,1.1,Sheffield Utd,40560,Stamford Bridge,Stuart Attwell,Informe del partido,
38,4,Sáb,31/08/2019,15:00,Newcastle Utd,1,1–1,1,Watford,44157,St. James' Park,Graham Scott,Informe del partido,
39,4,Sáb,31/08/2019,15:00,Manchester City,1.9,4–0,0.9,Brighton,54386,Etihad Stadium,Jonathan Moss,Informe del partido,
40,4,Sáb,31/08/2019,17:30,Burnley,0.9,0–3,1,Liverpool,21762,Turf Moor,Chris Kavanagh,Informe del partido,
41,4,Dom,01/09/2019,14:00,Everton,1.3,3–2,2,Wolves,39374,Goodison Park,Anthony Taylor,Informe del partido,
42,4,Dom,01/09/2019,16:30,Arsenal,2.4,2–2,2,Tottenham,60333,Emirates Stadium,Martin Atkinson,Informe del partido,
43,,,,,,,,,,,,,,
44,5,Sáb,14/09/2019,12:30,Liverpool,3,3–1,0.3,Newcastle Utd,51430,Anfield,Andre Marriner,Informe del partido,
45,5,Sáb,14/09/2019,15:00,Wolves,1.7,2–5,2.7,Chelsea,31534,Molineux Stadium,Graham Scott,Informe del partido,
46,5,Sáb,14/09/2019,15:00,Brighton,1.4,1–1,0.4,Burnley,29398,The American Express Community Stadium,Michael Oliver,Informe del partido,
47,5,Sáb,14/09/2019,15:00,Tottenham,1,4–0,0.6,Crystal Palace,59812,Tottenham Hotspur Stadium,Craig Pawson,Informe del partido,
48,5,Sáb,14/09/2019,15:00,Manchester Utd,1.2,1–0,0.6,Leicester City,73689,Old Trafford,Martin Atkinson,Informe del partido,
49,5,Sáb,14/09/2019,15:00,Sheffield Utd,1.8,0–1,1.6,Southampton,30985,Bramall Lane,Lee Mason,Informe del partido,
50,5,Sáb,14/09/2019,17:30,Norwich City,1.5,3–2,2.3,Manchester City,27035,Carrow Road,Kevin Friend,Informe del partido,
51,5,Dom,15/09/2019,14:00,Bournemouth,1.4,3–1,1.5,Everton,10416,Vitality Stadium,Paul Tierney,Informe del partido,
52,5,Dom,15/09/2019,16:30,Watford,2.7,2–2,0.8,Arsenal,21360,Vicarage Road Stadium,Anthony Taylor,Informe del partido,
53,5,Lun,16/09/2019,20:00,Aston Villa,1.3,0–0,0.6,West Ham,42010,Villa Park,Mike Dean,Informe del partido,
54,,,,,,,,,,,,,,
55,6,Vie,20/09/2019,20:00,Southampton,2.5,1–3,1.2,Bournemouth,30168,St. Mary's Stadium,Chris Kavanagh,Informe del partido,
56,6,Sáb,21/09/2019,12:30,Leicester City,1.3,2–1,1.1,Tottenham,32129,King Power Stadium,Paul Tierney,Informe del partido,
57,6,Sáb,21/09/2019,15:00,Manchester City,5.9,8–0,0.4,Watford,54273,Etihad Stadium,Mike Dean,Informe del partido,
58,6,Sáb,21/09/2019,15:00,Everton,1,0–2,0.5,Sheffield Utd,39354,Goodison Park,Simon Hooper,Informe del partido,
59,6,Sáb,21/09/2019,15:00,Burnley,2,2–0,0.8,Norwich City,19712,Turf Moor,David Coote,Informe del partido,
60,6,Sáb,21/09/2019,17:30,Newcastle Utd,0.9,0–0,1.4,Brighton,43316,St. James' Park,Martin Atkinson,Informe del partido,
61,6,Dom,22/09/2019,14:00,Crystal Palace,0.9,1–1,1.5,Wolves,25122,Selhurst Park,Stuart Attwell,Informe del partido,
62,6,Dom,22/09/2019,14:00,West Ham,0.4,2–0,0.9,Manchester Utd,59936,London Stadium,Anthony Taylor,Informe del partido,
63,6,Dom,22/09/2019,16:30,Chelsea,1.3,1–2,0.6,Liverpool,40638,Stamford Bridge,Michael Oliver,Informe del partido,
64,6,Dom,22/09/2019,16:30,Arsenal,2.4,3–2,1.5,Aston Villa,60331,Emirates Stadium,Jonathan Moss,Informe del partido,
65,,,,,,,,,,,,,,
66,7,Sáb,28/09/2019,12:30,Sheffield Utd,1.3,0–1,1.9,Liverpool,31774,Bramall Lane,Anthony Taylor,Informe del partido,
67,7,Sáb,28/09/2019,15:00,Chelsea,3.7,2–0,0.6,Brighton,40683,Stamford Bridge,Chris Kavanagh,Informe del partido,
68,7,Sáb,28/09/2019,15:00,Tottenham,1,2–1,1.5,Southampton,59645,Tottenham Hotspur Stadium,Graham Scott,Informe del partido,
69,7,Sáb,28/09/2019,15:00,Aston Villa,1,2–2,1.5,Burnley,41546,Villa Park,Lee Mason,Informe del partido,
70,7,Sáb,28/09/2019,15:00,Crystal Palace,1.5,2–0,0.7,Norwich City,25477,Selhurst Park,Jonathan Moss,Informe del partido,
71,7,Sáb,28/09/2019,15:00,Wolves,1.4,2–0,1.4,Watford,30711,Molineux Stadium,Paul Tierney,Informe del partido,
72,7,Sáb,28/09/2019,15:00,Bournemouth,1.9,2–2,1.6,West Ham,10729,Vitality Stadium,Stuart Attwell,Informe del partido,
73,7,Sáb,28/09/2019,17:30,Everton,2.4,1–3,2.8,Manchester City,39222,Goodison Park,Michael Oliver,Informe del partido,
74,7,Dom,29/09/2019,16:30,Leicester City,1.6,5–0,0.1,Newcastle Utd,32168,King Power Stadium,Craig Pawson,Informe del partido,
75,7,Lun,30/09/2019,20:00,Manchester Utd,0.9,1–1,1.9,Arsenal,73201,Old Trafford,Kevin Friend,Informe del partido,
76,,,,,,,,,,,,,,
77,8,Sáb,05/10/2019,12:30,Brighton,2.4,3–0,0.4,Tottenham,30610,The American Express Community Stadium,Jonathan Moss,Informe del partido,
78,8,Sáb,05/10/2019,15:00,Watford,1.4,0–0,0.4,Sheffield Utd,20811,Vicarage Road Stadium,Andre Marriner,Informe del partido,
79,8,Sáb,05/10/2019,15:00,Burnley,0.6,1–0,1.3,Everton,20650,Turf Moor,Graham Scott,Informe del partido,
80,8,Sáb,05/10/2019,15:00,Liverpool,3.5,2–1,0.1,Leicester City,53322,Anfield,Chris Kavanagh,Informe del partido,
81,8,Sáb,05/10/2019,15:00,Norwich City,2.6,1–5,3,Aston Villa,27045,Carrow Road,Andy Madley,Informe del partido,
82,8,Sáb,05/10/2019,17:30,West Ham,1.4,1–2,2.1,Crystal Palace,59912,London Stadium,Michael Oliver,Informe del partido,
83,8,Dom,06/10/2019,14:00,Manchester City,1.4,0–2,1,Wolves,54435,Etihad Stadium,Craig Pawson,Informe del partido,
84,8,Dom,06/10/2019,14:00,Southampton,1.4,1–4,1.7,Chelsea,31473,St. Mary's Stadium,Paul Tierney,Informe del partido,
85,8,Dom,06/10/2019,14:00,Arsenal,1.2,1–0,0.6,Bournemouth,60326,Emirates Stadium,Martin Atkinson,Informe del partido,
86,8,Dom,06/10/2019,16:30,Newcastle Utd,0.8,1–0,0.9,Manchester Utd,51198,St. James' Park,Mike Dean,Informe del partido,
87,,,,,,,,,,,,,,
88,9,Sáb,19/10/2019,12:30,Everton,2.1,2–0,0.8,West Ham,39263,Goodison Park,Paul Tierney,Informe del partido,
89,9,Sáb,19/10/2019,15:00,Aston Villa,3,2–1,1.2,Brighton,41826,Villa Park,David Coote,Informe del partido,
90,9,Sáb,19/10/2019,15:00,Leicester City,1,2–1,1.5,Burnley,32105,King Power Stadium,Jonathan Moss,Informe del partido,
91,9,Sáb,19/10/2019,15:00,Tottenham,1,1–1,0.7,Watford,58754,Tottenham Hotspur Stadium,Chris Kavanagh,Informe del partido,
92,9,Sáb,19/10/2019,15:00,Wolves,0.9,1–1,1.4,Southampton,30915,Molineux Stadium,Peter Bankes,Informe del partido,
93,9,Sáb,19/10/2019,15:00,Chelsea,2,1–0,0.4,Newcastle Utd,40513,Stamford Bridge,Andre Marriner,Informe del partido,
94,9,Sáb,19/10/2019,15:00,Bournemouth,0.7,0–0,0.4,Norwich City,10669,Vitality Stadium,Lee Mason,Informe del partido,
95,9,Sáb,19/10/2019,17:30,Crystal Palace,0.9,0–2,3.5,Manchester City,25480,Selhurst Park,Anthony Taylor,Informe del partido,
96,9,Dom,20/10/2019,16:30,Manchester Utd,0.7,1–1,1.2,Liverpool,73737,Old Trafford,Martin Atkinson,Informe del partido,
97,9,Lun,21/10/2019,20:00,Sheffield Utd,0.9,1–0,1,Arsenal,30775,Bramall Lane,Mike Dean,Informe del partido,
98,,,,,,,,,,,,,,
99,10,Vie,25/10/2019,20:00,Southampton,0.3,0–9,4.6,Leicester City,28762,St. Mary's Stadium,Andre Marriner,Informe del partido,
100,10,Sáb,26/10/2019,12:30,Manchester City,2.9,3–0,1,Aston Villa,54506,Etihad Stadium,Graham Scott,Informe del partido,
101,10,Sáb,26/10/2019,15:00,Watford,0.8,0–0,1,Bournemouth,20821,Vicarage Road Stadium,Mike Dean,Informe del partido,
102,10,Sáb,26/10/2019,15:00,West Ham,2.3,1–1,1,Sheffield Utd,59878,London Stadium,David Coote,Informe del partido,
103,10,Sáb,26/10/2019,15:00,Brighton,1.2,3–2,0.9,Everton,30529,The American Express Community Stadium,Andy Madley,Informe del partido,
104,10,Sáb,26/10/2019,17:30,Burnley,2.1,2–4,0.9,Chelsea,20975,Turf Moor,Michael Oliver,Informe del partido,
105,10,Dom,27/10/2019,14:00,Newcastle Utd,1,1–1,2.1,Wolves,46019,St. James' Park,Kevin Friend,Informe del partido,
106,10,Dom,27/10/2019,16:30,Arsenal,1.3,2–2,1.6,Crystal Palace,60345,Emirates Stadium,Martin Atkinson,Informe del partido,
107,10,Dom,27/10/2019,16:30,Liverpool,2.6,2–1,1.2,Tottenham,53222,Anfield,Anthony Taylor,Informe del partido,
108,10,Dom,27/10/2019,16:30,Norwich City,1,1–3,4.2,Manchester Utd,27108,Carrow Road,Stuart Attwell,Informe del partido,
109,,,,,,,,,,,,,,
110,11,Sáb,02/11/2019,12:30,Bournemouth,1.9,1–0,0.8,Manchester Utd,10669,Vitality Stadium,Chris Kavanagh,Informe del partido,
111,11,Sáb,02/11/2019,15:00,Sheffield Utd,2.3,3–0,0.8,Burnley,31131,Bramall Lane,Simon Hooper,Informe del partido,
112,11,Sáb,02/11/2019,15:00,Brighton,2.7,2–0,0.4,Norwich City,30539,The American Express Community Stadium,Kevin Friend,Informe del partido,
113,11,Sáb,02/11/2019,15:00,Aston Villa,0.4,1–2,2.4,Liverpool,41878,Villa Park,Jonathan Moss,Informe del partido,
114,11,Sáb,02/11/2019,15:00,Arsenal,0.9,1–1,1.8,Wolves,60383,Emirates Stadium,Michael Oliver,Informe del partido,
115,11,Sáb,02/11/2019,15:00,West Ham,1.8,2–3,1.5,Newcastle Utd,59907,London Stadium,Stuart Attwell,Informe del partido,
116,11,Sáb,02/11/2019,15:00,Manchester City,2.9,2–1,0.9,Southampton,53922,Etihad Stadium,Lee Mason,Informe del partido,
117,11,Sáb,02/11/2019,17:30,Watford,1.3,1–2,2.1,Chelsea,21011,Vicarage Road Stadium,Anthony Taylor,Informe del partido,
118,11,Dom,03/11/2019,14:00,Crystal Palace,0.5,0–2,1.1,Leicester City,25480,Selhurst Park,Paul Tierney,Informe del partido,
119,11,Dom,03/11/2019,16:30,Everton,1.1,1–1,0.6,Tottenham,39001,Goodison Park,Martin Atkinson,Informe del partido,
120,,,,,,,,,,,,,,
121,12,Vie,08/11/2019,20:00,Norwich City,0.7,0–2,1.3,Watford,27074,Carrow Road,Andre Marriner,Informe del partido,
122,12,Sáb,09/11/2019,12:30,Chelsea,3.6,2–0,0.2,Crystal Palace,40525,Stamford Bridge,Mike Dean,Informe del partido,
123,12,Sáb,09/11/2019,15:00,Southampton,0.9,1–2,1.8,Everton,29754,St. Mary's Stadium,Paul Tierney,Informe del partido,
124,12,Sáb,09/11/2019,15:00,Burnley,2.1,3–0,0.5,West Ham,20255,Turf Moor,Kevin Friend,Informe del partido,
125,12,Sáb,09/11/2019,15:00,Newcastle Utd,2.4,2–1,1.8,Bournemouth,44424,St. James' Park,Martin Atkinson,Informe del partido,
126,12,Sáb,09/11/2019,15:00,Tottenham,1.8,1–1,0.9,Sheffield Utd,59781,Tottenham Hotspur Stadium,Graham Scott,Informe del partido,
127,12,Sáb,09/11/2019,17:30,Leicester City,1.2,2–0,1,Arsenal,32209,King Power Stadium,Chris Kavanagh,Informe del partido,
128,12,Dom,10/11/2019,14:00,Manchester Utd,3.6,3–1,0.8,Brighton,73556,Old Trafford,Jonathan Moss,Informe del partido,
129,12,Dom,10/11/2019,14:00,Wolves,2.4,2–1,0.6,Aston Villa,31607,Molineux Stadium,Anthony Taylor,Informe del partido,
130,12,Dom,10/11/2019,16:30,Liverpool,1.1,3–1,1.3,Manchester City,53324,Anfield,Michael Oliver,Informe del partido,
131,,,,,,,,,,,,,,
132,13,Sáb,23/11/2019,12:30,West Ham,0.7,2–3,2.1,Tottenham,59930,London Stadium,Michael Oliver,Informe del partido,
133,13,Sáb,23/11/2019,15:00,Crystal Palace,1,1–2,1.4,Liverpool,25486,Selhurst Park,Kevin Friend,Informe del partido,
134,13,Sáb,23/11/2019,15:00,Arsenal,1.8,2–2,2.4,Southampton,60295,Emirates Stadium,Stuart Attwell,Informe del partido,
135,13,Sáb,23/11/2019,15:00,Bournemouth,0.6,1–2,1.1,Wolves,10539,Vitality Stadium,Simon Hooper,Informe del partido,
136,13,Sáb,23/11/2019,15:00,Everton,0.9,0–2,1.7,Norwich City,39241,Goodison Park,Anthony Taylor,Informe del partido,
137,13,Sáb,23/11/2019,15:00,Brighton,0.6,0–2,3.6,Leicester City,30640,The American Express Community Stadium,Mike Dean,Informe del partido,
138,13,Sáb,23/11/2019,15:00,Watford,1,0–3,1.9,Burnley,19711,Vicarage Road Stadium,Paul Tierney,Informe del partido,
139,13,Sáb,23/11/2019,17:30,Manchester City,1,2–1,0.9,Chelsea,54486,Etihad Stadium,Martin Atkinson,Informe del partido,
140,13,Dom,24/11/2019,16:30,Sheffield Utd,1.3,3–3,1.3,Manchester Utd,32024,Bramall Lane,Andre Marriner,Informe del partido,
141,13,Lun,25/11/2019,20:00,Aston Villa,2.3,2–0,0.6,Newcastle Utd,41821,Villa Park,Lee Mason,Informe del partido,
142,,,,,,,,,,,,,,
143,14,Sáb,30/11/2019,12:30,Newcastle Utd,0.3,2–2,2.4,Manchester City,49937,St. James' Park,Chris Kavanagh,Informe del partido,
144,14,Sáb,30/11/2019,15:00,Tottenham,2.3,3–2,1.1,Bournemouth,59626,Tottenham Hotspur Stadium,Lee Mason,Informe del partido,
145,14,Sáb,30/11/2019,15:00,Liverpool,1.3,2–1,0.8,Brighton,53319,Anfield,Martin Atkinson,Informe del partido,
146,14,Sáb,30/11/2019,15:00,Burnley,1.9,0–2,0.7,Crystal Palace,19818,Turf Moor,Peter Bankes,Informe del partido,
147,14,Sáb,30/11/2019,15:00,Chelsea,2.3,0–1,0.9,West Ham,40595,Stamford Bridge,Jonathan Moss,Informe del partido,
148,14,Sáb,30/11/2019,17:30,Southampton,2.1,2–1,0.6,Watford,26929,St. Mary's Stadium,Michael Oliver,Informe del partido,
149,14,Dom,01/12/2019,14:00,Norwich City,0.8,2–2,1.9,Arsenal,27067,Carrow Road,Paul Tierney,Informe del partido,
150,14,Dom,01/12/2019,14:00,Wolves,1.3,1–1,1.5,Sheffield Utd,31642,Molineux Stadium,David Coote,Informe del partido,
151,14,Dom,01/12/2019,16:30,Leicester City,2.2,2–1,1.1,Everton,32144,King Power Stadium,Graham Scott,Informe del partido,
152,14,Dom,01/12/2019,16:30,Manchester Utd,1.7,2–2,1.2,Aston Villa,73381,Old Trafford,Craig Pawson,Informe del partido,
153,,,,,,,,,,,,,,
154,15,Mar,03/12/2019,19:30,Crystal Palace,0.3,1–0,0.4,Bournemouth,23497,Selhurst Park,Anthony Taylor,Informe del partido,
155,15,Mar,03/12/2019,20:15,Burnley,0.6,1–4,2.2,Manchester City,20101,Turf Moor,Jonathan Moss,Informe del partido,
156,15,Mié,04/12/2019,19:30,Wolves,1.5,2–0,0.6,West Ham,31217,Molineux Stadium,Andre Marriner,Informe del partido,
157,15,Mié,04/12/2019,19:30,Southampton,1.7,2–1,0.9,Norwich City,27019,St. Mary's Stadium,Kevin Friend,Informe del partido,
158,15,Mié,04/12/2019,19:30,Chelsea,1.8,2–1,1,Aston Villa,40628,Stamford Bridge,Chris Kavanagh,Informe del partido,
159,15,Mié,04/12/2019,19:30,Manchester Utd,1.4,2–1,0.9,Tottenham,73252,Old Trafford,Paul Tierney,Informe del partido,
160,15,Mié,04/12/2019,19:30,Leicester City,2.4,2–0,0.2,Watford,31763,King Power Stadium,Craig Pawson,Informe del partido,
161,15,Mié,04/12/2019,20:15,Liverpool,2,5–2,1.5,Everton,53094,Anfield,Mike Dean,Informe del partido,
162,15,Jue,05/12/2019,19:30,Sheffield Utd,1.1,0–2,0.5,Newcastle Utd,30409,Bramall Lane,Stuart Attwell,Informe del partido,
163,15,Jue,05/12/2019,20:15,Arsenal,0.9,1–2,1.7,Brighton,60164,Emirates Stadium,Graham Scott,Informe del partido,
164,,,,,,,,,,,,,,
165,16,Sáb,07/12/2019,12:30,Everton,1.8,3–1,1.1,Chelsea,39114,Goodison Park,Craig Pawson,Informe del partido,
166,16,Sáb,07/12/2019,15:00,Tottenham,2.6,5–0,0.9,Burnley,58401,Tottenham Hotspur Stadium,Kevin Friend,Informe del partido,
167,16,Sáb,07/12/2019,15:00,Watford,1.4,0–0,0.2,Crystal Palace,20070,Vicarage Road Stadium,Martin Atkinson,Informe del partido,
168,16,Sáb,07/12/2019,15:00,Bournemouth,0.1,0–3,2.4,Liverpool,10832,Vitality Stadium,Chris Kavanagh,Informe del partido,
169,16,Sáb,07/12/2019,17:30,Manchester City,2.2,1–2,1.4,Manchester Utd,54403,Etihad Stadium,Anthony Taylor,Informe del partido,
170,16,Dom,08/12/2019,14:00,Norwich City,0.7,1–2,0.8,Sheffield Utd,26881,Carrow Road,Simon Hooper,Informe del partido,
171,16,Dom,08/12/2019,14:00,Aston Villa,1.2,1–4,4.6,Leicester City,41908,Villa Park,Michael Oliver,Informe del partido,
172,16,Dom,08/12/2019,14:00,Newcastle Utd,0.9,2–1,1.7,Southampton,42303,St. James' Park,David Coote,Informe del partido,
173,16,Dom,08/12/2019,16:30,Brighton,1.2,2–2,1.5,Wolves,30189,The American Express Community Stadium,Jonathan Moss,Informe del partido,
174,16,Lun,09/12/2019,20:00,West Ham,0.6,1–3,1.4,Arsenal,59936,London Stadium,Mike Dean,Informe del partido,
175,,,,,,,,,,,,,,
176,17,Sáb,14/12/2019,12:30,Liverpool,1.4,2–0,1,Watford,53311,Anfield,Andre Marriner,Informe del partido,
177,17,Sáb,14/12/2019,15:00,Leicester City,1.1,1–1,1.1,Norwich City,32101,King Power Stadium,Andy Madley,Informe del partido,
178,17,Sáb,14/12/2019,15:00,Burnley,1.4,1–0,1,Newcastle Utd,19798,Turf Moor,Tim Robinson,Informe del partido,
179,17,Sáb,14/12/2019,15:00,Sheffield Utd,1.7,2–0,1.1,Aston Villa,30396,Bramall Lane,Peter Bankes,Informe del partido,
180,17,Sáb,14/12/2019,15:00,Chelsea,2.1,0–1,1,Bournemouth,40243,Stamford Bridge,Graham Scott,Informe del partido,
181,17,Sáb,14/12/2019,17:30,Southampton,0.9,0–1,0.9,West Ham,27701,St. Mary's Stadium,Martin Atkinson,Informe del partido,
182,17,Dom,15/12/2019,14:00,Manchester Utd,1.4,1–1,0.3,Everton,63328,Old Trafford,Michael Oliver,Informe del partido,
183,17,Dom,15/12/2019,14:00,Wolves,0.9,1–2,0.9,Tottenham,31674,Molineux Stadium,Stuart Attwell,Informe del partido,
184,17,Dom,15/12/2019,16:30,Arsenal,0.5,0–3,1.3,Manchester City,60031,Emirates Stadium,Paul Tierney,Informe del partido,
185,17,Lun,16/12/2019,19:45,Crystal Palace,0.7,1–1,2.3,Brighton,24175,Selhurst Park,Craig Pawson,Informe del partido,
186,,,,,,,,,,,,,,
187,18,Sáb,21/12/2019,12:30,Everton,0.5,0–0,0.6,Arsenal,39336,Goodison Park,Kevin Friend,Informe del partido,
188,18,Sáb,21/12/2019,15:00,Norwich City,1.3,1–2,1.4,Wolves,27053,Carrow Road,Peter Bankes,Informe del partido,
189,18,Sáb,21/12/2019,15:00,Brighton,0.5,0–1,1.3,Sheffield Utd,30505,The American Express Community Stadium,Robert Jones,Informe del partido,
190,18,Sáb,21/12/2019,15:00,Newcastle Utd,0.5,1–0,1.3,Crystal Palace,45453,St. James' Park,Simon Hooper,Informe del partido,
191,18,Sáb,21/12/2019,15:00,Aston Villa,1.1,1–3,2.8,Southampton,41834,Villa Park,Craig Pawson,Informe del partido,
192,18,Sáb,21/12/2019,15:00,Bournemouth,0.1,0–1,0.2,Burnley,10020,Vitality Stadium,Martin Atkinson,Informe del partido,
193,18,Sáb,21/12/2019,17:30,Manchester City,3.3,3–1,1.1,Leicester City,54415,Etihad Stadium,Mike Dean,Informe del partido,
194,18,Dom,22/12/2019,14:00,Watford,1.5,2–0,1.8,Manchester Utd,21488,Vicarage Road Stadium,Lee Mason,Informe del partido,
195,18,Dom,22/12/2019,16:30,Tottenham,0.3,0–2,1.3,Chelsea,61104,Tottenham Hotspur Stadium,Anthony Taylor,Informe del partido,
196,,,,,,,,,,,,,,
197,19,Jue,26/12/2019,12:30,Tottenham,0.8,2–1,1,Brighton,56308,Tottenham Hotspur Stadium,Graham Scott,Informe del partido,
198,19,Jue,26/12/2019,15:00,Aston Villa,0.6,1–0,1.2,Norwich City,41289,Villa Park,Chris Kavanagh,Informe del partido,
199,19,Jue,26/12/2019,15:00,Crystal Palace,2.7,2–1,0.9,West Ham,25462,Selhurst Park,Andre Marriner,Informe del partido,
200,19,Jue,26/12/2019,15:00,Bournemouth,2,1–1,1.4,Arsenal,10234,Vitality Stadium,Stuart Attwell,Informe del partido,
201,19,Jue,26/12/2019,15:00,Sheffield Utd,2.4,1–1,0.6,Watford,30222,Bramall Lane,David Coote,Informe del partido,
202,19,Jue,26/12/2019,15:00,Everton,1.4,1–0,0.3,Burnley,39177,Goodison Park,Anthony Taylor,Informe del partido,
203,19,Jue,26/12/2019,15:00,Chelsea,0.7,0–2,1.1,Southampton,40651,Stamford Bridge,Jonathan Moss,Informe del partido,
204,19,Jue,26/12/2019,17:30,Manchester Utd,1.9,4–1,0.8,Newcastle Utd,73206,Old Trafford,Kevin Friend,Informe del partido,
205,19,Jue,26/12/2019,20:00,Leicester City,0.1,0–4,3.2,Liverpool,32211,King Power Stadium,Michael Oliver,Informe del partido,
206,19,Vie,27/12/2019,19:45,Wolves,2.6,3–2,1.5,Manchester City,31737,Molineux Stadium,Martin Atkinson,Informe del partido,
207,,,,,,,,,,,,,,
208,20,Sáb,28/12/2019,12:30,Brighton,0.8,2–0,0.5,Bournemouth,30441,The American Express Community Stadium,Paul Tierney,Informe del partido,
209,20,Sáb,28/12/2019,15:00,Watford,2.8,3–0,0.6,Aston Villa,21348,Vicarage Road Stadium,Simon Hooper,Informe del partido,
210,20,Sáb,28/12/2019,15:00,Newcastle Utd,1.8,1–2,2.9,Everton,52211,St. James' Park,Lee Mason,Informe del partido,
211,20,Sáb,28/12/2019,15:00,Southampton,1.4,1–1,0.3,Crystal Palace,31108,St. Mary's Stadium,Andy Madley,Informe del partido,
212,20,Sáb,28/12/2019,17:30,West Ham,1,1–2,2.5,Leicester City,59919,London Stadium,David Coote,Informe del partido,
213,20,Sáb,28/12/2019,17:30,Norwich City,0.2,2–2,1.9,Tottenham,27072,Carrow Road,Kevin Friend,Informe del partido,
214,20,Sáb,28/12/2019,19:45,Burnley,0.5,0–2,2.2,Manchester Utd,21924,Turf Moor,Mike Dean,Informe del partido,
215,20,Dom,29/12/2019,14:00,Arsenal,0.5,1–2,1.4,Chelsea,60309,Emirates Stadium,Craig Pawson,Informe del partido,
216,20,Dom,29/12/2019,16:30,Liverpool,1.2,1–0,0.5,Wolves,53326,Anfield,Anthony Taylor,Informe del partido,
217,20,Dom,29/12/2019,18:00,Manchester City,1.1,2–0,1.1,Sheffield Utd,54512,Etihad Stadium,Chris Kavanagh,Informe del partido,
218,,,,,,,,,,,,,,
219,21,Mié,01/01/2020,12:30,Brighton,1.3,1–1,1.3,Chelsea,30559,The American Express Community Stadium,Stuart Attwell,Informe del partido,
220,21,Mié,01/01/2020,12:30,Burnley,2.2,1–2,1.3,Aston Villa,19561,Turf Moor,Michael Oliver,Informe del partido,
221,21,Mié,01/01/2020,15:00,Newcastle Utd,0.7,0–3,2.6,Leicester City,52178,St. James' Park,Martin Atkinson,Informe del partido,
222,21,Mié,01/01/2020,15:00,Southampton,1.3,1–0,0.9,Tottenham,30976,St. Mary's Stadium,Mike Dean,Informe del partido,
223,21,Mié,01/01/2020,15:00,Watford,1.1,2–1,1.2,Wolves,20584,Vicarage Road Stadium,Andy Madley,Informe del partido,
224,21,Mié,01/01/2020,17:30,Norwich City,1.4,1–1,1.3,Crystal Palace,27021,Carrow Road,Jonathan Moss,Informe del partido,
225,21,Mié,01/01/2020,17:30,West Ham,2.4,4–0,0.6,Bournemouth,59917,London Stadium,Graham Scott,Informe del partido,
226,21,Mié,01/01/2020,17:30,Manchester City,1.5,2–1,1,Everton,54407,Etihad Stadium,Andre Marriner,Informe del partido,
227,21,Mié,01/01/2020,20:00,Arsenal,1.5,2–0,0.7,Manchester Utd,60328,Emirates Stadium,Chris Kavanagh,Informe del partido,
228,21,Jue,02/01/2020,20:00,Liverpool,2.8,2–0,0.6,Sheffield Utd,53321,Anfield,Paul Tierney,Informe del partido,
229,,,,,,,,,,,,,,
230,22,Vie,10/01/2020,20:00,Sheffield Utd,1.4,1–0,0.7,West Ham,30124,Bramall Lane,Michael Oliver,Informe del partido,
231,22,Sáb,11/01/2020,12:30,Crystal Palace,0.6,1–1,1.4,Arsenal,25468,Selhurst Park,Paul Tierney,Informe del partido,
232,22,Sáb,11/01/2020,15:00,Chelsea,2.7,3–0,0.8,Burnley,40396,Stamford Bridge,Kevin Friend,Informe del partido,
233,22,Sáb,11/01/2020,15:00,Everton,1.7,1–0,1.3,Brighton,38772,Goodison Park,David Coote,Informe del partido,
234,22,Sáb,11/01/2020,15:00,Leicester City,0.7,1–2,2.1,Southampton,32115,King Power Stadium,Lee Mason,Informe del partido,
235,22,Sáb,11/01/2020,15:00,Wolves,1.6,1–1,0.2,Newcastle Utd,31570,Molineux Stadium,Peter Bankes,Informe del partido,
236,22,Sáb,11/01/2020,15:00,Manchester Utd,2.9,4–0,0.3,Norwich City,73271,Old Trafford,Anthony Taylor,Informe del partido,
237,22,Sáb,11/01/2020,17:30,Tottenham,1.2,0–1,1.2,Liverpool,61023,Tottenham Hotspur Stadium,Martin Atkinson,Informe del partido,
238,22,Dom,12/01/2020,14:00,Bournemouth,0.4,0–3,2,Watford,10384,Vitality Stadium,Mike Dean,Informe del partido,
239,22,Dom,12/01/2020,16:30,Aston Villa,1.1,1–6,2.8,Manchester City,41823,Villa Park,Jonathan Moss,Informe del partido,
240,,,,,,,,,,,,,,
241,23,Sáb,18/01/2020,12:30,Watford,2.5,0–0,1.9,Tottenham,21366,Vicarage Road Stadium,Michael Oliver,Informe del partido,
242,23,Sáb,18/01/2020,15:00,Arsenal,1.4,1–1,0.8,Sheffield Utd,60310,Emirates Stadium,Mike Dean,Informe del partido,
243,23,Sáb,18/01/2020,15:00,Norwich City,1.8,1–0,0.7,Bournemouth,26781,Carrow Road,Paul Tierney,Informe del partido,
244,23,Sáb,18/01/2020,15:00,Manchester City,2.6,2–2,0.4,Crystal Palace,54439,Etihad Stadium,Graham Scott,Informe del partido,
245,23,Sáb,18/01/2020,15:00,Southampton,0.7,2–3,2.4,Wolves,31152,St. Mary's Stadium,Darren England,Informe del partido,
246,23,Sáb,18/01/2020,15:00,Brighton,1.1,1–1,0.6,Aston Villa,30551,The American Express Community Stadium,Andy Madley,Informe del partido,
247,23,Sáb,18/01/2020,15:00,West Ham,1.3,1–1,1.7,Everton,59915,London Stadium,Andre Marriner,Informe del partido,
248,23,Sáb,18/01/2020,17:30,Newcastle Utd,0.6,1–0,2.4,Chelsea,52217,St. James' Park,Chris Kavanagh,Informe del partido,
249,23,Dom,19/01/2020,14:00,Burnley,1.4,2–1,2.5,Leicester City,19788,Turf Moor,Anthony Taylor,Informe del partido,
250,23,Dom,19/01/2020,16:30,Liverpool,1.9,2–0,1.3,Manchester Utd,52916,Anfield,Craig Pawson,Informe del partido,
251,,,,,,,,,,,,,,
252,24,Mar,21/01/2020,19:30,Crystal Palace,0.6,0–2,1.1,Southampton,23739,Selhurst Park,Andre Marriner,Informe del partido,
253,24,Mar,21/01/2020,19:30,Everton,1.8,2–2,1.3,Newcastle Utd,38822,Goodison Park,Simon Hooper,Informe del partido,
254,24,Mar,21/01/2020,19:30,Aston Villa,1.3,2–1,1.8,Watford,40867,Villa Park,Martin Atkinson,Informe del partido,
255,24,Mar,21/01/2020,19:30,Sheffield Utd,0.8,0–1,2.8,Manchester City,31285,Bramall Lane,Lee Mason,Informe del partido,
256,24,Mar,21/01/2020,19:30,Bournemouth,1.4,3–1,1.8,Brighton,10065,Vitality Stadium,Kevin Friend,Informe del partido,
257,24,Mar,21/01/2020,20:15,Chelsea,2.9,2–2,0.4,Arsenal,40577,Stamford Bridge,Stuart Attwell,Informe del partido,
258,24,Mié,22/01/2020,19:30,Leicester City,2.8,4–1,1.6,West Ham,31968,King Power Stadium,David Coote,Informe del partido,
259,24,Mié,22/01/2020,19:30,Tottenham,2.1,2–1,1.5,Norwich City,58182,Tottenham Hotspur Stadium,Chris Kavanagh,Informe del partido,
260,24,Mié,22/01/2020,20:15,Manchester Utd,1.4,0–2,0.6,Burnley,73198,Old Trafford,Jonathan Moss,Informe del partido,
261,24,Jue,23/01/2020,20:00,Wolves,1.8,1–2,1.1,Liverpool,31746,Molineux Stadium,Michael Oliver,Informe del partido,
262,,,,,,,,,,,,,,
263,18,Mié,29/01/2020,19:45,West Ham,0.7,0–2,2.8,Liverpool,59959,London Stadium,Jonathan Moss,Informe del partido,
264,,,,,,,,,,,,,,
265,25,Sáb,01/02/2020,12:30,Leicester City,1.4,2–2,0.6,Chelsea,32186,King Power Stadium,Lee Mason,Informe del partido,
266,25,Sáb,01/02/2020,15:00,West Ham,0.8,3–3,1.9,Brighton,59952,London Stadium,Michael Oliver,Informe del partido,
267,25,Sáb,01/02/2020,15:00,Watford,0.9,2–3,2.2,Everton,21229,Vicarage Road Stadium,Craig Pawson,Informe del partido,
268,25,Sáb,01/02/2020,15:00,Crystal Palace,0.8,0–1,0.7,Sheffield Utd,25170,Selhurst Park,Andy Madley,Informe del partido,
269,25,Sáb,01/02/2020,15:00,Liverpool,3.2,4–0,0.8,Southampton,53291,Anfield,Kevin Friend,Informe del partido,
270,25,Sáb,01/02/2020,15:00,Bournemouth,2.2,2–1,1.7,Aston Villa,10722,Vitality Stadium,Anthony Taylor,Informe del partido,
271,25,Sáb,01/02/2020,15:00,Newcastle Utd,1,0–0,2.2,Norwich City,52204,St. James' Park,Martin Atkinson,Informe del partido,
272,25,Sáb,01/02/2020,17:30,Manchester Utd,1,0–0,1.3,Wolves,73363,Old Trafford,Paul Tierney,Informe del partido,
273,25,Dom,02/02/2020,14:00,Burnley,1.9,0–0,1.2,Arsenal,21048,Turf Moor,Chris Kavanagh,Informe del partido,
274,25,Dom,02/02/2020,16:30,Tottenham,0.3,2–0,2.4,Manchester City,61022,Tottenham Hotspur Stadium,Mike Dean,Informe del partido,
275,,,,,,,,,,,,,,
276,26,Sáb,08/02/2020,12:30,Everton,2.5,3–1,1.1,Crystal Palace,38987,Goodison Park,David Coote,Informe del partido,
277,26,Sáb,08/02/2020,17:30,Brighton,0.8,1–1,0.2,Watford,30443,The American Express Community Stadium,Kevin Friend,Informe del partido,
278,26,Dom,09/02/2020,14:00,Sheffield Utd,1.9,2–1,1.4,Bournemouth,30361,Bramall Lane,Jonathan Moss,Informe del partido,
279,26,Vie,14/02/2020,20:00,Wolves,1,0–0,0.7,Leicester City,31682,Molineux Stadium,Mike Dean,Informe del partido,
280,26,Sáb,15/02/2020,12:30,Southampton,0.8,1–2,0.8,Burnley,26302,St. Mary's Stadium,Simon Hooper,Informe del partido,
281,26,Sáb,15/02/2020,17:30,Norwich City,0.3,0–1,2,Liverpool,27110,Carrow Road,Stuart Attwell,Informe del partido,
282,26,Dom,16/02/2020,14:00,Aston Villa,1.8,2–3,3.4,Tottenham,41874,Villa Park,Martin Atkinson,Informe del partido,
283,26,Dom,16/02/2020,16:30,Arsenal,2.6,4–0,0.9,Newcastle Utd,60188,Emirates Stadium,Lee Mason,Informe del partido,
284,26,Lun,17/02/2020,20:00,Chelsea,0.9,0–2,0.6,Manchester Utd,40504,Stamford Bridge,Anthony Taylor,Informe del partido,
285,26,Mié,19/02/2020,19:30,Manchester City,2.1,2–0,0.1,West Ham,52159,Etihad Stadium,Kevin Friend,Informe del partido,
286,,,,,,,,,,,,,,
287,27,Sáb,22/02/2020,12:30,Chelsea,1.7,2–1,0.2,Tottenham,40608,Stamford Bridge,Michael Oliver,Informe del partido,
288,27,Sáb,22/02/2020,15:00,Crystal Palace,1.6,1–0,0.2,Newcastle Utd,25486,Selhurst Park,Peter Bankes,Informe del partido,
289,27,Sáb,22/02/2020,15:00,Southampton,2.6,2–0,0.5,Aston Villa,31478,St. Mary's Stadium,Craig Pawson,Informe del partido,
290,27,Sáb,22/02/2020,15:00,Burnley,3.2,3–0,1.8,Bournemouth,18227,Turf Moor,Mike Dean,Informe del partido,
291,27,Sáb,22/02/2020,15:00,Sheffield Utd,1.6,1–1,1.2,Brighton,31888,Bramall Lane,Graham Scott,Informe del partido,
292,27,Sáb,22/02/2020,17:30,Leicester City,0.8,0–1,2.4,Manchester City,32068,King Power Stadium,Paul Tierney,Informe del partido,
293,27,Dom,23/02/2020,14:00,Wolves,2.9,3–0,0.4,Norwich City,31046,Molineux Stadium,Chris Kavanagh,Informe del partido,
294,27,Dom,23/02/2020,14:00,Manchester Utd,2.4,3–0,0.3,Watford,73347,Old Trafford,Martin Atkinson,Informe del partido,
295,27,Dom,23/02/2020,16:30,Arsenal,1.3,3–2,2.7,Everton,60296,Emirates Stadium,Stuart Attwell,Informe del partido,
296,27,Lun,24/02/2020,20:00,Liverpool,2.4,3–2,0.7,West Ham,53313,Anfield,Jonathan Moss,Informe del partido,
297,,,,,,,,,,,,,,
298,28,Vie,28/02/2020,20:00,Norwich City,0.6,1–0,1.3,Leicester City,27010,Carrow Road,Craig Pawson,Informe del partido,
299,28,Sáb,29/02/2020,12:30,Brighton,2.2,0–1,2.5,Crystal Palace,30124,The American Express Community Stadium,Martin Atkinson,Informe del partido,
300,28,Sáb,29/02/2020,15:00,West Ham,2.3,3–1,0.7,Southampton,59962,London Stadium,Anthony Taylor,Informe del partido,
301,28,Sáb,29/02/2020,15:00,Bournemouth,1.4,2–2,1.9,Chelsea,10667,Vitality Stadium,Andre Marriner,Informe del partido,
302,28,Sáb,29/02/2020,15:00,Newcastle Utd,1.1,0–0,0.7,Burnley,52219,St. James' Park,Andy Madley,Informe del partido,
303,28,Sáb,29/02/2020,17:30,Watford,2.3,3–0,0.3,Liverpool,21634,Vicarage Road Stadium,Michael Oliver,Informe del partido,
304,28,Dom,01/03/2020,14:00,Tottenham,1.7,2–3,2.6,Wolves,58064,Tottenham Hotspur Stadium,Stuart Attwell,Informe del partido,
305,28,Dom,01/03/2020,14:00,Everton,2.1,1–1,1.1,Manchester Utd,39374,Goodison Park,Chris Kavanagh,Informe del partido,
306,,,,,,,,,,,,,,
307,29,Sáb,07/03/2020,12:30,Liverpool,1.8,2–1,1.4,Bournemouth,53323,Anfield,Paul Tierney,Informe del partido,
308,29,Sáb,07/03/2020,15:00,Wolves,0.8,0–0,0.3,Brighton,31490,Molineux Stadium,Andre Marriner,Informe del partido,
309,29,Sáb,07/03/2020,15:00,Crystal Palace,0.8,1–0,0.6,Watford,25461,Selhurst Park,Anthony Taylor,Informe del partido,
310,29,Sáb,07/03/2020,15:00,Southampton,0.6,0–1,2.8,Newcastle Utd,30096,St. Mary's Stadium,Graham Scott,Informe del partido,
311,29,Sáb,07/03/2020,15:00,Arsenal,1.2,1–0,1.5,West Ham,60335,Emirates Stadium,Martin Atkinson,Informe del partido,
312,29,Sáb,07/03/2020,15:00,Sheffield Utd,0.9,1–0,2.4,Norwich City,31379,Bramall Lane,Simon Hooper,Informe del partido,
313,29,Sáb,07/03/2020,17:30,Burnley,3,1–1,1.2,Tottenham,20496,Turf Moor,Jonathan Moss,Informe del partido,
314,29,Dom,08/03/2020,14:00,Chelsea,1.8,4–0,0.5,Everton,40694,Stamford Bridge,Kevin Friend,Informe del partido,
315,29,Dom,08/03/2020,16:30,Manchester Utd,1.6,2–0,0.6,Manchester City,73288,Old Trafford,Mike Dean,Informe del partido,
316,29,Lun,09/03/2020,20:00,Leicester City,2.1,4–0,0.5,Aston Villa,32125,King Power Stadium,Michael Oliver,Informe del partido,
317,,,,,,,,,,,,,,
318,28,Mié,17/06/2020,18:00,Aston Villa,1.4,0–0,0.3,Sheffield Utd,,Villa Park,Michael Oliver,Informe del partido,
319,28,Mié,17/06/2020,20:15,Manchester City,2.6,3–0,0.3,Arsenal,,Etihad Stadium,Anthony Taylor,Informe del partido,
320,,,,,,,,,,,,,,
321,30,Vie,19/06/2020,18:00,Norwich City,0.6,0–3,1.7,Southampton,,Carrow Road,Kevin Friend,Informe del partido,
322,30,Vie,19/06/2020,20:15,Tottenham,0.4,1–1,1.7,Manchester Utd,,Tottenham Hotspur Stadium,Jonathan Moss,Informe del partido,
323,30,Sáb,20/06/2020,12:30,Watford,1.3,1–1,1,Leicester City,,Vicarage Road Stadium,Craig Pawson,Informe del partido,
324,30,Sáb,20/06/2020,15:00,Brighton,1,2–1,0.8,Arsenal,,The American Express Community Stadium,Martin Atkinson,Informe del partido,
325,30,Sáb,20/06/2020,17:30,West Ham,0.5,0–2,1,Wolves,,London Stadium,Anthony Taylor,Informe del partido,
326,30,Sáb,20/06/2020,19:45,Bournemouth,0.5,0–2,0.8,Crystal Palace,,Vitality Stadium,Stuart Attwell,Informe del partido,
327,30,Dom,21/06/2020,14:00,Newcastle Utd,2,3–0,0.6,Sheffield Utd,,St. James' Park,David Coote,Informe del partido,
328,30,Dom,21/06/2020,16:15,Aston Villa,1,1–2,1.1,Chelsea,,Villa Park,Paul Tierney,Informe del partido,
329,30,Dom,21/06/2020,19:00,Everton,0.9,0–0,0.7,Liverpool,,Goodison Park,Mike Dean,Informe del partido,
330,30,Lun,22/06/2020,20:00,Manchester City,2.4,5–0,0,Burnley,,Etihad Stadium,Andre Marriner,Informe del partido,
331,,,,,,,,,,,,,,
332,31,Mar,23/06/2020,18:00,Leicester City,0.6,0–0,1.1,Brighton,,King Power Stadium,Lee Mason,Informe del partido,
333,31,Mar,23/06/2020,20:15,Tottenham,2.3,2–0,1.2,West Ham,,Tottenham Hotspur Stadium,Craig Pawson,Informe del partido,
334,31,Mié,24/06/2020,18:00,Norwich City,0.4,0–1,0.8,Everton,,Carrow Road,Andy Madley,Informe del partido,
335,31,Mié,24/06/2020,18:00,Wolves,1.7,1–0,0.1,Bournemouth,,Molineux Stadium,Michael Oliver,Informe del partido,
336,31,Mié,24/06/2020,18:00,Manchester Utd,2.4,3–0,0.1,Sheffield Utd,,Old Trafford,Anthony Taylor,Informe del partido,
337,31,Mié,24/06/2020,18:00,Newcastle Utd,0.9,1–1,1.6,Aston Villa,,St. James' Park,Chris Kavanagh,Informe del partido,
338,31,Mié,24/06/2020,20:15,Liverpool,2.4,4–0,0.1,Crystal Palace,,Anfield,Martin Atkinson,Informe del partido,
339,31,Jue,25/06/2020,18:00,Southampton,0.9,0–2,1.9,Arsenal,,St. Mary's Stadium,Graham Scott,Informe del partido,
340,31,Jue,25/06/2020,18:00,Burnley,0.9,1–0,0.7,Watford,,Turf Moor,Mike Dean,Informe del partido,
341,31,Jue,25/06/2020,20:15,Chelsea,3.2,2–1,0.8,Manchester City,,Stamford Bridge,Stuart Attwell,Informe del partido,
342,,,,,,,,,,,,,,
343,32,Sáb,27/06/2020,12:30,Aston Villa,0.6,0–1,0.7,Wolves,,Villa Park,Craig Pawson,Informe del partido,
344,32,Dom,28/06/2020,16:30,Watford,0.5,1–3,1.3,Southampton,,Vicarage Road Stadium,Michael Oliver,Informe del partido,
345,32,Lun,29/06/2020,20:00,Crystal Palace,0.9,0–1,0.4,Burnley,,Selhurst Park,Simon Hooper,Informe del partido,
346,32,Mar,30/06/2020,20:15,Brighton,0.4,0–3,1,Manchester Utd,,The American Express Community Stadium,Andre Marriner,Informe del partido,
347,32,Mié,01/07/2020,18:00,Bournemouth,1.6,1–4,1.8,Newcastle Utd,,Vitality Stadium,Kevin Friend,Informe del partido,
348,32,Mié,01/07/2020,18:00,Everton,1.2,2–1,1.8,Leicester City,,Goodison Park,David Coote,Informe del partido,
349,32,Mié,01/07/2020,18:00,Arsenal,1.5,4–0,0.3,Norwich City,,Emirates Stadium,Peter Bankes,Informe del partido,
350,32,Mié,01/07/2020,20:15,West Ham,2.2,3–2,1.6,Chelsea,,London Stadium,Martin Atkinson,Informe del partido,
351,32,Jue,02/07/2020,18:00,Sheffield Utd,1.6,3–1,1.1,Tottenham,,Bramall Lane,Chris Kavanagh,Informe del partido,
352,32,Jue,02/07/2020,20:15,Manchester City,2.4,4–0,1.1,Liverpool,,Etihad Stadium,Anthony Taylor,Informe del partido,
353,,,,,,,,,,,,,,
354,33,Sáb,04/07/2020,12:30,Norwich City,0.6,0–1,1,Brighton,,Carrow Road,Stuart Attwell,Informe del partido,
355,33,Sáb,04/07/2020,15:00,Leicester City,2.8,3–0,0.8,Crystal Palace,,King Power Stadium,Jonathan Moss,Informe del partido,
356,33,Sáb,04/07/2020,15:00,Manchester Utd,2.5,5–2,1.8,Bournemouth,,Old Trafford,Mike Dean,Informe del partido,
357,33,Sáb,04/07/2020,17:30,Wolves,1.2,0–2,1.3,Arsenal,,Molineux Stadium,Michael Oliver,Informe del partido,
358,33,Sáb,04/07/2020,20:00,Chelsea,2.5,3–0,0.6,Watford,,Stamford Bridge,Kevin Friend,Informe del partido,
359,33,Dom,05/07/2020,12:00,Burnley,1.3,1–1,1.1,Sheffield Utd,,Turf Moor,Peter Bankes,Informe del partido,
360,33,Dom,05/07/2020,14:15,Newcastle Utd,1.4,2–2,2.1,West Ham,,St. James' Park,Craig Pawson,Informe del partido,
361,33,Dom,05/07/2020,16:30,Liverpool,0.7,2–0,0.7,Aston Villa,,Anfield,Paul Tierney,Informe del partido,
362,33,Dom,05/07/2020,19:00,Southampton,0.6,1–0,3.2,Manchester City,,St. Mary's Stadium,Andre Marriner,Informe del partido,
363,33,Lun,06/07/2020,20:00,Tottenham,0.5,1–0,0.5,Everton,,Tottenham Hotspur Stadium,Graham Scott,Informe del partido,
364,,,,,,,,,,,,,,
365,34,Mar,07/07/2020,18:00,Crystal Palace,1.5,2–3,1.9,Chelsea,,Selhurst Park,David Coote,Informe del partido,
366,34,Mar,07/07/2020,18:00,Watford,1.2,2–1,1.2,Norwich City,,Vicarage Road Stadium,Anthony Taylor,Informe del partido,
367,34,Mar,07/07/2020,20:15,Arsenal,1.1,1–1,0.9,Leicester City,,Emirates Stadium,Chris Kavanagh,Informe del partido,
368,34,Mié,08/07/2020,18:00,Manchester City,2.8,5–0,0.3,Newcastle Utd,,Etihad Stadium,Andy Madley,Informe del partido,
369,34,Mié,08/07/2020,18:00,West Ham,1.6,0–1,0.9,Burnley,,London Stadium,Michael Oliver,Informe del partido,
370,34,Mié,08/07/2020,18:00,Sheffield Utd,0.5,1–0,0.4,Wolves,,Bramall Lane,Martin Atkinson,Informe del partido,
371,34,Mié,08/07/2020,20:15,Brighton,2.4,1–3,2.5,Liverpool,,The American Express Community Stadium,Craig Pawson,Informe del partido,
372,34,Jue,09/07/2020,18:00,Everton,1,1–1,2.4,Southampton,,Goodison Park,Lee Mason,Informe del partido,
373,34,Jue,09/07/2020,18:00,Bournemouth,1.4,0–0,0.5,Tottenham,,Vitality Stadium,Paul Tierney,Informe del partido,
374,34,Jue,09/07/2020,20:15,Aston Villa,0.5,0–3,2.3,Manchester Utd,,Villa Park,Jonathan Moss,Informe del partido,
375,,,,,,,,,,,,,,
376,35,Sáb,11/07/2020,12:30,Norwich City,0.6,0–4,3.5,West Ham,,Carrow Road,Kevin Friend,Informe del partido,
377,35,Sáb,11/07/2020,12:30,Watford,3.4,2–1,1.3,Newcastle Utd,,Vicarage Road Stadium,Craig Pawson,Informe del partido,
378,35,Sáb,11/07/2020,15:00,Liverpool,1.7,1–1,0.4,Burnley,,Anfield,David Coote,Informe del partido,
379,35,Sáb,11/07/2020,17:30,Sheffield Utd,2.3,3–0,1.2,Chelsea,,Bramall Lane,Andre Marriner,Informe del partido,
380,35,Sáb,11/07/2020,20:00,Brighton,0.2,0–5,4.4,Manchester City,,The American Express Community Stadium,Graham Scott,Informe del partido,
381,35,Dom,12/07/2020,12:00,Wolves,2.6,3–0,0.3,Everton,,Molineux Stadium,Anthony Taylor,Informe del partido,
382,35,Dom,12/07/2020,14:15,Aston Villa,1.7,2–0,1.2,Crystal Palace,,Villa Park,Martin Atkinson,Informe del partido,
383,35,Dom,12/07/2020,16:30,Tottenham,2,2–1,0.6,Arsenal,,Tottenham Hotspur Stadium,Michael Oliver,Informe del partido,
384,35,Dom,12/07/2020,19:00,Bournemouth,2.5,4–1,1.5,Leicester City,,Vitality Stadium,Stuart Attwell,Informe del partido,
385,35,Lun,13/07/2020,20:00,Manchester Utd,1.5,2–2,1.6,Southampton,,Old Trafford,Chris Kavanagh,Informe del partido,
386,,,,,,,,,,,,,,
387,36,Mar,14/07/2020,20:15,Chelsea,2.5,1–0,0.1,Norwich City,,Stamford Bridge,Jonathan Moss,Informe del partido,
388,36,Mié,15/07/2020,18:00,Newcastle Utd,1.1,1–3,1.5,Tottenham,,St. James' Park,David Coote,Informe del partido,
389,36,Mié,15/07/2020,18:00,Burnley,1.9,1–1,1.2,Wolves,,Turf Moor,Mike Dean,Informe del partido,
390,36,Mié,15/07/2020,18:00,Manchester City,0.7,2–1,1.6,Bournemouth,,Etihad Stadium,Lee Mason,Informe del partido,
391,36,Mié,15/07/2020,20:15,Arsenal,0.8,2–1,2.1,Liverpool,,Emirates Stadium,Paul Tierney,Informe del partido,
392,36,Jue,16/07/2020,18:00,Leicester City,2.6,2–0,0.7,Sheffield Utd,,King Power Stadium,Michael Oliver,Informe del partido,
393,36,Jue,16/07/2020,18:00,Everton,0.9,1–1,1.3,Aston Villa,,Goodison Park,Anthony Taylor,Informe del partido,
394,36,Jue,16/07/2020,20:15,Crystal Palace,0.6,0–2,2.2,Manchester Utd,,Selhurst Park,Graham Scott,Informe del partido,
395,36,Jue,16/07/2020,20:15,Southampton,2.5,1–1,0.7,Brighton,,St. Mary's Stadium,Andre Marriner,Informe del partido,
396,36,Vie,17/07/2020,20:00,West Ham,0.9,3–1,1.5,Watford,,London Stadium,Martin Atkinson,Informe del partido,
397,,,,,,,,,,,,,,
398,37,Sáb,18/07/2020,17:30,Norwich City,0.3,0–2,1.8,Burnley,,Carrow Road,Kevin Friend,Informe del partido,
399,37,Dom,19/07/2020,14:00,Bournemouth,0.5,0–2,2.5,Southampton,,Vitality Stadium,Craig Pawson,Informe del partido,
400,37,Dom,19/07/2020,16:00,Tottenham,0.8,3–0,1.7,Leicester City,,Tottenham Hotspur Stadium,Anthony Taylor,Informe del partido,
401,37,Lun,20/07/2020,18:00,Brighton,0.8,0–0,0.9,Newcastle Utd,,The American Express Community Stadium,Simon Hooper,Informe del partido,
402,37,Lun,20/07/2020,18:00,Sheffield Utd,0.5,0–1,0.4,Everton,,Bramall Lane,Stuart Attwell,Informe del partido,
403,37,Lun,20/07/2020,20:15,Wolves,1.5,2–0,0.4,Crystal Palace,,Molineux Stadium,Peter Bankes,Informe del partido,
404,37,Mar,21/07/2020,18:00,Watford,0.1,0–4,3.3,Manchester City,,Vicarage Road Stadium,Michael Oliver,Informe del partido,
405,37,Mar,21/07/2020,20:15,Aston Villa,0.6,1–0,0.6,Arsenal,,Villa Park,Chris Kavanagh,Informe del partido,
406,37,Mié,22/07/2020,18:00,Manchester Utd,0.6,1–1,1.5,West Ham,,Old Trafford,Paul Tierney,Informe del partido,
407,37,Mié,22/07/2020,20:15,Liverpool,1.7,5–3,2.4,Chelsea,,Anfield,Andre Marriner,Informe del partido,
408,,,,,,,,,,,,,,
409,38,Dom,26/07/2020,16:00,Everton,1.7,1–3,1.5,Bournemouth,,Goodison Park,Chris Kavanagh,Informe del partido,
410,38,Dom,26/07/2020,16:00,Leicester City,0.8,0–2,1.3,Manchester Utd,,King Power Stadium,Martin Atkinson,Informe del partido,
411,38,Dom,26/07/2020,16:00,Southampton,1.7,3–1,1.4,Sheffield Utd,,St. Mary's Stadium,Peter Bankes,Informe del partido,
412,38,Dom,26/07/2020,16:00,Arsenal,2.3,3–2,3.7,Watford,,Emirates Stadium,Mike Dean,Informe del partido,
413,38,Dom,26/07/2020,16:00,Crystal Palace,0.8,1–1,0.3,Tottenham,,Selhurst Park,Andre Marriner,Informe del partido,
414,38,Dom,26/07/2020,16:00,Manchester City,3.2,5–0,1,Norwich City,,Etihad Stadium,Craig Pawson,Informe del partido,
415,38,Dom,26/07/2020,16:00,Chelsea,1.4,2–0,0.2,Wolves,,Stamford Bridge,Stuart Attwell,Informe del partido,
416,38,Dom,26/07/2020,16:00,West Ham,0.9,1–1,1,Aston Villa,,London Stadium,Michael Oliver,Informe del partido,
417,38,Dom,26/07/2020,16:00,Newcastle Utd,0.1,1–3,0.6,Liverpool,,St. James' Park,Anthony Taylor,Informe del partido,
418,38,Dom,26/07/2020,16:00,Burnley,1.7,1–2,1.2,Brighton,,Turf Moor,Jonathan Moss,Informe del partido,
419,1,Sáb,12/09/2020,12:30,Fulham,0.1,0–3,1.9,Arsenal,,Craven Cottage,Chris Kavanagh,Informe del partido,
420,1,Sáb,12/09/2020,15:00,Crystal Palace,1.1,1–0,0.9,Southampton,,Selhurst Park,Jonathan Moss,Informe del partido,
421,1,Sáb,12/09/2020,17:30,Liverpool,2.7,4–3,0.3,Leeds United,,Anfield,Michael Oliver,Informe del partido,
422,1,Sáb,12/09/2020,20:00,West Ham,1,0–2,1.6,Newcastle Utd,,London Stadium,Stuart Attwell,Informe del partido,
423,1,Dom,13/09/2020,14:00,West Brom,0.4,0–3,2.8,Leicester City,,The Hawthorns,Anthony Taylor,Informe del partido,
424,1,Dom,13/09/2020,16:30,Tottenham,1.1,0–1,1.2,Everton,,Tottenham Hotspur Stadium,Martin Atkinson,Informe del partido,
425,1,Lun,14/09/2020,18:00,Sheffield Utd,1,0–2,1.4,Wolves,,Bramall Lane,Mike Dean,Informe del partido,
426,1,Lun,14/09/2020,20:15,Brighton,1.1,1–3,1.2,Chelsea,,The American Express Community Stadium,Craig Pawson,Informe del partido,
427,,,,,,,,,,,,,,
428,2,Sáb,19/09/2020,12:30,Everton,3.9,5–2,0.3,West Brom,,Goodison Park,Mike Dean,Informe del partido,
429,2,Sáb,19/09/2020,15:00,Leeds United,1.4,4–3,1.7,Fulham,,Elland Road,Anthony Taylor,Informe del partido,
430,2,Sáb,19/09/2020,17:30,Manchester Utd,1.2,1–3,1.6,Crystal Palace,,Old Trafford,Martin Atkinson,Informe del partido,
431,2,Sáb,19/09/2020,20:00,Arsenal,1.1,2–1,2,West Ham,,Emirates Stadium,Michael Oliver,Informe del partido,
432,2,Dom,20/09/2020,12:00,Southampton,2,2–5,2.1,Tottenham,,St. Mary's Stadium,David Coote,Informe del partido,
433,2,Dom,20/09/2020,14:00,Newcastle Utd,0.5,0–3,1.8,Brighton,,St. James' Park,Kevin Friend,Informe del partido,
434,2,Dom,20/09/2020,16:30,Chelsea,0.9,0–2,2.1,Liverpool,,Stamford Bridge,Paul Tierney,Informe del partido,
435,2,Dom,20/09/2020,19:00,Leicester City,1.2,4–2,1.4,Burnley,,King Power Stadium,Lee Mason,Informe del partido,
436,2,Lun,21/09/2020,18:00,Aston Villa,1,1–0,0.9,Sheffield Utd,,Villa Park,Graham Scott,Informe del partido,
437,2,Lun,21/09/2020,20:15,Wolves,0.6,1–3,1.9,Manchester City,,Molineux Stadium,Andre Marriner,Informe del partido,
438,,,,,,,,,,,,,,
439,3,Sáb,26/09/2020,12:30,Brighton,2.5,2–3,1.5,Manchester Utd,,The American Express Community Stadium,Chris Kavanagh,Informe del partido,
440,3,Sáb,26/09/2020,15:00,Crystal Palace,0.4,1–2,1.9,Everton,,Selhurst Park,Kevin Friend,Informe del partido,
441,3,Sáb,26/09/2020,17:30,West Brom,0.6,3–3,2,Chelsea,,The Hawthorns,Jonathan Moss,Informe del partido,
442,3,Sáb,26/09/2020,20:00,Burnley,0.5,0–1,0.6,Southampton,,Turf Moor,Andre Marriner,Informe del partido,
443,3,Dom,27/09/2020,12:00,Sheffield Utd,1.4,0–1,1.2,Leeds United,,Bramall Lane,Paul Tierney,Informe del partido,
444,3,Dom,27/09/2020,14:00,Tottenham,2.9,1–1,1,Newcastle Utd,,Tottenham Hotspur Stadium,Peter Bankes,Informe del partido,
445,3,Dom,27/09/2020,16:30,Manchester City,0.9,2–5,2.9,Leicester City,,Etihad Stadium,Michael Oliver,Informe del partido,
446,3,Dom,27/09/2020,19:00,West Ham,2.4,4–0,0.5,Wolves,,London Stadium,Martin Atkinson,Informe del partido,
447,3,Lun,28/09/2020,17:45,Fulham,0.7,0–3,1.4,Aston Villa,,Craven Cottage,Stuart Attwell,Informe del partido,
448,3,Lun,28/09/2020,20:00,Liverpool,2.7,3–1,1.3,Arsenal,,Anfield,Craig Pawson,Informe del partido,
449,,,,,,,,,,,,,,
450,4,Sáb,03/10/2020,12:30,Chelsea,2.7,4–0,0.2,Crystal Palace,,Stamford Bridge,Michael Oliver,Informe del partido,
451,4,Sáb,03/10/2020,15:00,Everton,1.6,4–2,1.3,Brighton,,Goodison Park,Simon Hooper,Informe del partido,
452,4,Sáb,03/10/2020,17:30,Leeds United,2.4,1–1,1.2,Manchester City,,Elland Road,Mike Dean,Informe del partido,
453,4,Sáb,03/10/2020,20:00,Newcastle Utd,1.8,3–1,0.4,Burnley,,St. James' Park,David Coote,Informe del partido,
454,4,Dom,04/10/2020,12:00,Southampton,1.2,2–0,0.2,West Brom,,St. Mary's Stadium,Chris Kavanagh,Informe del partido,
455,4,Dom,04/10/2020,12:00,Leicester City,0.6,0–3,2,West Ham,,King Power Stadium,Andy Madley,Informe del partido,
456,4,Dom,04/10/2020,14:00,Arsenal,0.6,2–1,0.2,Sheffield Utd,,Emirates Stadium,Lee Mason,Informe del partido,
457,4,Dom,04/10/2020,14:00,Wolves,1.2,1–0,0.9,Fulham,,Molineux Stadium,Darren England,Informe del partido,
458,4,Dom,04/10/2020,16:30,Manchester Utd,0.9,1–6,3.4,Tottenham,,Old Trafford,Anthony Taylor,Informe del partido,
459,4,Dom,04/10/2020,19:15,Aston Villa,2.7,7–2,1.8,Liverpool,,Villa Park,Martin Atkinson,Informe del partido,
460,,,,,,,,,,,,,,
461,5,Sáb,17/10/2020,12:30,Everton,1.2,2–2,2.6,Liverpool,,Goodison Park,Michael Oliver,Informe del partido,
462,5,Sáb,17/10/2020,15:00,Chelsea,1.8,3–3,1.9,Southampton,,Stamford Bridge,Peter Bankes,Informe del partido,
463,5,Sáb,17/10/2020,17:30,Manchester City,1.3,1–0,0.9,Arsenal,,Etihad Stadium,Chris Kavanagh,Informe del partido,
464,5,Sáb,17/10/2020,20:00,Newcastle Utd,0.9,1–4,2.3,Manchester Utd,,St. James' Park,Craig Pawson,Informe del partido,
465,5,Dom,18/10/2020,12:00,Sheffield Utd,1.7,1–1,1.5,Fulham,,Bramall Lane,Andre Marriner,Informe del partido,
466,5,Dom,18/10/2020,14:00,Crystal Palace,0.8,1–1,1.7,Brighton,,Selhurst Park,Stuart Attwell,Informe del partido,
467,5,Dom,18/10/2020,16:30,Tottenham,1.7,3–3,1.9,West Ham,,Tottenham Hotspur Stadium,Paul Tierney,Informe del partido,
468,5,Dom,18/10/2020,19:15,Leicester City,0.6,0–1,0.7,Aston Villa,,King Power Stadium,Jonathan Moss,Informe del partido,
469,5,Lun,19/10/2020,17:30,West Brom,0.8,0–0,1.1,Burnley,,The Hawthorns,Anthony Taylor,Informe del partido,
470,5,Lun,19/10/2020,20:00,Leeds United,1,0–1,0.4,Wolves,,Elland Road,David Coote,Informe del partido,
471,,,,,,,,,,,,,,
472,6,Vie,23/10/2020,20:00,Aston Villa,1.4,0–3,2.7,Leeds United,,Villa Park,Paul Tierney,Informe del partido,
473,6,Sáb,24/10/2020,12:30,West Ham,0.3,1–1,1,Manchester City,,London Stadium,Anthony Taylor,Informe del partido,
474,6,Sáb,24/10/2020,15:00,Fulham,1.1,1–2,2.5,Crystal Palace,,Craven Cottage,Graham Scott,Informe del partido,
475,6,Sáb,24/10/2020,17:30,Manchester Utd,0.6,0–0,0.2,Chelsea,,Old Trafford,Martin Atkinson,Informe del partido,
476,6,Sáb,24/10/2020,20:00,Liverpool,2.3,2–1,1.6,Sheffield Utd,,Anfield,Mike Dean,Informe del partido,
477,6,Dom,25/10/2020,14:00,Southampton,0.7,2–0,0.4,Everton,,St. Mary's Stadium,Kevin Friend,Informe del partido,
478,6,Dom,25/10/2020,16:30,Wolves,0.7,1–1,0.3,Newcastle Utd,,Molineux Stadium,Lee Mason,Informe del partido,
479,6,Dom,25/10/2020,19:15,Arsenal,0.7,0–1,0.7,Leicester City,,Emirates Stadium,Craig Pawson,Informe del partido,
480,6,Lun,26/10/2020,17:30,Brighton,0.5,1–1,0.4,West Brom,,The American Express Community Stadium,Jonathan Moss,Informe del partido,
481,6,Lun,26/10/2020,20:00,Burnley,1,0–1,0.6,Tottenham,,Turf Moor,Michael Oliver,Informe del partido,
482,,,,,,,,,,,,,,
483,7,Vie,30/10/2020,20:00,Wolves,1.3,2–0,0.7,Crystal Palace,,Molineux Stadium,Martin Atkinson,Informe del partido,
484,7,Sáb,31/10/2020,12:30,Sheffield Utd,0.5,0–1,1.6,Manchester City,,Bramall Lane,Michael Oliver,Informe del partido,
485,7,Sáb,31/10/2020,15:00,Burnley,0.5,0–3,0.9,Chelsea,,Turf Moor,David Coote,Informe del partido,
486,7,Sáb,31/10/2020,17:30,Liverpool,1.7,2–1,0.3,West Ham,,Anfield,Kevin Friend,Informe del partido,
487,7,Dom,01/11/2020,12:00,Aston Villa,1.9,3–4,0.7,Southampton,,Villa Park,Darren England,Informe del partido,
488,7,Dom,01/11/2020,14:00,Newcastle Utd,2.9,2–1,1.5,Everton,,St. James' Park,Stuart Attwell,Informe del partido,
489,7,Dom,01/11/2020,16:30,Manchester Utd,0.4,0–1,1,Arsenal,,Old Trafford,Mike Dean,Informe del partido,
490,7,Dom,01/11/2020,19:15,Tottenham,1.7,2–1,0.3,Brighton,,Tottenham Hotspur Stadium,Graham Scott,Informe del partido,
491,7,Lun,02/11/2020,17:30,Fulham,1.5,2–0,0.5,West Brom,,Craven Cottage,Simon Hooper,Informe del partido,
492,7,Lun,02/11/2020,20:00,Leeds United,2.1,1–4,2.9,Leicester City,,Elland Road,Andre Marriner,Informe del partido,
493,,,,,,,,,,,,,,
494,8,Vie,06/11/2020,17:30,Brighton,1.5,0–0,0.5,Burnley,,The American Express Community Stadium,Mike Dean,Informe del partido,
495,8,Vie,06/11/2020,20:00,Southampton,0.7,2–0,0.3,Newcastle Utd,,St. Mary's Stadium,Peter Bankes,Informe del partido,
496,8,Sáb,07/11/2020,12:30,Everton,0.4,1–3,1.5,Manchester Utd,,Goodison Park,Paul Tierney,Informe del partido,
497,8,Sáb,07/11/2020,15:00,Crystal Palace,0.9,4–1,0.8,Leeds United,,Selhurst Park,Chris Kavanagh,Informe del partido,
498,8,Sáb,07/11/2020,17:30,Chelsea,2.2,4–1,0.4,Sheffield Utd,,Stamford Bridge,Jonathan Moss,Informe del partido,
499,8,Sáb,07/11/2020,20:00,West Ham,1.3,1–0,1.7,Fulham,,London Stadium,Robert Jones,Informe del partido,
500,8,Dom,08/11/2020,12:00,West Brom,0.8,0–1,1.9,Tottenham,,The Hawthorns,Andy Madley,Informe del partido,
501,8,Dom,08/11/2020,14:00,Leicester City,2,1–0,0.8,Wolves,,King Power Stadium,Anthony Taylor,Informe del partido,
502,8,Dom,08/11/2020,16:30,Manchester City,1.4,1–1,1.2,Liverpool,,Etihad Stadium,Craig Pawson,Informe del partido,
503,8,Dom,08/11/2020,19:15,Arsenal,1.5,0–3,1.8,Aston Villa,,Emirates Stadium,Martin Atkinson,Informe del partido,
504,,,,,,,,,,,,,,
505,9,Sáb,21/11/2020,12:30,Newcastle Utd,0.3,0–2,1.5,Chelsea,,St. James' Park,Craig Pawson,Informe del partido,
506,9,Sáb,21/11/2020,15:00,Aston Villa,1.5,1–2,1.4,Brighton,,Villa Park,Michael Oliver,Informe del partido,
507,9,Sáb,21/11/2020,17:30,Tottenham,0.7,2–0,1.4,Manchester City,,Tottenham Hotspur Stadium,Mike Dean,Informe del partido,
508,9,Sáb,21/11/2020,20:00,Manchester Utd,2.4,1–0,0.6,West Brom,,Old Trafford,David Coote,Informe del partido,
509,9,Dom,22/11/2020,12:00,Fulham,1.9,2–3,2,Everton,,Craven Cottage,Andy Madley,Informe del partido,
510,9,Dom,22/11/2020,14:00,Sheffield Utd,0.9,0–1,2.1,West Ham,,Bramall Lane,Martin Atkinson,Informe del partido,
511,9,Dom,22/11/2020,16:30,Leeds United,1.8,0–0,0.9,Arsenal,,Elland Road,Anthony Taylor,Informe del partido,
512,9,Dom,22/11/2020,19:15,Liverpool,3.1,3–0,1.6,Leicester City,,Anfield,Chris Kavanagh,Informe del partido,
513,9,Lun,23/11/2020,17:30,Burnley,1.5,1–0,1.5,Crystal Palace,,Turf Moor,Kevin Friend,Informe del partido,
514,9,Lun,23/11/2020,20:00,Wolves,1.5,1–1,1,Southampton,,Molineux Stadium,Andre Marriner,Informe del partido,
515,,,,,,,,,,,,,,
516,10,Vie,27/11/2020,20:00,Crystal Palace,0.6,0–2,1.3,Newcastle Utd,,Selhurst Park,Graham Scott,Informe del partido,
517,10,Sáb,28/11/2020,12:30,Brighton,2.3,1–1,0.2,Liverpool,,The American Express Community Stadium,Stuart Attwell,Informe del partido,
518,10,Sáb,28/11/2020,15:00,Manchester City,1.7,5–0,0.5,Burnley,,Etihad Stadium,Lee Mason,Informe del partido,
519,10,Sáb,28/11/2020,17:30,Everton,1.2,0–1,2.9,Leeds United,,Goodison Park,Chris Kavanagh,Informe del partido,
520,10,Sáb,28/11/2020,20:00,West Brom,1.2,1–0,2.9,Sheffield Utd,,The Hawthorns,Mike Dean,Informe del partido,
521,10,Dom,29/11/2020,14:00,Southampton,0.5,2–3,2.1,Manchester Utd,,St. Mary's Stadium,Jonathan Moss,Informe del partido,
522,10,Dom,29/11/2020,16:30,Chelsea,0.8,0–0,0.2,Tottenham,,Stamford Bridge,Paul Tierney,Informe del partido,
523,10,Dom,29/11/2020,19:15,Arsenal,1.5,1–2,1.8,Wolves,,Emirates Stadium,Michael Oliver,Informe del partido,
524,10,Lun,30/11/2020,17:30,Leicester City,1.2,1–2,2.2,Fulham,,King Power Stadium,Simon Hooper,Informe del partido,
525,10,Lun,30/11/2020,20:00,West Ham,0.4,2–1,2.5,Aston Villa,,London Stadium,Peter Bankes,Informe del partido,
526,,,,,,,,,,,,,,
527,11,Sáb,05/12/2020,12:30,Burnley,0.8,1–1,2.2,Everton,,Turf Moor,Anthony Taylor,Informe del partido,
528,11,Sáb,05/12/2020,15:00,Manchester City,2.9,2–0,0.3,Fulham,,Etihad Stadium,Jonathan Moss,Informe del partido,
529,11,Sáb,05/12/2020,17:30,West Ham,2,1–3,1.7,Manchester Utd,2000,London Stadium,Andre Marriner,Informe del partido,
530,11,Sáb,05/12/2020,20:00,Chelsea,4.1,3–1,0.8,Leeds United,2000,Stamford Bridge,Kevin Friend,Informe del partido,
531,11,Dom,06/12/2020,12:00,West Brom,0.7,1–5,1.6,Crystal Palace,,The Hawthorns,Paul Tierney,Informe del partido,
532,11,Dom,06/12/2020,14:15,Sheffield Utd,0.2,1–2,1.4,Leicester City,,Bramall Lane,Stuart Attwell,Informe del partido,
533,11,Dom,06/12/2020,16:30,Tottenham,0.3,2–0,0.6,Arsenal,2000,Tottenham Hotspur Stadium,Martin Atkinson,Informe del partido,
534,11,Dom,06/12/2020,19:15,Liverpool,1.2,4–0,0.4,Wolves,2000,Anfield,Craig Pawson,Informe del partido,
535,11,Lun,07/12/2020,20:00,Brighton,1.9,1–2,1.4,Southampton,2000,The American Express Community Stadium,David Coote,Informe del partido,
536,,,,,,,,,,,,,,
537,12,Vie,11/12/2020,20:00,Leeds United,1.6,1–2,1.3,West Ham,,Elland Road,Michael Oliver,Informe del partido,
538,12,Sáb,12/12/2020,12:30,Wolves,1.1,0–1,1.4,Aston Villa,,Molineux Stadium,Mike Dean,Informe del partido,
539,12,Sáb,12/12/2020,15:00,Newcastle Utd,0.8,2–1,0.6,West Brom,,St. James' Park,Darren England,Informe del partido,
540,12,Sáb,12/12/2020,17:30,Manchester Utd,0.6,0–0,1.3,Manchester City,,Old Trafford,Chris Kavanagh,Informe del partido,
541,12,Sáb,12/12/2020,20:00,Everton,1.2,1–0,0.7,Chelsea,2000,Goodison Park,Jonathan Moss,Informe del partido,
542,12,Dom,13/12/2020,12:00,Southampton,2,3–0,0.3,Sheffield Utd,2000,St. Mary's Stadium,Andy Madley,Informe del partido,
543,12,Dom,13/12/2020,14:15,Crystal Palace,1.6,1–1,0.9,Tottenham,2000,Selhurst Park,Kevin Friend,Informe del partido,
544,12,Dom,13/12/2020,16:30,Fulham,1.5,1–1,1.8,Liverpool,2000,Craven Cottage,Andre Marriner,Informe del partido,
545,12,Dom,13/12/2020,19:15,Leicester City,1.5,3–0,0.9,Brighton,,King Power Stadium,Martin Atkinson,Informe del partido,
546,12,Dom,13/12/2020,19:15,Arsenal,1.6,0–1,1.4,Burnley,2000,Emirates Stadium,Graham Scott,Informe del partido,
547,,,,,,,,,,,,,,
548,13,Mar,15/12/2020,18:00,Wolves,0.5,2–1,1,Chelsea,,Molineux Stadium,Stuart Attwell,Informe del partido,
549,13,Mar,15/12/2020,20:00,Manchester City,2.2,1–1,0.4,West Brom,,Etihad Stadium,Peter Bankes,Informe del partido,
550,13,Mié,16/12/2020,18:00,Arsenal,0.6,1–1,1.2,Southampton,,Emirates Stadium,Paul Tierney,Informe del partido,
551,13,Mié,16/12/2020,18:00,Leicester City,0.8,0–2,1.4,Everton,,King Power Stadium,Lee Mason,Informe del partido,
552,13,Mié,16/12/2020,18:00,Leeds United,2.7,5–2,1.5,Newcastle Utd,,Elland Road,Simon Hooper,Informe del partido,
553,13,Mié,16/12/2020,20:00,Liverpool,1,2–1,1.1,Tottenham,2000,Anfield,Anthony Taylor,Informe del partido,
554,13,Mié,16/12/2020,20:00,West Ham,0.4,1–1,1.1,Crystal Palace,,London Stadium,David Coote,Informe del partido,
555,13,Mié,16/12/2020,20:00,Fulham,1,0–0,0.5,Brighton,,Craven Cottage,Robert Jones,Informe del partido,
556,13,Jue,17/12/2020,18:00,Aston Villa,1.5,0–0,0.3,Burnley,,Villa Park,Craig Pawson,Informe del partido,
557,13,Jue,17/12/2020,20:00,Sheffield Utd,1.5,2–3,1.9,Manchester Utd,,Bramall Lane,Michael Oliver,Informe del partido,
558,,,,,,,,,,,,,,
559,14,Sáb,19/12/2020,12:30,Crystal Palace,0.3,0–7,2.5,Liverpool,,Selhurst Park,Jonathan Moss,Informe del partido,
560,14,Sáb,19/12/2020,15:00,Southampton,0.7,0–1,0.9,Manchester City,,St. Mary's Stadium,Mike Dean,Informe del partido,
561,14,Sáb,19/12/2020,17:30,Everton,0.6,2–1,1.4,Arsenal,,Goodison Park,Andre Marriner,Informe del partido,
562,14,Sáb,19/12/2020,20:00,Newcastle Utd,1.4,1–1,1,Fulham,,St. James' Park,Graham Scott,Informe del partido,
563,14,Dom,20/12/2020,12:00,Brighton,2.8,1–1,0.5,Sheffield Utd,,The American Express Community Stadium,Peter Bankes,Informe del partido,
564,14,Dom,20/12/2020,14:15,Tottenham,0.7,0–2,1.7,Leicester City,,Tottenham Hotspur Stadium,Craig Pawson,Informe del partido,
565,14,Dom,20/12/2020,16:30,Manchester Utd,3.6,6–2,1.8,Leeds United,,Old Trafford,Anthony Taylor,Informe del partido,
566,14,Dom,20/12/2020,19:15,West Brom,0,0–3,2.4,Aston Villa,,The Hawthorns,Martin Atkinson,Informe del partido,
567,14,Lun,21/12/2020,17:30,Burnley,1.7,2–1,1.5,Wolves,,Turf Moor,Lee Mason,Informe del partido,
568,14,Lun,21/12/2020,20:00,Chelsea,2,3–0,0.4,West Ham,,Stamford Bridge,Chris Kavanagh,Informe del partido,
569,,,,,,,,,,,,,,
570,15,Sáb,26/12/2020,12:30,Leicester City,0.9,2–2,1.7,Manchester Utd,,King Power Stadium,Mike Dean,Informe del partido,
571,15,Sáb,26/12/2020,15:00,Aston Villa,3.9,3–0,0.9,Crystal Palace,,Villa Park,Anthony Taylor,Informe del partido,
572,15,Sáb,26/12/2020,15:00,Fulham,0.7,0–0,0.2,Southampton,,Craven Cottage,Darren England,Informe del partido,
573,15,Sáb,26/12/2020,17:30,Arsenal,2,3–1,2.6,Chelsea,,Emirates Stadium,Michael Oliver,Informe del partido,
574,15,Sáb,26/12/2020,20:00,Sheffield Utd,1.4,0–1,0.7,Everton,,Bramall Lane,David Coote,Informe del partido,
575,15,Sáb,26/12/2020,20:00,Manchester City,3,2–0,0.3,Newcastle Utd,,Etihad Stadium,Andre Marriner,Informe del partido,
576,15,Dom,27/12/2020,12:00,Leeds United,1.9,1–0,1.5,Burnley,,Elland Road,Robert Jones,Informe del partido,
577,15,Dom,27/12/2020,14:15,West Ham,1.3,2–2,1.1,Brighton,,London Stadium,Simon Hooper,Informe del partido,
578,15,Dom,27/12/2020,16:30,Liverpool,1.5,1–1,0.6,West Brom,2000,Anfield,Kevin Friend,Informe del partido,
579,15,Dom,27/12/2020,19:15,Wolves,0.9,1–1,0.4,Tottenham,,Molineux Stadium,Paul Tierney,Informe del partido,
580,,,,,,,,,,,,,,
581,16,Lun,28/12/2020,15:00,Crystal Palace,0.5,1–1,1.9,Leicester City,,Selhurst Park,Graham Scott,Informe del partido,
582,16,Lun,28/12/2020,17:30,Chelsea,1.7,1–1,0.7,Aston Villa,,Stamford Bridge,Stuart Attwell,Informe del partido,
583,16,Mar,29/12/2020,18:00,West Brom,0.5,0–5,1.2,Leeds United,,The Hawthorns,Lee Mason,Informe del partido,
584,16,Mar,29/12/2020,18:00,Southampton,0.6,0–0,1.2,West Ham,,St. Mary's Stadium,Andy Madley,Informe del partido,
585,16,Mar,29/12/2020,18:00,Burnley,1,1–0,0.7,Sheffield Utd,,Turf Moor,Chris Kavanagh,Informe del partido,
586,16,Mar,29/12/2020,18:00,Brighton,0.8,0–1,1.1,Arsenal,,The American Express Community Stadium,Martin Atkinson,Informe del partido,
587,16,Mar,29/12/2020,20:00,Manchester Utd,1.5,1–0,0.5,Wolves,,Old Trafford,Jonathan Moss,Informe del partido,
588,16,Mié,30/12/2020,20:00,Newcastle Utd,0.5,0–0,1.4,Liverpool,,St. James' Park,Paul Tierney,Informe del partido,
589,,,,,,,,,,,,,,
590,17,Vie,01/01/2021,17:30,Everton,0.4,0–1,1.3,West Ham,,Goodison Park,Kevin Friend,Informe del partido,
591,17,Vie,01/01/2021,20:00,Manchester Utd,2.1,2–1,1.4,Aston Villa,,Old Trafford,Michael Oliver,Informe del partido,
592,17,Sáb,02/01/2021,12:30,Tottenham,2.6,3–0,1.1,Leeds United,,Tottenham Hotspur Stadium,David Coote,Informe del partido,
593,17,Sáb,02/01/2021,15:00,Crystal Palace,0.6,2–0,0.4,Sheffield Utd,,Selhurst Park,Stuart Attwell,Informe del partido,
594,17,Sáb,02/01/2021,17:30,Brighton,2.2,3–3,1.6,Wolves,,The American Express Community Stadium,Andy Madley,Informe del partido,
595,17,Sáb,02/01/2021,20:00,West Brom,1,0–4,3.7,Arsenal,,The Hawthorns,Martin Atkinson,Informe del partido,
596,17,Dom,03/01/2021,14:15,Newcastle Utd,0.5,1–2,0.6,Leicester City,,St. James' Park,Robert Jones,Informe del partido,
597,17,Dom,03/01/2021,16:30,Chelsea,0.8,1–3,2.7,Manchester City,,Stamford Bridge,Anthony Taylor,Informe del partido,
598,17,Lun,04/01/2021,20:00,Southampton,0.4,1–0,1.5,Liverpool,,St. Mary's Stadium,Andre Marriner,Informe del partido,
599,,,,,,,,,,,,,,
600,18,Mar,12/01/2021,18:00,Sheffield Utd,2.1,1–0,0.6,Newcastle Utd,,Bramall Lane,Andy Madley,Informe del partido,
601,,,,,,,,,,,,,,
602,1,Mar,12/01/2021,20:15,Burnley,0.9,0–1,1.2,Manchester Utd,,Turf Moor,Kevin Friend,Informe del partido,
603,,,,,,,,,,,,,,
604,18,Mar,12/01/2021,20:15,Wolves,0.7,1–2,0.6,Everton,,Molineux Stadium,Martin Atkinson,Informe del partido,
605,18,Mié,13/01/2021,18:00,Manchester City,2,1–0,0.2,Brighton,,Etihad Stadium,Darren England,Informe del partido,
606,,,,,,,,,,,,,,
607,16,Mié,13/01/2021,20:15,Tottenham,2.4,1–1,1.1,Fulham,,Tottenham Hotspur Stadium,Paul Tierney,Informe del partido,
608,,,,,,,,,,,,,,
609,18,Jue,14/01/2021,20:00,Arsenal,0.4,0–0,0.8,Crystal Palace,,Emirates Stadium,Andre Marriner,Informe del partido,
610,,,,,,,,,,,,,,
611,19,Sáb,16/01/2021,12:30,Wolves,1.5,2–3,2.4,West Brom,,Molineux Stadium,Michael Oliver,Informe del partido,
612,19,Sáb,16/01/2021,15:00,West Ham,1.7,1–0,0.5,Burnley,,London Stadium,Chris Kavanagh,Informe del partido,
613,19,Sáb,16/01/2021,15:00,Leeds United,0.3,0–1,1.4,Brighton,,Elland Road,Kevin Friend,Informe del partido,
614,19,Sáb,16/01/2021,17:30,Fulham,0.7,0–1,1.6,Chelsea,,Craven Cottage,Peter Bankes,Informe del partido,
615,19,Sáb,16/01/2021,20:00,Leicester City,2.2,2–0,0.6,Southampton,,King Power Stadium,Stuart Attwell,Informe del partido,
616,19,Dom,17/01/2021,14:00,Sheffield Utd,0.9,1–3,1,Tottenham,,Bramall Lane,Andre Marriner,Informe del partido,
617,19,Dom,17/01/2021,16:30,Liverpool,1.2,0–0,1.1,Manchester Utd,,Anfield,Paul Tierney,Informe del partido,
618,19,Dom,17/01/2021,19:15,Manchester City,0.7,4–0,0.1,Crystal Palace,,Etihad Stadium,Lee Mason,Informe del partido,
619,19,Lun,18/01/2021,20:00,Arsenal,2.4,3–0,0.2,Newcastle Utd,,Emirates Stadium,David Coote,Informe del partido,
620,,,,,,,,,,,,,,
621,18,Mar,19/01/2021,18:00,West Ham,2,2–1,0.5,West Brom,,London Stadium,Graham Scott,Informe del partido,
622,18,Mar,19/01/2021,20:15,Leicester City,1.4,2–0,0.7,Chelsea,,King Power Stadium,Craig Pawson,Informe del partido,
623,,,,,,,,,,,,,,
624,1,Mié,20/01/2021,18:00,Manchester City,3.4,2–0,0.6,Aston Villa,,Etihad Stadium,Jonathan Moss,Informe del partido,
625,,,,,,,,,,,,,,
626,18,Mié,20/01/2021,20:15,Fulham,0.9,1–2,1.7,Manchester Utd,,Craven Cottage,Martin Atkinson,Informe del partido,
627,18,Jue,21/01/2021,20:00,Liverpool,1.6,0–1,1.1,Burnley,,Anfield,Mike Dean,Informe del partido,
628,,,,,,,,,,,,,,
629,11,Sáb,23/01/2021,20:00,Aston Villa,2.3,2–0,0.5,Newcastle Utd,,Villa Park,Simon Hooper,Informe del partido,
630,,,,,,,,,,,,,,
631,20,Mar,26/01/2021,18:00,Newcastle Utd,1.4,1–2,0.7,Leeds United,,St. James' Park,Anthony Taylor,Informe del partido,
632,20,Mar,26/01/2021,18:00,Crystal Palace,0.7,2–3,2.8,West Ham,,Selhurst Park,Stuart Attwell,Informe del partido,
633,20,Mar,26/01/2021,20:15,West Brom,0.5,0–5,1.8,Manchester City,,The Hawthorns,Chris Kavanagh,Informe del partido,
634,20,Mar,26/01/2021,20:15,Southampton,0.8,1–3,2.2,Arsenal,,St. Mary's Stadium,Kevin Friend,Informe del partido,
635,20,Mié,27/01/2021,18:00,Chelsea,0.7,0–0,0.5,Wolves,,Stamford Bridge,Andy Madley,Informe del partido,
636,20,Mié,27/01/2021,18:00,Burnley,0.5,3–2,2.2,Aston Villa,,Turf Moor,Paul Tierney,Informe del partido,
637,20,Mié,27/01/2021,19:30,Brighton,1.8,0–0,0.5,Fulham,,The American Express Community Stadium,Craig Pawson,Informe del partido,
638,20,Mié,27/01/2021,20:15,Everton,0.5,1–1,1.2,Leicester City,,Goodison Park,Mike Dean,Informe del partido,
639,20,Mié,27/01/2021,20:15,Manchester Utd,1.1,1–2,1,Sheffield Utd,,Old Trafford,Peter Bankes,Informe del partido,
640,20,Jue,28/01/2021,20:00,Tottenham,0.1,1–3,2.5,Liverpool,,Tottenham Hotspur Stadium,Martin Atkinson,Informe del partido,
641,,,,,,,,,,,,,,
642,21,Sáb,30/01/2021,12:30,Everton,0.8,0–2,1.7,Newcastle Utd,,Goodison Park,Stuart Attwell,Informe del partido,
643,21,Sáb,30/01/2021,15:00,Crystal Palace,1.4,1–0,0.4,Wolves,,Selhurst Park,Simon Hooper,Informe del partido,
644,21,Sáb,30/01/2021,15:00,Manchester City,1.5,1–0,0.2,Sheffield Utd,,Etihad Stadium,David Coote,Informe del partido,
645,21,Sáb,30/01/2021,15:00,West Brom,1,2–2,1.3,Fulham,,The Hawthorns,Anthony Taylor,Informe del partido,
646,21,Sáb,30/01/2021,17:30,Arsenal,0.9,0–0,1.6,Manchester Utd,,Emirates Stadium,Michael Oliver,Informe del partido,
647,21,Sáb,30/01/2021,20:00,Southampton,1.9,0–1,0.6,Aston Villa,,St. Mary's Stadium,Lee Mason,Informe del partido,
648,21,Dom,31/01/2021,12:00,Chelsea,1.2,2–0,0.2,Burnley,,Stamford Bridge,Graham Scott,Informe del partido,
649,21,Dom,31/01/2021,14:00,Leicester City,1.8,1–3,2.1,Leeds United,,King Power Stadium,Chris Kavanagh,Informe del partido,
650,21,Dom,31/01/2021,16:30,West Ham,0.8,1–3,2,Liverpool,,London Stadium,Jonathan Moss,Informe del partido,
651,21,Dom,31/01/2021,19:15,Brighton,1.6,1–0,0.4,Tottenham,,The American Express Community Stadium,Peter Bankes,Informe del partido,
652,,,,,,,,,,,,,,
653,22,Mar,02/02/2021,18:00,Sheffield Utd,1.3,2–1,1.6,West Brom,,Bramall Lane,Paul Tierney,Informe del partido,
654,22,Mar,02/02/2021,18:00,Wolves,1.5,2–1,0.8,Arsenal,,Molineux Stadium,Craig Pawson,Informe del partido,
655,22,Mar,02/02/2021,20:15,Manchester Utd,4.7,9–0,0.5,Southampton,,Old Trafford,Mike Dean,Informe del partido,
656,22,Mar,02/02/2021,20:15,Newcastle Utd,1.9,1–2,0.7,Crystal Palace,,St. James' Park,Darren England,Informe del partido,
657,22,Mié,03/02/2021,18:00,Burnley,0.1,0–2,2,Manchester City,,Turf Moor,Martin Atkinson,Informe del partido,
658,22,Mié,03/02/2021,18:00,Fulham,0.6,0–2,1.4,Leicester City,,Craven Cottage,Robert Jones,Informe del partido,
659,22,Mié,03/02/2021,19:30,Leeds United,1.3,1–2,1.6,Everton,,Elland Road,Michael Oliver,Informe del partido,
660,22,Mié,03/02/2021,20:15,Liverpool,1,0–1,1.3,Brighton,,Anfield,Kevin Friend,Informe del partido,
661,22,Mié,03/02/2021,20:15,Aston Villa,0.7,1–3,1.7,West Ham,,Villa Park,Andy Madley,Informe del partido,
662,22,Jue,04/02/2021,20:00,Tottenham,0.6,0–1,1.6,Chelsea,,Tottenham Hotspur Stadium,Andre Marriner,Informe del partido,
663,,,,,,,,,,,,,,
664,23,Sáb,06/02/2021,12:30,Aston Villa,1.2,1–0,0.8,Arsenal,,Villa Park,Chris Kavanagh,Informe del partido,
665,23,Sáb,06/02/2021,15:00,Burnley,1.8,1–1,0.5,Brighton,,Turf Moor,Anthony Taylor,Informe del partido,
666,23,Sáb,06/02/2021,15:00,Newcastle Utd,0.7,3–2,1.3,Southampton,,St. James' Park,Craig Pawson,Informe del partido,
667,23,Sáb,06/02/2021,17:30,Fulham,1.5,0–0,1,West Ham,,Craven Cottage,Mike Dean,Informe del partido,
668,23,Sáb,06/02/2021,20:00,Manchester Utd,1.8,3–3,1.5,Everton,,Old Trafford,Jonathan Moss,Informe del partido,
669,23,Dom,07/02/2021,12:00,Tottenham,1.5,2–0,0.6,West Brom,,Tottenham Hotspur Stadium,Stuart Attwell,Informe del partido,
670,23,Dom,07/02/2021,14:00,Wolves,1.1,0–0,0.8,Leicester City,,Molineux Stadium,Martin Atkinson,Informe del partido,
671,23,Dom,07/02/2021,16:30,Liverpool,1.2,1–4,3.5,Manchester City,,Anfield,Michael Oliver,Informe del partido,
672,23,Dom,07/02/2021,19:15,Sheffield Utd,0.6,1–2,1.6,Chelsea,,Bramall Lane,Kevin Friend,Informe del partido,
673,23,Lun,08/02/2021,20:00,Leeds United,1.9,2–0,0.4,Crystal Palace,,Elland Road,Andre Marriner,Informe del partido,
674,,,,,,,,,,,,,,
675,24,Sáb,13/02/2021,12:30,Leicester City,1.9,3–1,1.7,Liverpool,,King Power Stadium,Anthony Taylor,Informe del partido,
676,24,Sáb,13/02/2021,15:00,Crystal Palace,0.5,0–3,1.4,Burnley,,Selhurst Park,Michael Oliver,Informe del partido,
677,24,Sáb,13/02/2021,17:30,Manchester City,2.2,3–0,0.3,Tottenham,,Etihad Stadium,Paul Tierney,Informe del partido,
678,24,Sáb,13/02/2021,20:00,Brighton,2.2,0–0,0.1,Aston Villa,,The American Express Community Stadium,Darren England,Informe del partido,
679,24,Dom,14/02/2021,12:00,Southampton,0.8,1–2,1.1,Wolves,,St. Mary's Stadium,Graham Scott,Informe del partido,
680,24,Dom,14/02/2021,14:00,West Brom,1,1–1,0.5,Manchester Utd,,The Hawthorns,Craig Pawson,Informe del partido,
681,24,Dom,14/02/2021,16:30,Arsenal,2.3,4–2,0.9,Leeds United,,Emirates Stadium,Stuart Attwell,Informe del partido,
682,24,Dom,14/02/2021,19:00,Everton,0.3,0–2,2.5,Fulham,,Goodison Park,Andy Madley,Informe del partido,
683,24,Lun,15/02/2021,18:00,West Ham,1.9,3–0,0.7,Sheffield Utd,,London Stadium,Simon Hooper,Informe del partido,
684,24,Lun,15/02/2021,20:00,Chelsea,2.2,2–0,0.6,Newcastle Utd,,Stamford Bridge,Peter Bankes,Informe del partido,
685,,,,,,,,,,,,,,
686,17,Mié,17/02/2021,18:00,Burnley,0.9,1–1,0.5,Fulham,,Turf Moor,Jonathan Moss,Informe del partido,
687,,,,,,,,,,,,,,
688,16,Mié,17/02/2021,20:15,Everton,1,1–3,1,Manchester City,,Goodison Park,Andre Marriner,Informe del partido,
689,,,,,,,,,,,,,,
690,25,Vie,19/02/2021,20:00,Wolves,0.6,1–0,1.7,Leeds United,,Molineux Stadium,David Coote,Informe del partido,
691,25,Sáb,20/02/2021,12:30,Southampton,0.6,1–1,1.2,Chelsea,,St. Mary's Stadium,Anthony Taylor,Informe del partido,
692,25,Sáb,20/02/2021,15:00,Burnley,0.5,0–0,1.6,West Brom,,Turf Moor,Mike Dean,Informe del partido,
693,25,Sáb,20/02/2021,17:30,Liverpool,1.4,0–2,1.6,Everton,,Anfield,Chris Kavanagh,Informe del partido,
694,25,Sáb,20/02/2021,20:00,Fulham,1.2,1–0,0.9,Sheffield Utd,,Craven Cottage,Martin Atkinson,Informe del partido,
695,25,Dom,21/02/2021,12:00,West Ham,1.1,2–1,1.1,Tottenham,,London Stadium,Craig Pawson,Informe del partido,
696,25,Dom,21/02/2021,14:05,Aston Villa,1.4,1–2,1.1,Leicester City,,Villa Park,Michael Oliver,Informe del partido,
697,25,Dom,21/02/2021,16:30,Arsenal,0.3,0–1,1.8,Manchester City,,Emirates Stadium,Jonathan Moss,Informe del partido,
698,25,Dom,21/02/2021,19:00,Manchester Utd,1.7,3–1,0.4,Newcastle Utd,,Old Trafford,Paul Tierney,Informe del partido,
699,25,Lun,22/02/2021,20:00,Brighton,2.4,1–2,0.2,Crystal Palace,,The American Express Community Stadium,Kevin Friend,Informe del partido,
700,,,,,,,,,,,,,,
701,18,Mar,23/02/2021,18:00,Leeds United,1.3,3–0,0.9,Southampton,,Elland Road,Andre Marriner,Informe del partido,
702,,,,,,,,,,,,,,
703,26,Sáb,27/02/2021,12:30,Manchester City,0.5,2–1,1.5,West Ham,,Etihad Stadium,Michael Oliver,Informe del partido,
704,26,Sáb,27/02/2021,15:00,West Brom,0.8,1–0,2.9,Brighton,,The Hawthorns,Lee Mason,Informe del partido,
705,26,Sáb,27/02/2021,17:30,Leeds United,0.9,0–1,0.7,Aston Villa,,Elland Road,Peter Bankes,Informe del partido,
706,26,Sáb,27/02/2021,20:00,Newcastle Utd,1.7,1–1,1.1,Wolves,,St. James' Park,Mike Dean,Informe del partido,
707,26,Dom,28/02/2021,12:00,Crystal Palace,0.1,0–0,1.4,Fulham,,Selhurst Park,Anthony Taylor,Informe del partido,
708,26,Dom,28/02/2021,12:00,Leicester City,0.4,1–3,2.3,Arsenal,,King Power Stadium,Paul Tierney,Informe del partido,
709,26,Dom,28/02/2021,14:00,Tottenham,2.1,4–0,0.7,Burnley,,Tottenham Hotspur Stadium,Kevin Friend,Informe del partido,
710,26,Dom,28/02/2021,16:30,Chelsea,1.1,0–0,0.4,Manchester Utd,,Stamford Bridge,Stuart Attwell,Informe del partido,
711,26,Dom,28/02/2021,19:15,Sheffield Utd,0.7,0–2,2.7,Liverpool,,Bramall Lane,Jonathan Moss,Informe del partido,
712,26,Lun,01/03/2021,20:00,Everton,1.2,1–0,0.6,Southampton,,Goodison Park,Martin Atkinson,Informe del partido,
713,,,,,,,,,,,,,,
714,29,Mar,02/03/2021,20:00,Manchester City,3.3,4–1,0.3,Wolves,,Etihad Stadium,Chris Kavanagh,Informe del partido,
715,29,Mié,03/03/2021,18:00,Sheffield Utd,0.9,1–0,2.3,Aston Villa,,Bramall Lane,Robert Jones,Informe del partido,
716,29,Mié,03/03/2021,18:00,Burnley,1.8,1–1,1.2,Leicester City,,Turf Moor,Andy Madley,Informe del partido,
717,29,Mié,03/03/2021,20:15,Crystal Palace,0.9,0–0,0.9,Manchester Utd,,Selhurst Park,Andre Marriner,Informe del partido,
718,29,Jue,04/03/2021,18:00,West Brom,1,0–1,1,Everton,,The Hawthorns,Darren England,Informe del partido,
719,,,,,,,,,,,,,,
720,33,Jue,04/03/2021,18:00,Fulham,0.7,0–1,1.6,Tottenham,,Craven Cottage,David Coote,Informe del partido,
721,,,,,,,,,,,,,,
722,29,Jue,04/03/2021,20:15,Liverpool,0.3,0–1,1,Chelsea,,Anfield,Martin Atkinson,Informe del partido,
723,,,,,,,,,,,,,,
724,27,Sáb,06/03/2021,12:30,Burnley,1.1,1–1,2.5,Arsenal,,Turf Moor,Andre Marriner,Informe del partido,
725,27,Sáb,06/03/2021,15:00,Sheffield Utd,0.7,0–2,1.9,Southampton,,Bramall Lane,Paul Tierney,Informe del partido,
726,27,Sáb,06/03/2021,17:30,Aston Villa,0.6,0–0,1.6,Wolves,,Villa Park,Andy Madley,Informe del partido,
727,27,Sáb,06/03/2021,20:00,Brighton,0.8,1–2,0.9,Leicester City,,The American Express Community Stadium,Michael Oliver,Informe del partido,
728,27,Dom,07/03/2021,12:00,West Brom,2,0–0,0.5,Newcastle Utd,,The Hawthorns,Martin Atkinson,Informe del partido,
729,27,Dom,07/03/2021,14:00,Liverpool,0.9,0–1,1.3,Fulham,,Anfield,Kevin Friend,Informe del partido,
730,27,Dom,07/03/2021,16:30,Manchester City,1.3,0–2,1.7,Manchester Utd,,Etihad Stadium,Anthony Taylor,Informe del partido,
731,27,Dom,07/03/2021,19:15,Tottenham,2.7,4–1,0.5,Crystal Palace,,Tottenham Hotspur Stadium,Stuart Attwell,Informe del partido,
732,27,Lun,08/03/2021,18:00,Chelsea,2.4,2–0,0.3,Everton,,Stamford Bridge,David Coote,Informe del partido,
733,27,Lun,08/03/2021,20:00,West Ham,1.8,2–0,1.4,Leeds United,,London Stadium,Mike Dean,Informe del partido,
734,,,,,,,,,,,,,,
735,33,Mié,10/03/2021,18:00,Manchester City,2.6,5–2,1.6,Southampton,,Etihad Stadium,Jonathan Moss,Informe del partido,
736,,,,,,,,,,,,,,
737,28,Vie,12/03/2021,20:00,Newcastle Utd,1.5,1–1,0.9,Aston Villa,,St. James' Park,Paul Tierney,Informe del partido,
738,28,Sáb,13/03/2021,12:30,Leeds United,0.4,0–0,1,Chelsea,,Elland Road,Kevin Friend,Informe del partido,
739,28,Sáb,13/03/2021,15:00,Crystal Palace,1.2,1–0,0.8,West Brom,,Selhurst Park,Simon Hooper,Informe del partido,
740,28,Sáb,13/03/2021,17:30,Everton,1.5,1–2,0.8,Burnley,,Goodison Park,Jonathan Moss,Informe del partido,
741,28,Sáb,13/03/2021,20:00,Fulham,0.3,0–3,2.2,Manchester City,,Craven Cottage,Andre Marriner,Informe del partido,
742,28,Dom,14/03/2021,12:00,Southampton,0.6,1–2,0.8,Brighton,,St. Mary's Stadium,Stuart Attwell,Informe del partido,
743,28,Dom,14/03/2021,14:00,Leicester City,4,5–0,0.1,Sheffield Utd,,King Power Stadium,Peter Bankes,Informe del partido,
744,28,Dom,14/03/2021,16:30,Arsenal,1.7,2–1,0.4,Tottenham,,Emirates Stadium,Michael Oliver,Informe del partido,
745,28,Dom,14/03/2021,19:15,Manchester Utd,1.5,1–0,0.6,West Ham,,Old Trafford,Martin Atkinson,Informe del partido,
746,28,Lun,15/03/2021,20:00,Wolves,1.1,0–1,0.9,Liverpool,,Molineux Stadium,Craig Pawson,Informe del partido,
747,,,,,,,,,,,,,,
748,29,Vie,19/03/2021,20:00,Fulham,1.6,1–2,1.3,Leeds United,,Craven Cottage,David Coote,Informe del partido,
749,29,Sáb,20/03/2021,20:00,Brighton,0.9,3–0,0.1,Newcastle Utd,,The American Express Community Stadium,Anthony Taylor,Informe del partido,
750,29,Dom,21/03/2021,15:00,West Ham,2.4,3–3,1.4,Arsenal,,London Stadium,Jonathan Moss,Informe del partido,
751,,,,,,,,,,,,,,
752,18,Dom,21/03/2021,19:30,Aston Villa,0.4,0–2,1.8,Tottenham,,Villa Park,Mike Dean,Informe del partido,
753,,,,,,,,,,,,,,
754,30,Sáb,03/04/2021,12:30,Chelsea,2.1,2–5,1.6,West Brom,,Stamford Bridge,David Coote,Informe del partido,
755,30,Sáb,03/04/2021,15:00,Leeds United,2.4,2–1,1.1,Sheffield Utd,,Elland Road,Graham Scott,Informe del partido,
756,30,Sáb,03/04/2021,17:30,Leicester City,0.3,0–2,1.4,Manchester City,,King Power Stadium,Anthony Taylor,Informe del partido,
757,30,Sáb,03/04/2021,20:00,Arsenal,0.1,0–3,2.4,Liverpool,,Emirates Stadium,Stuart Attwell,Informe del partido,
758,30,Dom,04/04/2021,12:00,Southampton,2.2,3–2,1.5,Burnley,,St. Mary's Stadium,Andre Marriner,Informe del partido,
759,30,Dom,04/04/2021,14:05,Newcastle Utd,3.4,2–2,2.7,Tottenham,,St. James' Park,Craig Pawson,Informe del partido,
760,30,Dom,04/04/2021,16:30,Aston Villa,1.5,3–1,1,Fulham,,Villa Park,Andy Madley,Informe del partido,
761,30,Dom,04/04/2021,19:30,Manchester Utd,1.5,2–1,1.2,Brighton,,Old Trafford,Mike Dean,Informe del partido,
762,30,Lun,05/04/2021,18:00,Everton,2.5,1–1,0.7,Crystal Palace,,Goodison Park,Kevin Friend,Informe del partido,
763,30,Lun,05/04/2021,20:15,Wolves,2.1,2–3,1.3,West Ham,,Molineux Stadium,Michael Oliver,Informe del partido,
764,,,,,,,,,,,,,,
765,31,Vie,09/04/2021,20:00,Fulham,0.9,0–1,0.5,Wolves,,Craven Cottage,Jonathan Moss,Informe del partido,
766,31,Sáb,10/04/2021,12:30,Manchester City,2.1,1–2,0.1,Leeds United,,Etihad Stadium,Andre Marriner,Informe del partido,
767,31,Sáb,10/04/2021,15:00,Liverpool,2.3,2–1,0.5,Aston Villa,,Anfield,Paul Tierney,Informe del partido,
768,31,Sáb,10/04/2021,17:30,Crystal Palace,0.4,1–4,3.1,Chelsea,,Selhurst Park,Michael Oliver,Informe del partido,
769,31,Dom,11/04/2021,12:00,Burnley,2,1–2,1.2,Newcastle Utd,,Turf Moor,Anthony Taylor,Informe del partido,
770,31,Dom,11/04/2021,14:05,West Ham,0.8,3–2,0.9,Leicester City,,London Stadium,Mike Dean,Informe del partido,
771,31,Dom,11/04/2021,16:30,Tottenham,0.9,1–3,2.1,Manchester Utd,,Tottenham Hotspur Stadium,Chris Kavanagh,Informe del partido,
772,31,Dom,11/04/2021,19:00,Sheffield Utd,0.3,0–3,1.7,Arsenal,,Bramall Lane,Peter Bankes,Informe del partido,
773,31,Lun,12/04/2021,18:00,West Brom,3,3–0,1.5,Southampton,,The Hawthorns,Simon Hooper,Informe del partido,
774,31,Lun,12/04/2021,20:15,Brighton,1.2,0–0,0.4,Everton,,The American Express Community Stadium,Darren England,Informe del partido,
775,,,,,,,,,,,,,,
776,32,Vie,16/04/2021,20:00,Everton,1.8,2–2,1.4,Tottenham,,Goodison Park,Michael Oliver,Informe del partido,
777,32,Sáb,17/04/2021,12:30,Newcastle Utd,2.2,3–2,1.9,West Ham,,St. James' Park,Kevin Friend,Informe del partido,
778,32,Sáb,17/04/2021,20:15,Wolves,1.1,1–0,0.5,Sheffield Utd,,Molineux Stadium,Robert Jones,Informe del partido,
779,32,Dom,18/04/2021,13:30,Arsenal,2.7,1–1,0.9,Fulham,,Emirates Stadium,Craig Pawson,Informe del partido,
780,32,Dom,18/04/2021,16:00,Manchester Utd,2.5,3–1,0.9,Burnley,,Old Trafford,Jonathan Moss,Informe del partido,
781,32,Lun,19/04/2021,20:00,Leeds United,2.3,1–1,1.4,Liverpool,,Elland Road,Anthony Taylor,Informe del partido,
782,32,Mar,20/04/2021,20:15,Chelsea,0.7,0–0,0.5,Brighton,,Stamford Bridge,Stuart Attwell,Informe del partido,
783,,,,,,,,,,,,,,
784,29,Mié,21/04/2021,18:00,Tottenham,1.4,2–1,0.8,Southampton,,Tottenham Hotspur Stadium,David Coote,Informe del partido,
785,,,,,,,,,,,,,,
786,32,Mié,21/04/2021,20:15,Aston Villa,0.7,1–2,1.2,Manchester City,,Villa Park,Peter Bankes,Informe del partido,
787,32,Jue,22/04/2021,20:00,Leicester City,2.1,3–0,0.5,West Brom,,King Power Stadium,Andy Madley,Informe del partido,
788,,,,,,,,,,,,,,
789,33,Vie,23/04/2021,20:00,Arsenal,0.8,0–1,0.5,Everton,,Emirates Stadium,Jonathan Moss,Informe del partido,
790,33,Sáb,24/04/2021,12:30,Liverpool,2.4,1–1,1,Newcastle Utd,,Anfield,Andre Marriner,Informe del partido,
791,33,Sáb,24/04/2021,17:30,West Ham,0.4,0–1,2.5,Chelsea,,London Stadium,Chris Kavanagh,Informe del partido,
792,33,Sáb,24/04/2021,20:00,Sheffield Utd,0.7,1–0,2,Brighton,,Bramall Lane,Kevin Friend,Informe del partido,
793,33,Dom,25/04/2021,12:00,Wolves,0.4,0–4,2,Burnley,,Molineux Stadium,Darren England,Informe del partido,
794,33,Dom,25/04/2021,14:00,Leeds United,0.3,0–0,1.2,Manchester Utd,,Elland Road,Craig Pawson,Informe del partido,
795,33,Dom,25/04/2021,19:00,Aston Villa,3.2,2–2,1.5,West Brom,,Villa Park,Stuart Attwell,Informe del partido,
796,33,Lun,26/04/2021,20:00,Leicester City,1.5,2–1,0.7,Crystal Palace,,King Power Stadium,Graham Scott,Informe del partido,
797,,,,,,,,,,,,,,
798,34,Vie,30/04/2021,20:00,Southampton,0.9,1–1,1.9,Leicester City,,St. Mary's Stadium,Robert Jones,Informe del partido,
799,34,Sáb,01/05/2021,12:30,Crystal Palace,0.9,0–2,1.7,Manchester City,,Selhurst Park,David Coote,Informe del partido,
800,34,Sáb,01/05/2021,15:00,Brighton,2.3,2–0,0.6,Leeds United,,The American Express Community Stadium,Chris Kavanagh,Informe del partido,
801,34,Sáb,01/05/2021,17:30,Chelsea,1.7,2–0,0.3,Fulham,,Stamford Bridge,Kevin Friend,Informe del partido,
802,34,Sáb,01/05/2021,20:00,Everton,1,1–2,1.6,Aston Villa,,Goodison Park,Simon Hooper,Informe del partido,
803,34,Dom,02/05/2021,14:00,Newcastle Utd,0.3,0–2,2,Arsenal,,St. James' Park,Mike Dean,Informe del partido,
804,34,Dom,02/05/2021,19:15,Tottenham,2.2,4–0,0.5,Sheffield Utd,,Tottenham Hotspur Stadium,Andre Marriner,Informe del partido,
805,34,Lun,03/05/2021,18:00,West Brom,1.1,1–1,1,Wolves,,The Hawthorns,Paul Tierney,Informe del partido,
806,34,Lun,03/05/2021,20:15,Burnley,2,1–2,2.3,West Ham,,Turf Moor,Anthony Taylor,Informe del partido,
807,,,,,,,,,,,,,,
808,35,Vie,07/05/2021,20:00,Leicester City,2.2,2–4,2.7,Newcastle Utd,,King Power Stadium,Darren England,Informe del partido,
809,35,Sáb,08/05/2021,12:30,Leeds United,2.5,3–1,0.9,Tottenham,,Elland Road,Michael Oliver,Informe del partido,
810,35,Sáb,08/05/2021,15:00,Sheffield Utd,0.7,0–2,2,Crystal Palace,,Bramall Lane,Simon Hooper,Informe del partido,
811,35,Sáb,08/05/2021,17:30,Manchester City,1.8,1–2,0.7,Chelsea,,Etihad Stadium,Anthony Taylor,Informe del partido,
812,35,Sáb,08/05/2021,20:15,Liverpool,1.7,2–0,1.1,Southampton,,Anfield,Kevin Friend,Informe del partido,
813,35,Dom,09/05/2021,12:00,Wolves,1.1,2–1,0.3,Brighton,,Molineux Stadium,Jonathan Moss,Informe del partido,
814,35,Dom,09/05/2021,14:05,Aston Villa,0.5,1–3,1.7,Manchester Utd,,Villa Park,Chris Kavanagh,Informe del partido,
815,35,Dom,09/05/2021,16:30,West Ham,1.3,0–1,1.5,Everton,,London Stadium,Stuart Attwell,Informe del partido,
816,35,Dom,09/05/2021,19:00,Arsenal,0.9,3–1,1.8,West Brom,,Emirates Stadium,Peter Bankes,Informe del partido,
817,35,Lun,10/05/2021,20:00,Fulham,1,0–2,1.5,Burnley,,Craven Cottage,David Coote,Informe del partido,
818,,,,,,,,,,,,,,
819,36,Mar,11/05/2021,18:00,Manchester Utd,0.2,1–2,0.9,Leicester City,,Old Trafford,Craig Pawson,Informe del partido,
820,,,,,,,,,,,,,,
821,32,Mar,11/05/2021,20:15,Southampton,1.2,3–1,1.5,Crystal Palace,,St. Mary's Stadium,Andy Madley,Informe del partido,
822,,,,,,,,,,,,,,
823,36,Mié,12/05/2021,20:15,Chelsea,1.8,0–1,0.6,Arsenal,,Stamford Bridge,Andre Marriner,Informe del partido,
824,,,,,,,,,,,,,,
825,19,Jue,13/05/2021,18:00,Aston Villa,0.6,0–0,1,Everton,,Villa Park,Martin Atkinson,Informe del partido,
826,,,,,,,,,,,,,,
827,34,Jue,13/05/2021,20:15,Manchester Utd,1.9,2–4,2.7,Liverpool,,Old Trafford,Anthony Taylor,Informe del partido,
828,,,,,,,,,,,,,,
829,36,Vie,14/05/2021,20:00,Newcastle Utd,2.2,3–4,1.5,Manchester City,,St. James' Park,Kevin Friend,Informe del partido,
830,36,Sáb,15/05/2021,12:30,Burnley,1.3,0–4,1.5,Leeds United,,Turf Moor,Graham Scott,Informe del partido,
831,36,Sáb,15/05/2021,15:00,Southampton,1.6,3–1,0.8,Fulham,,St. Mary's Stadium,Craig Pawson,Informe del partido,
832,36,Sáb,15/05/2021,20:00,Brighton,0.8,1–1,1.7,West Ham,,The American Express Community Stadium,Andre Marriner,Informe del partido,
833,36,Dom,16/05/2021,12:00,Crystal Palace,1.9,3–2,1.4,Aston Villa,,Selhurst Park,David Coote,Informe del partido,
834,36,Dom,16/05/2021,14:05,Tottenham,3.2,2–0,0.9,Wolves,,Tottenham Hotspur Stadium,Martin Atkinson,Informe del partido,
835,36,Dom,16/05/2021,16:30,West Brom,1,1–2,1.9,Liverpool,,The Hawthorns,Mike Dean,Informe del partido,
836,36,Dom,16/05/2021,19:00,Everton,1.4,0–1,1.2,Sheffield Utd,,Goodison Park,Jonathan Moss,Informe del partido,
837,,,,,,,,,,,,,,
838,37,Mar,18/05/2021,18:00,Manchester Utd,0.9,1–1,0.9,Fulham,10000,Old Trafford,Lee Mason,Informe del partido,
839,37,Mar,18/05/2021,18:00,Southampton,1.6,0–2,1.7,Leeds United,8000,St. Mary's Stadium,Peter Bankes,Informe del partido,
840,37,Mar,18/05/2021,19:00,Brighton,1.1,3–2,0.9,Manchester City,7945,The American Express Community Stadium,Stuart Attwell,Informe del partido,
841,37,Mar,18/05/2021,20:15,Chelsea,3.1,2–1,0.8,Leicester City,8000,Stamford Bridge,Mike Dean,Informe del partido,
842,37,Mié,19/05/2021,18:00,Newcastle Utd,1.6,1–0,0.9,Sheffield Utd,10000,St. James' Park,Robert Jones,Informe del partido,
843,37,Mié,19/05/2021,18:00,Tottenham,0.8,1–2,1.4,Aston Villa,10000,Tottenham Hotspur Stadium,Craig Pawson,Informe del partido,
844,37,Mié,19/05/2021,18:00,Everton,0.7,1–0,0.3,Wolves,4988,Goodison Park,Andy Madley,Informe del partido,
845,37,Mié,19/05/2021,19:00,Crystal Palace,1,1–3,1.8,Arsenal,6500,Selhurst Park,Anthony Taylor,Informe del partido,
846,37,Mié,19/05/2021,20:15,Burnley,0.8,0–3,2.6,Liverpool,3387,Turf Moor,Chris Kavanagh,Informe del partido,
847,37,Mié,19/05/2021,20:15,West Brom,1.1,1–3,3.4,West Ham,5371,The Hawthorns,Michael Oliver,Informe del partido,
848,,,,,,,,,,,,,,
849,38,Dom,23/05/2021,16:00,Aston Villa,1.1,2–1,3.3,Chelsea,10000,Villa Park,Stuart Attwell,Informe del partido,
850,38,Dom,23/05/2021,16:00,Leicester City,1.9,2–4,1.5,Tottenham,8000,King Power Stadium,Anthony Taylor,Informe del partido,
851,38,Dom,23/05/2021,16:00,Manchester City,2.5,5–0,1.1,Everton,10000,Etihad Stadium,Michael Oliver,Informe del partido,
852,38,Dom,23/05/2021,16:00,Sheffield Utd,0.5,1–0,1.1,Burnley,5000,Bramall Lane,Kevin Friend,Informe del partido,
853,38,Dom,23/05/2021,16:00,Wolves,0.9,1–2,2,Manchester Utd,4500,Molineux Stadium,Mike Dean,Informe del partido,
854,38,Dom,23/05/2021,16:00,West Ham,1.3,3–0,1.5,Southampton,10000,London Stadium,Martin Atkinson,Informe del partido,
855,38,Dom,23/05/2021,16:00,Leeds United,2.3,3–1,1,West Brom,8000,Elland Road,David Coote,Informe del partido,
856,38,Dom,23/05/2021,16:00,Arsenal,0.8,2–0,0.2,Brighton,10000,Emirates Stadium,Jonathan Moss,Informe del partido,
857,38,Dom,23/05/2021,16:00,Liverpool,1.6,2–0,0.6,Crystal Palace,9901,Anfield,Craig Pawson,Informe del partido,
858,38,Dom,23/05/2021,16:00,Fulham,1,0–2,1.3,Newcastle Utd,2000,Craven Cottage,Chris Kavanagh,Informe del partido,
859,1,Vie,13/08/2021,20:00,Brentford,1.2,2–0,1.3,Arsenal,16479,Brentford Community Stadium,Michael Oliver,Informe del partido,
860,1,Sáb,14/08/2021,12:30,Manchester Utd,1.5,5–1,0.5,Leeds United,72732,Old Trafford,Paul Tierney,Informe del partido,
861,1,Sáb,14/08/2021,15:00,Leicester City,0.5,1–0,1.3,Wolves,31983,King Power Stadium,Craig Pawson,Informe del partido,
862,1,Sáb,14/08/2021,15:00,Burnley,1.5,1–2,1,Brighton,16910,Turf Moor,David Coote,Informe del partido,
863,1,Sáb,14/08/2021,15:00,Chelsea,0.7,3–0,0.2,Crystal Palace,38965,Stamford Bridge,Jonathan Moss,Informe del partido,
864,1,Sáb,14/08/2021,15:00,Watford,1.2,3–2,1.2,Aston Villa,20051,Vicarage Road Stadium,Mike Dean,Informe del partido,
865,1,Sáb,14/08/2021,15:00,Everton,2.4,3–1,0.8,Southampton,38487,Goodison Park,Andy Madley,Informe del partido,
866,1,Sáb,14/08/2021,17:30,Norwich City,1.4,0–3,1.6,Liverpool,27023,Carrow Road,Andre Marriner,Informe del partido,
867,1,Dom,15/08/2021,14:00,Newcastle Utd,1.8,2–4,2.7,West Ham,50673,St. James' Park,Martin Atkinson,Informe del partido,
868,1,Dom,15/08/2021,16:30,Tottenham,1,1–0,1.8,Manchester City,58262,Tottenham Hotspur Stadium,Anthony Taylor,Informe del partido,
869,,,,,,,,,,,,,,
870,2,Sáb,21/08/2021,12:30,Liverpool,2.7,2–0,0.9,Burnley,52591,Anfield,Mike Dean,Informe del partido,
871,2,Sáb,21/08/2021,15:00,Aston Villa,1.2,2–0,0.7,Newcastle Utd,41964,Villa Park,David Coote,Informe del partido,
872,2,Sáb,21/08/2021,15:00,Manchester City,2.6,5–0,0.1,Norwich City,51437,Etihad Stadium,Graham Scott,Informe del partido,
873,2,Sáb,21/08/2021,15:00,Leeds United,1.2,2–2,1.8,Everton,36293,Elland Road,Darren England,Informe del partido,
874,2,Sáb,21/08/2021,15:00,Crystal Palace,0.5,0–0,0.9,Brentford,23091,Selhurst Park,Martin Atkinson,Informe del partido,
875,2,Sáb,21/08/2021,17:30,Brighton,1.3,2–0,0.5,Watford,29485,The American Express Community Stadium,Anthony Taylor,Informe del partido,
876,2,Dom,22/08/2021,14:00,Wolves,1.7,0–1,1.7,Tottenham,30368,Molineux Stadium,Stuart Attwell,Informe del partido,
877,2,Dom,22/08/2021,14:00,Southampton,0.7,1–1,1.8,Manchester Utd,32000,St. Mary's Stadium,Craig Pawson,Informe del partido,
878,2,Dom,22/08/2021,16:30,Arsenal,0.3,0–2,3.1,Chelsea,58729,Emirates Stadium,Paul Tierney,Informe del partido,
879,2,Lun,23/08/2021,20:00,West Ham,2.3,4–1,0.6,Leicester City,59901,London Stadium,Michael Oliver,Informe del partido,
880,,,,,,,,,,,,,,
881,3,Sáb,28/08/2021,12:30,Manchester City,4.4,5–0,0.2,Arsenal,52276,Etihad Stadium,Martin Atkinson,Informe del partido,
882,3,Sáb,28/08/2021,15:00,Norwich City,1.5,1–2,1.5,Leicester City,26765,Carrow Road,Robert Jones,Informe del partido,
883,3,Sáb,28/08/2021,15:00,West Ham,1.3,2–2,1.1,Crystal Palace,59751,London Stadium,Stuart Attwell,Informe del partido,
884,3,Sáb,28/08/2021,15:00,Aston Villa,0.7,1–1,0.9,Brentford,42045,Villa Park,Peter Bankes,Informe del partido,
885,3,Sáb,28/08/2021,15:00,Newcastle Utd,1,2–2,3.6,Southampton,44017,St. James' Park,Paul Tierney,Informe del partido,
886,3,Sáb,28/08/2021,15:00,Brighton,0.7,0–2,1.4,Everton,30548,The American Express Community Stadium,Jonathan Moss,Informe del partido,
887,3,Sáb,28/08/2021,17:30,Liverpool,2.5,1–1,0.6,Chelsea,54000,Anfield,Anthony Taylor,Informe del partido,
888,3,Dom,29/08/2021,14:00,Burnley,1,1–1,1.2,Leeds United,20000,Turf Moor,Michael Oliver,Informe del partido,
889,3,Dom,29/08/2021,14:00,Tottenham,1,1–0,0.8,Watford,57672,Tottenham Hotspur Stadium,Andre Marriner,Informe del partido,
890,3,Dom,29/08/2021,16:30,Wolves,2.1,0–1,0.6,Manchester Utd,30621,Molineux Stadium,Mike Dean,Informe del partido,
891,,,,,,,,,,,,,,
892,4,Sáb,11/09/2021,12:30,Crystal Palace,2.1,3–0,0.1,Tottenham,26000,Selhurst Park,Jonathan Moss,Informe del partido,
893,4,Sáb,11/09/2021,15:00,Watford,0.2,0–2,2.2,Wolves,20019,Vicarage Road Stadium,Peter Bankes,Informe del partido,
894,4,Sáb,11/09/2021,15:00,Brentford,0.4,0–1,0.3,Brighton,16518,Brentford Community Stadium,Graham Scott,Informe del partido,
895,4,Sáb,11/09/2021,15:00,Arsenal,2.7,1–0,0.7,Norwich City,58000,Emirates Stadium,Michael Oliver,Informe del partido,
896,4,Sáb,11/09/2021,15:00,Manchester Utd,2.5,4–1,0.4,Newcastle Utd,72732,Old Trafford,Anthony Taylor,Informe del partido,
897,4,Sáb,11/09/2021,15:00,Leicester City,0.6,0–1,2.8,Manchester City,32087,King Power Stadium,Paul Tierney,Informe del partido,
898,4,Sáb,11/09/2021,15:00,Southampton,0.7,0–0,0.7,West Ham,30000,St. Mary's Stadium,David Coote,Informe del partido,
899,4,Sáb,11/09/2021,17:30,Chelsea,1.3,3–0,1.2,Aston Villa,39969,Stamford Bridge,Stuart Attwell,Informe del partido,
900,4,Dom,12/09/2021,16:30,Leeds United,1.2,0–3,4.3,Liverpool,36507,Elland Road,Craig Pawson,Informe del partido,
901,4,Lun,13/09/2021,20:00,Everton,1.4,3–1,1,Burnley,30000,Goodison Park,Martin Atkinson,Informe del partido,
902,,,,,,,,,,,,,,
903,5,Vie,17/09/2021,20:00,Newcastle Utd,1.3,1–1,1.5,Leeds United,50407,St. James' Park,Mike Dean,Informe del partido,
904,5,Sáb,18/09/2021,12:30,Wolves,0.6,0–2,2.5,Brentford,30000,Molineux Stadium,Darren England,Informe del partido,
905,5,Sáb,18/09/2021,15:00,Manchester City,1,0–0,0.4,Southampton,52698,Etihad Stadium,Jonathan Moss,Informe del partido,
906,5,Sáb,18/09/2021,15:00,Liverpool,3.1,3–0,0.6,Crystal Palace,52000,Anfield,Andy Madley,Informe del partido,
907,5,Sáb,18/09/2021,15:00,Norwich City,1,1–3,2.4,Watford,26649,Carrow Road,Robert Jones,Informe del partido,
908,5,Sáb,18/09/2021,15:00,Burnley,1,0–1,1.1,Arsenal,20000,Turf Moor,Anthony Taylor,Informe del partido,
909,5,Sáb,18/09/2021,17:30,Aston Villa,0.8,3–0,0.7,Everton,41888,Villa Park,Craig Pawson,Informe del partido,
910,5,Dom,19/09/2021,14:00,West Ham,1.6,1–2,2,Manchester Utd,60000,London Stadium,Martin Atkinson,Informe del partido,
911,5,Dom,19/09/2021,14:00,Brighton,1.7,2–1,1.6,Leicester City,31078,The American Express Community Stadium,Stuart Attwell,Informe del partido,
912,5,Dom,19/09/2021,16:30,Tottenham,0.5,0–3,2.1,Chelsea,60059,Tottenham Hotspur Stadium,Paul Tierney,Informe del partido,
913,,,,,,,,,,,,,,
914,6,Sáb,25/09/2021,12:30,Manchester Utd,2.2,0–1,1,Aston Villa,72922,Old Trafford,Mike Dean,Informe del partido,
915,6,Sáb,25/09/2021,12:30,Chelsea,0.2,0–1,1.7,Manchester City,40036,Stamford Bridge,Michael Oliver,Informe del partido,
916,6,Sáb,25/09/2021,15:00,Leicester City,2.4,2–2,0.5,Burnley,31650,King Power Stadium,Chris Kavanagh,Informe del partido,
917,6,Sáb,25/09/2021,15:00,Leeds United,1.2,1–2,1.6,West Ham,36417,Elland Road,Kevin Friend,Informe del partido,
918,6,Sáb,25/09/2021,15:00,Watford,0.9,1–1,1.9,Newcastle Utd,20650,Vicarage Road Stadium,Jarred Gillett,Informe del partido,
919,6,Sáb,25/09/2021,15:00,Everton,1.9,2–0,0.5,Norwich City,38821,Goodison Park,David Coote,Informe del partido,
920,6,Sáb,25/09/2021,17:30,Brentford,2.1,3–3,2.8,Liverpool,16876,Brentford Community Stadium,Stuart Attwell,Informe del partido,
921,6,Dom,26/09/2021,14:00,Southampton,1,0–1,1,Wolves,28002,St. Mary's Stadium,Andy Madley,Informe del partido,
922,6,Dom,26/09/2021,16:30,Arsenal,1.1,3–1,1,Tottenham,59919,Emirates Stadium,Craig Pawson,Informe del partido,
923,6,Lun,27/09/2021,20:00,Crystal Palace,1.4,1–1,0.8,Brighton,22975,Selhurst Park,Andre Marriner,Informe del partido,
924,,,,,,,,,,,,,,
925,7,Sáb,02/10/2021,12:30,Manchester Utd,1,1–1,1.3,Everton,73128,Old Trafford,Michael Oliver,Informe del partido,
926,7,Sáb,02/10/2021,15:00,Wolves,1,2–1,0.6,Newcastle Utd,30483,Molineux Stadium,Graham Scott,Informe del partido,
927,7,Sáb,02/10/2021,15:00,Burnley,1.2,0–0,0.6,Norwich City,17427,Turf Moor,Kevin Friend,Informe del partido,
928,7,Sáb,02/10/2021,15:00,Chelsea,3.3,3–1,1.3,Southampton,40109,Stamford Bridge,Martin Atkinson,Informe del partido,
929,7,Sáb,02/10/2021,15:00,Leeds United,1.3,1–0,0.2,Watford,36261,Elland Road,Simon Hooper,Informe del partido,
930,7,Sáb,02/10/2021,17:30,Brighton,1.1,0–0,0.4,Arsenal,31266,The American Express Community Stadium,Jonathan Moss,Informe del partido,
931,7,Dom,03/10/2021,14:00,Tottenham,1.3,2–1,1.2,Aston Villa,53076,Tottenham Hotspur Stadium,Chris Kavanagh,Informe del partido,
932,7,Dom,03/10/2021,14:00,Crystal Palace,1.5,2–2,1.2,Leicester City,25000,Selhurst Park,Anthony Taylor,Informe del partido,
933,7,Dom,03/10/2021,14:00,West Ham,1.5,1–2,1.2,Brentford,49940,London Stadium,Peter Bankes,Informe del partido,
934,7,Dom,03/10/2021,16:30,Liverpool,0.9,2–2,1.2,Manchester City,53102,Anfield,Paul Tierney,Informe del partido,
935,,,,,,,,,,,,,,
936,8,Sáb,16/10/2021,12:30,Watford,0.5,0–5,3.3,Liverpool,21085,Vicarage Road Stadium,Jonathan Moss,Informe del partido,
937,8,Sáb,16/10/2021,15:00,Leicester City,2.4,4–2,1.2,Manchester Utd,32219,King Power Stadium,Craig Pawson,Informe del partido,
938,8,Sáb,16/10/2021,15:00,Manchester City,2.1,2–0,0.9,Burnley,52711,Etihad Stadium,Martin Atkinson,Informe del partido,
939,8,Sáb,16/10/2021,15:00,Southampton,1.9,1–0,0.2,Leeds United,30506,St. Mary's Stadium,David Coote,Informe del partido,
940,8,Sáb,16/10/2021,15:00,Aston Villa,1,2–3,2,Wolves,41951,Villa Park,Michael Oliver,Informe del partido,
941,8,Sáb,16/10/2021,15:00,Norwich City,1.2,0–0,0.8,Brighton,26777,Carrow Road,Peter Bankes,Informe del partido,
942,8,Sáb,16/10/2021,17:30,Brentford,1.4,0–1,0.3,Chelsea,16940,Brentford Community Stadium,Anthony Taylor,Informe del partido,
943,8,Dom,17/10/2021,14:00,Everton,0.9,0–1,1.2,West Ham,39132,Goodison Park,Stuart Attwell,Informe del partido,
944,8,Dom,17/10/2021,16:30,Newcastle Utd,0.4,2–3,1.7,Tottenham,52214,St. James' Park,Andre Marriner,Informe del partido,
945,8,Lun,18/10/2021,20:00,Arsenal,1.7,2–2,0.7,Crystal Palace,59475,Emirates Stadium,Mike Dean,Informe del partido,
946,,,,,,,,,,,,,,
947,9,Vie,22/10/2021,20:00,Arsenal,2.7,3–1,1.4,Aston Villa,59496,Emirates Stadium,Craig Pawson,Informe del partido,
948,9,Sáb,23/10/2021,12:30,Chelsea,3.1,7–0,0.1,Norwich City,40113,Stamford Bridge,Andy Madley,Informe del partido,
949,9,Sáb,23/10/2021,15:00,Leeds United,1.6,1–1,0.9,Wolves,36475,Elland Road,Robert Jones,Informe del partido,
950,9,Sáb,23/10/2021,15:00,Crystal Palace,1.9,1–1,0.3,Newcastle Utd,24609,Selhurst Park,Darren England,Informe del partido,
951,9,Sáb,23/10/2021,15:00,Everton,1.5,2–5,3.7,Watford,38834,Goodison Park,Graham Scott,Informe del partido,
952,9,Sáb,23/10/2021,15:00,Southampton,1.6,2–2,0.7,Burnley,29145,St. Mary's Stadium,Chris Kavanagh,Informe del partido,
953,9,Sáb,23/10/2021,17:30,Brighton,1.3,1–4,3.8,Manchester City,31215,The American Express Community Stadium,Kevin Friend,Informe del partido,
954,9,Dom,24/10/2021,14:00,West Ham,1.3,1–0,0.7,Tottenham,59924,London Stadium,Paul Tierney,Informe del partido,
955,9,Dom,24/10/2021,14:00,Brentford,1,1–2,1.5,Leicester City,16814,Brentford Community Stadium,Simon Hooper,Informe del partido,
956,9,Dom,24/10/2021,16:30,Manchester Utd,1.6,0–5,3.4,Liverpool,73088,Old Trafford,Anthony Taylor,Informe del partido,
957,,,,,,,,,,,,,,
958,10,Sáb,30/10/2021,12:30,Leicester City,1.3,0–2,0.7,Arsenal,32209,King Power Stadium,Michael Oliver,Informe del partido,
959,10,Sáb,30/10/2021,15:00,Newcastle Utd,0.2,0–3,2.2,Chelsea,52208,St. James' Park,Paul Tierney,Informe del partido,
960,10,Sáb,30/10/2021,15:00,Liverpool,1.5,2–2,1,Brighton,52598,Anfield,Mike Dean,Informe del partido,
961,10,Sáb,30/10/2021,15:00,Burnley,2.3,3–1,0.8,Brentford,18821,Turf Moor,Jonathan Moss,Informe del partido,
962,10,Sáb,30/10/2021,15:00,Watford,1,0–1,1.8,Southampton,20869,Vicarage Road Stadium,Peter Bankes,Informe del partido,
963,10,Sáb,30/10/2021,15:00,Manchester City,0.7,0–2,0.7,Crystal Palace,53014,Etihad Stadium,Andre Marriner,Informe del partido,
964,10,Sáb,30/10/2021,17:30,Tottenham,1,0–3,1.5,Manchester Utd,60356,Tottenham Hotspur Stadium,Stuart Attwell,Informe del partido,
965,10,Dom,31/10/2021,14:00,Norwich City,0.8,1–2,0.7,Leeds United,26913,Carrow Road,Anthony Taylor,Informe del partido,
966,10,Dom,31/10/2021,16:30,Aston Villa,0.7,1–4,2.3,West Ham,41874,Villa Park,Chris Kavanagh,Informe del partido,
967,10,Lun,01/11/2021,20:00,Wolves,1.7,2–1,1.5,Everton,30617,Molineux Stadium,Martin Atkinson,Informe del partido,
968,,,,,,,,,,,,,,
969,11,Vie,05/11/2021,20:00,Southampton,0.6,1–0,0.6,Aston Villa,30178,St. Mary's Stadium,Andy Madley,Informe del partido,
970,11,Sáb,06/11/2021,12:30,Manchester Utd,0.9,0–2,1.6,Manchester City,73086,Old Trafford,Michael Oliver,Informe del partido,
971,11,Sáb,06/11/2021,15:00,Brentford,2.5,1–2,1.2,Norwich City,16837,Brentford Community Stadium,Jarred Gillett,Informe del partido,
972,11,Sáb,06/11/2021,15:00,Chelsea,1.8,1–1,0.7,Burnley,39798,Stamford Bridge,Andre Marriner,Informe del partido,
973,11,Sáb,06/11/2021,15:00,Crystal Palace,1.9,2–0,0.3,Wolves,24390,Selhurst Park,Graham Scott,Informe del partido,
974,11,Sáb,06/11/2021,17:30,Brighton,1.5,1–1,0.3,Newcastle Utd,31267,The American Express Community Stadium,David Coote,Informe del partido,
975,11,Dom,07/11/2021,14:00,Everton,0.6,0–0,0.7,Tottenham,39059,Goodison Park,Chris Kavanagh,Informe del partido,
976,11,Dom,07/11/2021,14:00,Leeds United,1.3,1–1,0.7,Leicester City,36478,Elland Road,Darren England,Informe del partido,
977,11,Dom,07/11/2021,14:00,Arsenal,1.6,1–0,0.5,Watford,59833,Emirates Stadium,Kevin Friend,Informe del partido,
978,11,Dom,07/11/2021,16:30,West Ham,1,3–2,1.2,Liverpool,59909,London Stadium,Craig Pawson,Informe del partido,
979,,,,,,,,,,,,,,
980,12,Sáb,20/11/2021,12:30,Leicester City,0.4,0–3,2,Chelsea,35497,King Power Stadium,Paul Tierney,Informe del partido,
981,12,Sáb,20/11/2021,15:00,Wolves,1.4,1–0,0.4,West Ham,30667,Molineux Stadium,Mike Dean,Informe del partido,
982,12,Sáb,20/11/2021,15:00,Watford,2.7,4–1,1.4,Manchester Utd,21087,Vicarage Road Stadium,Jonathan Moss,Informe del partido,
983,12,Sáb,20/11/2021,15:00,Norwich City,0.5,2–1,1,Southampton,26885,Carrow Road,Martin Atkinson,Informe del partido,
984,12,Sáb,20/11/2021,15:00,Aston Villa,0.7,2–0,0.4,Brighton,41925,Villa Park,Anthony Taylor,Informe del partido,
985,12,Sáb,20/11/2021,15:00,Newcastle Utd,1.5,3–3,0.9,Brentford,52131,St. James' Park,Robert Jones,Informe del partido,
986,12,Sáb,20/11/2021,15:00,Burnley,1.5,3–3,1.9,Crystal Palace,18028,Turf Moor,Simon Hooper,Informe del partido,
987,12,Sáb,20/11/2021,17:30,Liverpool,4.3,4–0,0.4,Arsenal,53092,Anfield,Michael Oliver,Informe del partido,
988,12,Dom,21/11/2021,14:00,Manchester City,2.5,3–0,0.2,Everton,52571,Etihad Stadium,Stuart Attwell,Informe del partido,
989,12,Dom,21/11/2021,16:30,Tottenham,2.1,2–1,1.4,Leeds United,58989,Tottenham Hotspur Stadium,Andre Marriner,Informe del partido,
990,,,,,,,,,,,,,,
991,13,Sáb,27/11/2021,12:30,Arsenal,2.5,2–0,0.3,Newcastle Utd,59886,Emirates Stadium,Stuart Attwell,Informe del partido,
992,13,Sáb,27/11/2021,15:00,Crystal Palace,1,1–2,0.5,Aston Villa,25203,Selhurst Park,Michael Salisbury,Informe del partido,
993,13,Sáb,27/11/2021,15:00,Liverpool,2.9,4–0,1,Southampton,53040,Anfield,Andre Marriner,Informe del partido,
994,13,Sáb,27/11/2021,15:00,Norwich City,1.6,0–0,0.3,Wolves,26911,Carrow Road,Simon Hooper,Informe del partido,
995,13,Sáb,27/11/2021,17:30,Brighton,2.1,0–0,0.6,Leeds United,31166,The American Express Community Stadium,Craig Pawson,Informe del partido,
996,13,Dom,28/11/2021,14:00,Brentford,1.2,1–0,1,Everton,16957,Brentford Community Stadium,Darren England,Informe del partido,
997,13,Dom,28/11/2021,14:00,Leicester City,2.1,4–2,2.8,Watford,32020,King Power Stadium,Andy Madley,Informe del partido,
998,13,Dom,28/11/2021,14:00,Manchester City,2.1,2–1,0.2,West Ham,53245,Etihad Stadium,Michael Oliver,Informe del partido,
999,13,Dom,28/11/2021,16:30,Chelsea,2.7,1–1,0.9,Manchester Utd,40041,Stamford Bridge,Anthony Taylor,Informe del partido,
1000,,,,,,,,,,,,,,
1001,14,Mar,30/11/2021,19:30,Newcastle Utd,1.1,1–1,1.2,Norwich City,50757,St. James' Park,Andy Madley,Informe del partido,
1002,14,Mar,30/11/2021,20:15,Leeds United,1.4,1–0,1.1,Crystal Palace,35558,Elland Road,Kevin Friend,Informe del partido,
1003,14,Mié,01/12/2021,19:30,Southampton,1.5,2–2,1.5,Leicester City,26951,St. Mary's Stadium,Robert Jones,Informe del partido,
1004,14,Mié,01/12/2021,19:30,West Ham,1.3,1–1,1.3,Brighton,59626,London Stadium,Chris Kavanagh,Informe del partido,
1005,14,Mié,01/12/2021,19:30,Wolves,0.7,0–0,0.2,Burnley,30328,Molineux Stadium,John Brooks,Informe del partido,
1006,14,Mié,01/12/2021,19:30,Watford,1,1–2,0.9,Chelsea,20388,Vicarage Road Stadium,David Coote,Informe del partido,
1007,14,Mié,01/12/2021,20:15,Aston Villa,0.8,1–2,1,Manchester City,41400,Villa Park,Mike Dean,Informe del partido,
1008,14,Mié,01/12/2021,20:15,Everton,0.7,1–4,2.4,Liverpool,39641,Goodison Park,Paul Tierney,Informe del partido,
1009,14,Jue,02/12/2021,19:30,Tottenham,1.9,2–0,0.3,Brentford,54202,Tottenham Hotspur Stadium,Jonathan Moss,Informe del partido,
1010,14,Jue,02/12/2021,20:15,Manchester Utd,1.9,3–2,1.4,Arsenal,73123,Old Trafford,Martin Atkinson,Informe del partido,
1011,,,,,,,,,,,,,,
1012,15,Sáb,04/12/2021,12:30,West Ham,1.8,3–2,1.1,Chelsea,59942,London Stadium,Andre Marriner,Informe del partido,
1013,15,Sáb,04/12/2021,15:00,Newcastle Utd,1,1–0,0.6,Burnley,51948,St. James' Park,Paul Tierney,Informe del partido,
1014,15,Sáb,04/12/2021,15:00,Southampton,1.6,1–1,1.6,Brighton,28706,St. Mary's Stadium,Anthony Taylor,Informe del partido,
1015,15,Sáb,04/12/2021,15:00,Wolves,0.1,0–1,2.7,Liverpool,30729,Molineux Stadium,Chris Kavanagh,Informe del partido,
1016,15,Sáb,04/12/2021,17:30,Watford,0.8,1–3,3.1,Manchester City,20673,Vicarage Road Stadium,Simon Hooper,Informe del partido,
1017,15,Dom,05/12/2021,14:00,Leeds United,1.2,2–2,1,Brentford,35639,Elland Road,David Coote,Informe del partido,
1018,15,Dom,05/12/2021,14:00,Tottenham,1.6,3–0,1.2,Norwich City,57088,Tottenham Hotspur Stadium,Jarred Gillett,Informe del partido,
1019,15,Dom,05/12/2021,14:00,Manchester Utd,0.9,1–0,0.5,Crystal Palace,73172,Old Trafford,Craig Pawson,Informe del partido,
1020,15,Dom,05/12/2021,16:30,Aston Villa,2.1,2–1,1.1,Leicester City,41572,Villa Park,Michael Oliver,Informe del partido,
1021,15,Lun,06/12/2021,20:00,Everton,0.9,2–1,1,Arsenal,38906,Goodison Park,Mike Dean,Informe del partido,
1022,,,,,,,,,,,,,,
1023,16,Vie,10/12/2021,20:00,Brentford,1.6,2–1,0.5,Watford,16861,Brentford Community Stadium,Michael Oliver,Informe del partido,
1024,16,Sáb,11/12/2021,12:30,Manchester City,3.2,1–0,0.2,Wolves,52613,Etihad Stadium,Jonathan Moss,Informe del partido,
1025,16,Sáb,11/12/2021,15:00,Liverpool,2.2,1–0,0.2,Aston Villa,53093,Anfield,Stuart Attwell,Informe del partido,
1026,16,Sáb,11/12/2021,15:00,Arsenal,1.8,3–0,0.6,Southampton,59653,Emirates Stadium,Jarred Gillett,Informe del partido,
1027,16,Sáb,11/12/2021,15:00,Chelsea,2.5,3–2,1.4,Leeds United,39959,Stamford Bridge,Chris Kavanagh,Informe del partido,
1028,16,Sáb,11/12/2021,17:30,Norwich City,1.2,0–1,2,Manchester Utd,27606,Carrow Road,Darren England,Informe del partido,
1029,16,Dom,12/12/2021,14:00,Burnley,0.8,0–0,0.8,West Ham,18065,Turf Moor,Graham Scott,Informe del partido,
1030,16,Dom,12/12/2021,14:00,Leicester City,2.6,4–0,1,Newcastle Utd,31959,King Power Stadium,Peter Bankes,Informe del partido,
1031,16,Dom,12/12/2021,16:30,Crystal Palace,1.8,3–1,1,Everton,24066,Selhurst Park,Andy Madley,Informe del partido,
1032,,,,,,,,,,,,,,
1033,17,Mar,14/12/2021,19:45,Norwich City,0.5,0–2,2,Aston Villa,26836,Carrow Road,David Coote,Informe del partido,
1034,17,Mar,14/12/2021,20:00,Manchester City,3.1,7–0,0.3,Leeds United,52401,Etihad Stadium,Paul Tierney,Informe del partido,
1035,17,Mié,15/12/2021,19:30,Brighton,1.2,0–1,1,Wolves,30362,The American Express Community Stadium,Tony Harrington,Informe del partido,
1036,17,Mié,15/12/2021,19:30,Crystal Palace,1.2,2–2,0.6,Southampton,22861,Selhurst Park,Simon Hooper,Informe del partido,
1037,17,Mié,15/12/2021,20:00,Arsenal,2.8,2–0,0.4,West Ham,59777,Emirates Stadium,Anthony Taylor,Informe del partido,
1038,17,Jue,16/12/2021,19:45,Chelsea,2.9,1–1,0.6,Everton,13933,Stamford Bridge,Michael Oliver,Informe del partido,
1039,17,Jue,16/12/2021,20:00,Liverpool,2.7,3–1,0.3,Newcastle Utd,52951,Anfield,Mike Dean,Informe del partido,
1040,,,,,,,,,,,,,,
1041,18,Sáb,18/12/2021,17:30,Leeds United,1.6,1–4,3.5,Arsenal,36166,Elland Road,Andre Marriner,Informe del partido,
1042,18,Dom,19/12/2021,14:00,Wolves,0.2,0–0,0.9,Chelsea,30631,Molineux Stadium,David Coote,Informe del partido,
1043,18,Dom,19/12/2021,14:15,Newcastle Utd,0.3,0–4,2.9,Manchester City,52127,St. James' Park,Martin Atkinson,Informe del partido,
1044,18,Dom,19/12/2021,16:30,Tottenham,3,2–2,1.1,Liverpool,45421,Tottenham Hotspur Stadium,Paul Tierney,Informe del partido,
1045,,,,,,,,,,,,,,
1046,19,Dom,26/12/2021,15:00,West Ham,1.6,2–3,1.2,Southampton,41027,London Stadium,Kevin Friend,Informe del partido,
1047,19,Dom,26/12/2021,15:00,Manchester City,3.6,6–3,2.7,Leicester City,53226,Etihad Stadium,Chris Kavanagh,Informe del partido,
1048,19,Dom,26/12/2021,15:00,Norwich City,0.1,0–5,2.5,Arsenal,26940,Carrow Road,Graham Scott,Informe del partido,
1049,19,Dom,26/12/2021,15:00,Tottenham,2.3,3–0,0.2,Crystal Palace,40539,Tottenham Hotspur Stadium,Jonathan Moss,Informe del partido,
1050,19,Dom,26/12/2021,17:30,Aston Villa,0.4,1–3,2.6,Chelsea,41907,Villa Park,Martin Atkinson,Informe del partido,
1051,19,Dom,26/12/2021,20:00,Brighton,0.8,2–0,0.7,Brentford,30141,The American Express Community Stadium,Darren England,Informe del partido,
1052,19,Lun,27/12/2021,20:00,Newcastle Utd,1.3,1–1,1.6,Manchester Utd,52178,St. James' Park,Craig Pawson,Informe del partido,
1053,,,,,,,,,,,,,,
1054,20,Mar,28/12/2021,15:00,Southampton,0.4,1–1,2.3,Tottenham,31304,St. Mary's Stadium,Anthony Taylor,Informe del partido,
1055,20,Mar,28/12/2021,15:00,Crystal Palace,1.9,3–0,0.9,Norwich City,24433,Selhurst Park,Paul Tierney,Informe del partido,
1056,20,Mar,28/12/2021,15:00,Watford,1.6,1–4,3.6,West Ham,20073,Vicarage Road Stadium,Darren England,Informe del partido,
1057,20,Mar,28/12/2021,20:00,Leicester City,0.4,1–0,2.3,Liverpool,32230,King Power Stadium,Michael Oliver,Informe del partido,
1058,20,Mié,29/12/2021,19:30,Chelsea,0.7,1–1,0.9,Brighton,40080,Stamford Bridge,Mike Dean,Informe del partido,
1059,20,Mié,29/12/2021,20:15,Brentford,0.4,0–1,1.1,Manchester City,17009,Brentford Community Stadium,David Coote,Informe del partido,
1060,20,Jue,30/12/2021,20:15,Manchester Utd,2.4,3–1,1.1,Burnley,73121,Old Trafford,Jonathan Moss,Informe del partido,
1061,,,,,,,,,,,,,,
1062,21,Sáb,01/01/2022,12:30,Arsenal,0.8,1–2,2,Manchester City,59757,Emirates Stadium,Stuart Attwell,Informe del partido,
1063,21,Sáb,01/01/2022,15:00,Watford,0.3,0–1,2.2,Tottenham,20391,Vicarage Road Stadium,Robert Jones,Informe del partido,
1064,21,Sáb,01/01/2022,17:30,Crystal Palace,2.4,2–3,2.2,West Ham,24351,Selhurst Park,Darren England,Informe del partido,
1065,21,Dom,02/01/2022,14:00,Leeds United,1.9,3–1,1,Burnley,36083,Elland Road,Paul Tierney,Informe del partido,
1066,21,Dom,02/01/2022,14:00,Brentford,0.6,2–1,0.8,Aston Villa,16876,Brentford Community Stadium,Craig Pawson,Informe del partido,
1067,21,Dom,02/01/2022,14:00,Everton,1.6,2–3,1.7,Brighton,38203,Goodison Park,John Brooks,Informe del partido,
1068,21,Dom,02/01/2022,16:30,Chelsea,1.2,2–2,1.3,Liverpool,40072,Stamford Bridge,Anthony Taylor,Informe del partido,
1069,21,Lun,03/01/2022,17:30,Manchester Utd,0.8,0–1,0.7,Wolves,73045,Old Trafford,Mike Dean,Informe del partido,
1070,,,,,,,,,,,,,,
1071,18,Mar,11/01/2022,19:45,Southampton,1.4,4–1,0.5,Brentford,27383,St. Mary's Stadium,Stuart Attwell,Informe del partido,
1072,18,Mié,12/01/2022,19:45,West Ham,2.5,2–0,0.3,Norwich City,59775,London Stadium,Simon Hooper,Informe del partido,
1073,,,,,,,,,,,,,,
1074,22,Vie,14/01/2022,20:00,Brighton,2,1–1,0.2,Crystal Palace,30675,The American Express Community Stadium,Robert Jones,Informe del partido,
1075,22,Sáb,15/01/2022,12:30,Manchester City,1,1–0,0.3,Chelsea,53319,Etihad Stadium,Craig Pawson,Informe del partido,
1076,22,Sáb,15/01/2022,15:00,Norwich City,1,2–1,0.6,Everton,26629,Carrow Road,Andy Madley,Informe del partido,
1077,22,Sáb,15/01/2022,15:00,Newcastle Utd,1.2,1–1,1.4,Watford,52223,St. James' Park,Paul Tierney,Informe del partido,
1078,22,Sáb,15/01/2022,15:00,Wolves,2.5,3–1,0.8,Southampton,30057,Molineux Stadium,Michael Salisbury,Informe del partido,
1079,22,Sáb,15/01/2022,17:30,Aston Villa,1.9,2–2,1,Manchester Utd,41968,Villa Park,David Coote,Informe del partido,
1080,22,Dom,16/01/2022,14:00,West Ham,2.4,2–3,2.2,Leeds United,59951,London Stadium,Mike Dean,Informe del partido,
1081,22,Dom,16/01/2022,14:00,Liverpool,2.7,3–0,0.7,Brentford,52824,Anfield,Jonathan Moss,Informe del partido,
1082,,,,,,,,,,,,,,
1083,24,Mar,18/01/2022,20:00,Brighton,0.7,1–1,0.7,Chelsea,30880,The American Express Community Stadium,Kevin Friend,Informe del partido,
1084,,,,,,,,,,,,,,
1085,17,Mié,19/01/2022,19:30,Leicester City,1.2,2–3,3.1,Tottenham,31986,King Power Stadium,Jonathan Moss,Informe del partido,
1086,17,Mié,19/01/2022,20:00,Brentford,2.3,1–3,2.3,Manchester Utd,17094,Brentford Community Stadium,Andre Marriner,Informe del partido,
1087,,,,,,,,,,,,,,
1088,23,Vie,21/01/2022,20:00,Watford,1.2,0–3,1.1,Norwich City,20782,Vicarage Road Stadium,Mike Dean,Informe del partido,
1089,23,Sáb,22/01/2022,12:30,Everton,1.6,0–1,0.8,Aston Villa,38203,Goodison Park,Craig Pawson,Informe del partido,
1090,23,Sáb,22/01/2022,15:00,Leeds United,0.7,0–1,0.9,Newcastle Utd,36405,Elland Road,Chris Kavanagh,Informe del partido,
1091,23,Sáb,22/01/2022,15:00,Manchester Utd,1.9,1–0,0.3,West Ham,73130,Old Trafford,Jonathan Moss,Informe del partido,
1092,23,Sáb,22/01/2022,15:00,Brentford,1.1,1–2,0.2,Wolves,16982,Brentford Community Stadium,Peter Bankes,Informe del partido,
1093,23,Sáb,22/01/2022,17:30,Southampton,0.8,1–1,1.8,Manchester City,31178,St. Mary's Stadium,Simon Hooper,Informe del partido,
1094,23,Dom,23/01/2022,14:00,Crystal Palace,2.2,1–3,1.9,Liverpool,25002,Selhurst Park,Kevin Friend,Informe del partido,
1095,23,Dom,23/01/2022,14:00,Arsenal,1.2,0–0,0.4,Burnley,59255,Emirates Stadium,David Coote,Informe del partido,
1096,23,Dom,23/01/2022,14:00,Leicester City,1.4,1–1,1.1,Brighton,31231,King Power Stadium,Martin Atkinson,Informe del partido,
1097,23,Dom,23/01/2022,16:30,Chelsea,1.2,2–0,0.5,Tottenham,40020,Stamford Bridge,Paul Tierney,Informe del partido,
1098,,,,,,,,,,,,,,
1099,17,Sáb,05/02/2022,18:00,Burnley,0.6,0–0,0.8,Watford,19527,Turf Moor,Craig Pawson,Informe del partido,
1100,,,,,,,,,,,,,,
1101,24,Mar,08/02/2022,19:45,West Ham,0.8,1–0,0.3,Watford,59581,London Stadium,Martin Atkinson,Informe del partido,
1102,24,Mar,08/02/2022,19:45,Newcastle Utd,1.9,3–1,0.7,Everton,52186,St. James' Park,Anthony Taylor,Informe del partido,
1103,24,Mar,08/02/2022,20:00,Burnley,0.4,1–1,1.8,Manchester Utd,21233,Turf Moor,Mike Dean,Informe del partido,
1104,24,Mié,09/02/2022,19:45,Tottenham,1.4,2–3,2.2,Southampton,54012,Tottenham Hotspur Stadium,David Coote,Informe del partido,
1105,24,Mié,09/02/2022,19:45,Norwich City,0.4,1–1,1.3,Crystal Palace,26652,Carrow Road,Paul Tierney,Informe del partido,
1106,24,Mié,09/02/2022,19:45,Manchester City,1.9,2–0,0.4,Brentford,51658,Etihad Stadium,Darren England,Informe del partido,
1107,24,Mié,09/02/2022,20:00,Aston Villa,1.6,3–3,1.8,Leeds United,41927,Villa Park,Jarred Gillett,Informe del partido,
1108,24,Jue,10/02/2022,19:45,Liverpool,1.8,2–0,0.5,Leicester City,53050,Anfield,Chris Kavanagh,Informe del partido,
1109,24,Jue,10/02/2022,19:45,Wolves,0.8,0–1,1.8,Arsenal,31523,Molineux Stadium,Michael Oliver,Informe del partido,
1110,,,,,,,,,,,,,,
1111,25,Sáb,12/02/2022,12:30,Manchester Utd,2.1,1–1,0.8,Southampton,73084,Old Trafford,Stuart Attwell,Informe del partido,
1112,25,Sáb,12/02/2022,15:00,Everton,2.7,3–0,0.3,Leeds United,39150,Goodison Park,Graham Scott,Informe del partido,
1113,25,Sáb,12/02/2022,15:00,Brentford,1.6,0–0,0.3,Crystal Palace,16958,Brentford Community Stadium,Simon Hooper,Informe del partido,
1114,25,Sáb,12/02/2022,15:00,Watford,0.5,0–2,1.6,Brighton,20795,Vicarage Road Stadium,Jonathan Moss,Informe del partido,
1115,25,Sáb,12/02/2022,17:30,Norwich City,0.4,0–4,4.6,Manchester City,27010,Carrow Road,Andre Marriner,Informe del partido,
1116,25,Dom,13/02/2022,14:00,Newcastle Utd,0.5,1–0,0.6,Aston Villa,52207,St. James' Park,Craig Pawson,Informe del partido,
1117,25,Dom,13/02/2022,14:00,Burnley,1.5,0–1,1.7,Liverpool,19563,Turf Moor,Martin Atkinson,Informe del partido,
1118,25,Dom,13/02/2022,14:00,Tottenham,1.2,0–2,1.3,Wolves,56452,Tottenham Hotspur Stadium,Kevin Friend,Informe del partido,
1119,25,Dom,13/02/2022,16:30,Leicester City,1.4,2–2,1.1,West Ham,32061,King Power Stadium,Michael Oliver,Informe del partido,
1120,,,,,,,,,,,,,,
1121,18,Mar,15/02/2022,20:15,Manchester Utd,1.7,2–0,0.7,Brighton,73012,Old Trafford,Peter Bankes,Informe del partido,
1122,,,,,,,,,,,,,,
1123,26,Sáb,19/02/2022,12:30,West Ham,0.6,1–1,0.8,Newcastle Utd,59949,London Stadium,Chris Kavanagh,Informe del partido,
1124,26,Sáb,19/02/2022,15:00,Aston Villa,1.3,0–1,1.2,Watford,41936,Villa Park,Robert Jones,Informe del partido,
1125,26,Sáb,19/02/2022,15:00,Arsenal,1.7,2–1,0.6,Brentford,59249,Emirates Stadium,Jonathan Moss,Informe del partido,
1126,26,Sáb,19/02/2022,15:00,Southampton,2.5,2–0,0.3,Everton,31312,St. Mary's Stadium,Andy Madley,Informe del partido,
1127,26,Sáb,19/02/2022,15:00,Liverpool,3.6,3–1,0.6,Norwich City,53135,Anfield,Mike Dean,Informe del partido,
1128,26,Sáb,19/02/2022,15:00,Brighton,0.6,0–3,0.7,Burnley,30361,The American Express Community Stadium,Kevin Friend,Informe del partido,
1129,26,Sáb,19/02/2022,15:00,Crystal Palace,0.5,0–1,0.9,Chelsea,25109,Selhurst Park,David Coote,Informe del partido,
1130,26,Sáb,19/02/2022,17:30,Manchester City,2.1,2–3,1.4,Tottenham,53201,Etihad Stadium,Anthony Taylor,Informe del partido,
1131,26,Dom,20/02/2022,14:00,Leeds United,1.8,2–4,2.2,Manchester Utd,36715,Elland Road,Paul Tierney,Informe del partido,
1132,26,Dom,20/02/2022,16:30,Wolves,0.5,2–1,1.7,Leicester City,31587,Molineux Stadium,Craig Pawson,Informe del partido,
1133,,,,,,,,,,,,,,
1134,13,Mié,23/02/2022,19:30,Burnley,0.9,1–0,0.7,Tottenham,19488,Turf Moor,Graham Scott,Informe del partido,
1135,,,,,,,,,,,,,,
1136,18,Mié,23/02/2022,19:30,Watford,1.4,1–4,1.1,Crystal Palace,20012,Vicarage Road Stadium,Andre Marriner,Informe del partido,
1137,,,,,,,,,,,,,,
1138,19,Mié,23/02/2022,19:45,Liverpool,5.9,6–0,0.2,Leeds United,53018,Anfield,Michael Oliver,Informe del partido,
1139,,,,,,,,,,,,,,
1140,20,Jue,24/02/2022,19:45,Arsenal,3.1,2–1,1,Wolves,59888,Emirates Stadium,Martin Atkinson,Informe del partido,
1141,,,,,,,,,,,,,,
1142,27,Vie,25/02/2022,20:00,Southampton,2.6,2–0,0.6,Norwich City,31182,St. Mary's Stadium,Simon Hooper,Informe del partido,
1143,27,Sáb,26/02/2022,12:30,Leeds United,1.5,0–4,1.9,Tottenham,36599,Elland Road,Craig Pawson,Informe del partido,
1144,27,Sáb,26/02/2022,15:00,Crystal Palace,1,1–1,0.2,Burnley,24203,Selhurst Park,Jonathan Moss,Informe del partido,
1145,27,Sáb,26/02/2022,15:00,Manchester Utd,2.8,0–0,0.6,Watford,73152,Old Trafford,Kevin Friend,Informe del partido,
1146,27,Sáb,26/02/2022,15:00,Brighton,0.7,0–2,1,Aston Villa,31475,The American Express Community Stadium,John Brooks,Informe del partido,
1147,27,Sáb,26/02/2022,15:00,Brentford,0.4,0–2,2.7,Newcastle Utd,17039,Brentford Community Stadium,Mike Dean,Informe del partido,
1148,27,Sáb,26/02/2022,17:30,Everton,0.5,0–1,1.8,Manchester City,39105,Goodison Park,Paul Tierney,Informe del partido,
1149,27,Dom,27/02/2022,14:00,West Ham,1.8,1–0,0.7,Wolves,59946,London Stadium,Anthony Taylor,Informe del partido,
1150,,,,,,,,,,,,,,
1151,22,Mar,01/03/2022,19:45,Burnley,0.9,0–2,1.5,Leicester City,17825,Turf Moor,Chris Kavanagh,Informe del partido,
1152,,,,,,,,,,,,,,
1153,28,Sáb,05/03/2022,12:30,Leicester City,0.4,1–0,1.7,Leeds United,32236,King Power Stadium,David Coote,Informe del partido,
1154,28,Sáb,05/03/2022,15:00,Newcastle Utd,1.7,2–1,1.5,Brighton,52214,St. James' Park,Martin Atkinson,Informe del partido,
1155,28,Sáb,05/03/2022,15:00,Aston Villa,2.5,4–0,1.1,Southampton,41855,Villa Park,Peter Bankes,Informe del partido,
1156,28,Sáb,05/03/2022,15:00,Burnley,0.7,0–4,2.3,Chelsea,19439,Turf Moor,Andre Marriner,Informe del partido,
1157,28,Sáb,05/03/2022,15:00,Wolves,0.7,0–2,2.7,Crystal Palace,31395,Molineux Stadium,Andy Madley,Informe del partido,
1158,28,Sáb,05/03/2022,15:00,Norwich City,1,1–3,2,Brentford,26887,Carrow Road,Anthony Taylor,Informe del partido,
1159,28,Sáb,05/03/2022,17:30,Liverpool,2.4,1–0,1.3,West Ham,59925,Anfield,Jonathan Moss,Informe del partido,
1160,28,Dom,06/03/2022,14:00,Watford,1,2–3,1,Arsenal,21142,Vicarage Road Stadium,Craig Pawson,Informe del partido,
1161,28,Dom,06/03/2022,16:30,Manchester City,2.7,4–1,0.5,Manchester Utd,53165,Etihad Stadium,Michael Oliver,Informe del partido,
1162,28,Lun,07/03/2022,20:00,Tottenham,2.5,5–0,0.2,Everton,59647,Tottenham Hotspur Stadium,Stuart Attwell,Informe del partido,
1163,,,,,,,,,,,,,,
1164,19,Jue,10/03/2022,19:30,Wolves,0.7,4–0,0.6,Watford,29658,Molineux Stadium,Darren England,Informe del partido,
1165,,,,,,,,,,,,,,
1166,21,Jue,10/03/2022,19:30,Southampton,1.1,1–2,0.6,Newcastle Utd,30056,St. Mary's Stadium,Kevin Friend,Informe del partido,
1167,,,,,,,,,,,,,,
1168,30,Jue,10/03/2022,19:30,Norwich City,1,1–3,1.8,Chelsea,26684,Carrow Road,Martin Atkinson,Informe del partido,
1169,,,,,,,,,,,,,,
1170,20,Jue,10/03/2022,19:45,Leeds United,0.2,0–3,1.5,Aston Villa,36400,Elland Road,Simon Hooper,Informe del partido,
1171,,,,,,,,,,,,,,
1172,29,Sáb,12/03/2022,12:30,Brighton,0.5,0–2,2.2,Liverpool,31474,The American Express Community Stadium,Mike Dean,Informe del partido,
1173,29,Sáb,12/03/2022,15:00,Brentford,1.9,2–0,0.7,Burnley,17088,Brentford Community Stadium,Paul Tierney,Informe del partido,
1174,29,Sáb,12/03/2022,17:30,Manchester Utd,1,3–2,1.5,Tottenham,73458,Old Trafford,Jonathan Moss,Informe del partido,
1175,29,Dom,13/03/2022,14:00,Chelsea,1.1,1–0,0.3,Newcastle Utd,40026,Stamford Bridge,David Coote,Informe del partido,
1176,29,Dom,13/03/2022,14:00,Southampton,1.4,1–2,1.7,Watford,28863,St. Mary's Stadium,Graham Scott,Informe del partido,
1177,29,Dom,13/03/2022,14:00,West Ham,1.2,2–1,1.1,Aston Villa,59957,London Stadium,Jarred Gillett,Informe del partido,
1178,29,Dom,13/03/2022,14:00,Everton,0.4,0–1,0.8,Wolves,39112,Goodison Park,Michael Oliver,Informe del partido,
1179,29,Dom,13/03/2022,14:00,Leeds United,2.5,2–1,1.5,Norwich City,36321,Elland Road,Stuart Attwell,Informe del partido,
1180,29,Dom,13/03/2022,16:30,Arsenal,2.4,2–0,0.4,Leicester City,60111,Emirates Stadium,Anthony Taylor,Informe del partido,
1181,29,Lun,14/03/2022,20:00,Crystal Palace,0.6,0–0,2.8,Manchester City,25309,Selhurst Park,Martin Atkinson,Informe del partido,
1182,,,,,,,,,,,,,,
1183,16,Mié,16/03/2022,19:30,Brighton,0.7,0–2,2.2,Tottenham,31144,The American Express Community Stadium,Robert Jones,Informe del partido,
1184,,,,,,,,,,,,,,
1185,27,Mié,16/03/2022,20:15,Arsenal,0.5,0–2,0.8,Liverpool,59968,Emirates Stadium,Andre Marriner,Informe del partido,
1186,,,,,,,,,,,,,,
1187,20,Jue,17/03/2022,19:45,Everton,0.7,1–0,0.9,Newcastle Utd,39068,Goodison Park,Craig Pawson,Informe del partido,
1188,,,,,,,,,,,,,,
1189,30,Vie,18/03/2022,20:00,Wolves,1.2,2–3,2,Leeds United,31842,Molineux Stadium,Kevin Friend,Informe del partido,
1190,30,Sáb,19/03/2022,12:30,Aston Villa,0.5,0–1,1.3,Arsenal,41956,Villa Park,Andy Madley,Informe del partido,
1191,30,Dom,20/03/2022,14:00,Leicester City,1,2–1,1.3,Brentford,31830,King Power Stadium,Darren England,Informe del partido,
1192,30,Dom,20/03/2022,16:30,Tottenham,3,3–1,0.6,West Ham,58685,Tottenham Hotspur Stadium,Anthony Taylor,Informe del partido,
1193,,,,,,,,,,,,,,
1194,31,Sáb,02/04/2022,12:30,Liverpool,2.2,2–0,0.6,Watford,53104,Anfield,Stuart Attwell,Informe del partido,
1195,31,Sáb,02/04/2022,15:00,Wolves,1.3,2–1,2.1,Aston Villa,31012,Molineux Stadium,Darren England,Informe del partido,
1196,31,Sáb,02/04/2022,15:00,Leeds United,1.2,1–1,1.4,Southampton,36580,Elland Road,Anthony Taylor,Informe del partido,
1197,31,Sáb,02/04/2022,15:00,Chelsea,1.3,1–4,1.8,Brentford,39061,Stamford Bridge,Andy Madley,Informe del partido,
1198,31,Sáb,02/04/2022,15:00,Burnley,0.1,0–2,1.8,Manchester City,21249,Turf Moor,Craig Pawson,Informe del partido,
1199,31,Sáb,02/04/2022,15:00,Brighton,2.8,0–0,0.4,Norwich City,31245,The American Express Community Stadium,Simon Hooper,Informe del partido,
1200,31,Sáb,02/04/2022,17:30,Manchester Utd,0.9,1–1,0.8,Leicester City,73444,Old Trafford,Andre Marriner,Informe del partido,
1201,31,Dom,03/04/2022,14:00,West Ham,1.2,2–1,0.7,Everton,59953,London Stadium,Michael Oliver,Informe del partido,
1202,31,Dom,03/04/2022,16:30,Tottenham,3.1,5–1,0.5,Newcastle Utd,57553,Tottenham Hotspur Stadium,Martin Atkinson,Informe del partido,
1203,31,Lun,04/04/2022,20:00,Crystal Palace,1.5,3–0,0.8,Arsenal,25149,Selhurst Park,Paul Tierney,Informe del partido,
1204,,,,,,,,,,,,,,
1205,19,Mié,06/04/2022,19:30,Burnley,2,3–2,2.4,Everton,19830,Turf Moor,Mike Dean,Informe del partido,
1206,,,,,,,,,,,,,,
1207,32,Vie,08/04/2022,20:00,Newcastle Utd,1.5,1–0,0.4,Wolves,52164,St. James' Park,Peter Bankes,Informe del partido,
1208,32,Sáb,09/04/2022,12:30,Everton,0.4,1–0,0.8,Manchester Utd,39080,Goodison Park,Jonathan Moss,Informe del partido,
1209,32,Sáb,09/04/2022,15:00,Arsenal,1.9,1–2,0.6,Brighton,60112,Emirates Stadium,David Coote,Informe del partido,
1210,32,Sáb,09/04/2022,15:00,Southampton,0.5,0–6,4.2,Chelsea,31359,St. Mary's Stadium,Kevin Friend,Informe del partido,
1211,32,Sáb,09/04/2022,15:00,Watford,1.1,0–3,0.7,Leeds United,20957,Vicarage Road Stadium,Andre Marriner,Informe del partido,
1212,32,Sáb,09/04/2022,17:30,Aston Villa,1.6,0–4,1.1,Tottenham,41949,Villa Park,Graham Scott,Informe del partido,
1213,32,Dom,10/04/2022,14:00,Brentford,1.4,2–0,0.3,West Ham,17032,Brentford Community Stadium,Martin Atkinson,Informe del partido,
1214,32,Dom,10/04/2022,14:00,Leicester City,1,2–1,1.4,Crystal Palace,31896,King Power Stadium,Robert Jones,Informe del partido,
1215,32,Dom,10/04/2022,14:00,Norwich City,1.7,2–0,1.7,Burnley,26361,Carrow Road,Michael Oliver,Informe del partido,
1216,32,Dom,10/04/2022,16:30,Manchester City,1.3,2–2,1.3,Liverpool,53197,Etihad Stadium,Anthony Taylor,Informe del partido,
1217,,,,,,,,,,,,,,
1218,33,Sáb,16/04/2022,12:30,Tottenham,0.5,0–1,0.6,Brighton,58685,Tottenham Hotspur Stadium,Craig Pawson,Informe del partido,
1219,33,Sáb,16/04/2022,15:00,Manchester Utd,1.9,3–2,1.5,Norwich City,73381,Old Trafford,Andy Madley,Informe del partido,
1220,33,Sáb,16/04/2022,15:00,Watford,1.7,1–2,1.9,Brentford,21045,Vicarage Road Stadium,Simon Hooper,Informe del partido,
1221,33,Sáb,16/04/2022,15:00,Southampton,0.8,1–0,1.7,Arsenal,31465,St. Mary's Stadium,Peter Bankes,Informe del partido,
1222,33,Dom,17/04/2022,14:15,Newcastle Utd,1.8,2–1,0.6,Leicester City,52104,St. James' Park,Jarred Gillett,Informe del partido,
1223,33,Dom,17/04/2022,14:15,West Ham,2.2,1–1,1.8,Burnley,59958,London Stadium,Paul Tierney,Informe del partido,
1224,,,,,,,,,,,,,,
1225,30,Mar,19/04/2022,20:00,Liverpool,2,4–0,0.1,Manchester Utd,52686,Anfield,Martin Atkinson,Informe del partido,
1226,,,,,,,,,,,,,,
1227,18,Mié,20/04/2022,19:45,Everton,1.8,1–1,0.9,Leicester City,39153,Goodison Park,David Coote,Informe del partido,
1228,,,,,,,,,,,,,,
1229,25,Mié,20/04/2022,19:45,Chelsea,0.7,2–4,2,Arsenal,32249,Stamford Bridge,Jonathan Moss,Informe del partido,
1230,,,,,,,,,,,,,,
1231,30,Mié,20/04/2022,19:45,Newcastle Utd,0.9,1–0,0.5,Crystal Palace,51938,St. James' Park,Tony Harrington,Informe del partido,
1232,30,Mié,20/04/2022,20:00,Manchester City,1.3,3–0,0.2,Brighton,52226,Etihad Stadium,Mike Dean,Informe del partido,
1233,30,Jue,21/04/2022,19:45,Burnley,1.5,2–0,0.9,Southampton,17384,Turf Moor,Stuart Attwell,Informe del partido,
1234,,,,,,,,,,,,,,
1235,34,Sáb,23/04/2022,12:30,Arsenal,2.3,3–1,1.8,Manchester Utd,60223,Emirates Stadium,Craig Pawson,Informe del partido,
1236,34,Sáb,23/04/2022,15:00,Leicester City,0.3,0–0,0.9,Aston Villa,32185,King Power Stadium,Andy Madley,Informe del partido,
1237,34,Sáb,23/04/2022,15:00,Manchester City,3.6,5–1,0.5,Watford,53013,Etihad Stadium,Kevin Friend,Informe del partido,
1238,34,Sáb,23/04/2022,15:00,Norwich City,0.6,0–3,1.9,Newcastle Utd,26910,Carrow Road,Chris Kavanagh,Informe del partido,
1239,34,Sáb,23/04/2022,17:30,Brentford,0.9,0–0,0.6,Tottenham,17072,Brentford Community Stadium,Martin Atkinson,Informe del partido,
1240,34,Dom,24/04/2022,14:00,Brighton,1.7,2–2,0.9,Southampton,31335,The American Express Community Stadium,Robert Jones,Informe del partido,
1241,34,Dom,24/04/2022,14:00,Burnley,1.4,1–0,0.6,Wolves,19246,Turf Moor,Anthony Taylor,Informe del partido,
1242,34,Dom,24/04/2022,14:00,Chelsea,3,1–0,0.5,West Ham,32231,Stamford Bridge,Michael Oliver,Informe del partido,
1243,34,Dom,24/04/2022,16:30,Liverpool,1.7,2–0,0.4,Everton,53213,Anfield,Stuart Attwell,Informe del partido,
1244,34,Lun,25/04/2022,20:00,Crystal Palace,1.9,0–0,0.5,Leeds United,25357,Selhurst Park,Darren England,Informe del partido,
1245,,,,,,,,,,,,,,
1246,37,Jue,28/04/2022,19:45,Manchester Utd,0.5,1–1,1.9,Chelsea,73564,Old Trafford,Mike Dean,Informe del partido,
1247,,,,,,,,,,,,,,
1248,35,Sáb,30/04/2022,12:30,Newcastle Utd,0.2,0–1,2.3,Liverpool,52281,St. James' Park,Andre Marriner,Informe del partido,
1249,35,Sáb,30/04/2022,15:00,Watford,1,1–2,1.6,Burnley,20738,Vicarage Road Stadium,Craig Pawson,Informe del partido,
1250,35,Sáb,30/04/2022,15:00,Wolves,0.7,0–3,2.6,Brighton,31243,Molineux Stadium,Simon Hooper,Informe del partido,
1251,35,Sáb,30/04/2022,15:00,Aston Villa,1.8,2–0,0.5,Norwich City,40290,Villa Park,John Brooks,Informe del partido,
1252,35,Sáb,30/04/2022,15:00,Southampton,0.6,1–2,1.1,Crystal Palace,31359,St. Mary's Stadium,Jarred Gillett,Informe del partido,
1253,35,Sáb,30/04/2022,17:30,Leeds United,1.3,0–4,2.4,Manchester City,35771,Elland Road,Paul Tierney,Informe del partido,
1254,35,Dom,01/05/2022,14:00,Tottenham,1.2,3–1,0.5,Leicester City,59482,Tottenham Hotspur Stadium,Jonathan Moss,Informe del partido,
1255,35,Dom,01/05/2022,14:00,Everton,0.8,1–0,0.8,Chelsea,39256,Goodison Park,Kevin Friend,Informe del partido,
1256,35,Dom,01/05/2022,16:30,West Ham,0.5,1–2,0.9,Arsenal,59959,London Stadium,Mike Dean,Informe del partido,
1257,35,Lun,02/05/2022,20:00,Manchester Utd,2,3–0,0.6,Brentford,73482,Old Trafford,Chris Kavanagh,Informe del partido,
1258,,,,,,,,,,,,,,
1259,36,Sáb,07/05/2022,15:00,Crystal Palace,2.2,1–0,0.4,Watford,24622,Selhurst Park,Graham Scott,Informe del partido,
1260,36,Sáb,07/05/2022,15:00,Brentford,2.6,3–0,1.4,Southampton,17051,Brentford Community Stadium,Michael Salisbury,Informe del partido,
1261,36,Sáb,07/05/2022,15:00,Chelsea,1.7,2–2,2,Wolves,32190,Stamford Bridge,Peter Bankes,Informe del partido,
1262,36,Sáb,07/05/2022,15:00,Burnley,1.9,1–3,2.1,Aston Villa,20891,Turf Moor,David Coote,Informe del partido,
1263,36,Sáb,07/05/2022,17:30,Brighton,2.3,4–0,0.9,Manchester Utd,31637,The American Express Community Stadium,Andy Madley,Informe del partido,
1264,36,Sáb,07/05/2022,19:45,Liverpool,1.3,1–1,0.9,Tottenham,53177,Anfield,Michael Oliver,Informe del partido,
1265,36,Dom,08/05/2022,14:00,Leicester City,1.5,1–2,1.1,Everton,32001,King Power Stadium,Craig Pawson,Informe del partido,
1266,36,Dom,08/05/2022,14:00,Norwich City,0.8,0–4,3,West Ham,26428,Carrow Road,Robert Jones,Informe del partido,
1267,36,Dom,08/05/2022,14:00,Arsenal,2,2–1,0.3,Leeds United,60108,Emirates Stadium,Chris Kavanagh,Informe del partido,
1268,36,Dom,08/05/2022,16:30,Manchester City,3.1,5–0,0.8,Newcastle Utd,53336,Etihad Stadium,Stuart Attwell,Informe del partido,
1269,,,,,,,,,,,,,,
1270,33,Mar,10/05/2022,20:00,Aston Villa,1.4,1–2,1.8,Liverpool,41919,Villa Park,Jonathan Moss,Informe del partido,
1271,33,Mié,11/05/2022,19:30,Leeds United,0.4,0–3,1.3,Chelsea,36549,Elland Road,Anthony Taylor,Informe del partido,
1272,,,,,,,,,,,,,,
1273,21,Mié,11/05/2022,19:45,Leicester City,2,3–0,1.1,Norwich City,38092,King Power Stadium,Simon Hooper,Informe del partido,
1274,,,,,,,,,,,,,,
1275,30,Mié,11/05/2022,19:45,Watford,0.3,0–0,0.7,Everton,20653,Vicarage Road Stadium,Mike Dean,Informe del partido,
1276,,,,,,,,,,,,,,
1277,33,Mié,11/05/2022,20:15,Wolves,0.5,1–5,2.3,Manchester City,32000,Molineux Stadium,Martin Atkinson,Informe del partido,
1278,,,,,,,,,,,,,,
1279,22,Jue,12/05/2022,19:45,Tottenham,2.7,3–0,0.5,Arsenal,62027,Tottenham Hotspur Stadium,Paul Tierney,Informe del partido,
1280,,,,,,,,,,,,,,
1281,37,Dom,15/05/2022,12:00,Tottenham,2.2,1–0,0.7,Burnley,61729,Tottenham Hotspur Stadium,Kevin Friend,Informe del partido,
1282,37,Dom,15/05/2022,14:00,Leeds United,1.6,1–1,2.2,Brighton,36638,Elland Road,Mike Dean,Informe del partido,
1283,37,Dom,15/05/2022,14:00,Watford,1.4,1–5,2.5,Leicester City,20257,Vicarage Road Stadium,Jarred Gillett,Informe del partido,
1284,37,Dom,15/05/2022,14:00,Wolves,0.9,1–1,1.1,Norwich City,31219,Molineux Stadium,Tony Harrington,Informe del partido,
1285,37,Dom,15/05/2022,14:00,Aston Villa,1,1–1,1.4,Crystal Palace,41136,Villa Park,Chris Kavanagh,Informe del partido,
1286,37,Dom,15/05/2022,14:00,West Ham,1.1,2–2,2.4,Manchester City,59972,London Stadium,Anthony Taylor,Informe del partido,
1287,37,Dom,15/05/2022,16:30,Everton,2.1,2–3,1.4,Brentford,38819,Goodison Park,Michael Oliver,Informe del partido,
1288,37,Lun,16/05/2022,20:00,Newcastle Utd,1.6,2–0,0.6,Arsenal,52274,St. James' Park,Darren England,Informe del partido,
1289,37,Mar,17/05/2022,19:45,Southampton,0.1,1–2,1.3,Liverpool,31588,St. Mary's Stadium,Martin Atkinson,Informe del partido,
1290,,,,,,,,,,,,,,
1291,33,Jue,19/05/2022,19:45,Everton,0.8,3–2,1.1,Crystal Palace,38448,Goodison Park,Anthony Taylor,Informe del partido,
1292,,,,,,,,,,,,,,
1293,18,Jue,19/05/2022,20:00,Aston Villa,1.5,1–1,1.6,Burnley,40468,Villa Park,Paul Tierney,Informe del partido,
1294,,,,,,,,,,,,,,
1295,27,Jue,19/05/2022,20:00,Chelsea,1.6,1–1,0.1,Leicester City,31478,Stamford Bridge,Stuart Attwell,Informe del partido,
1296,,,,,,,,,,,,,,
1297,38,Dom,22/05/2022,16:00,Brentford,0.8,1–2,1.3,Leeds United,16957,Brentford Community Stadium,Paul Tierney,Informe del partido,
1298,38,Dom,22/05/2022,16:00,Leicester City,3.4,4–1,1.1,Southampton,32003,King Power Stadium,Jonathan Moss,Informe del partido,
1299,38,Dom,22/05/2022,16:00,Crystal Palace,0.6,1–0,0.7,Manchester Utd,25434,Selhurst Park,Martin Atkinson,Informe del partido,
1300,38,Dom,22/05/2022,16:00,Arsenal,4.2,5–1,1.1,Everton,60201,Emirates Stadium,Andre Marriner,Informe del partido,
1301,38,Dom,22/05/2022,16:00,Brighton,1.6,3–1,0.2,West Ham,31604,The American Express Community Stadium,Kevin Friend,Informe del partido,
1302,38,Dom,22/05/2022,16:00,Norwich City,0.5,0–5,3.4,Tottenham,27022,Carrow Road,Chris Kavanagh,Informe del partido,
1303,38,Dom,22/05/2022,16:00,Manchester City,3.4,3–2,0.2,Aston Villa,53395,Etihad Stadium,Michael Oliver,Informe del partido,
1304,38,Dom,22/05/2022,16:00,Liverpool,2.7,3–1,1.3,Wolves,53097,Anfield,Anthony Taylor,Informe del partido,
1305,38,Dom,22/05/2022,16:00,Burnley,1.6,1–2,1.8,Newcastle Utd,21361,Turf Moor,Craig Pawson,Informe del partido,
1306,38,Dom,22/05/2022,16:00,Chelsea,2.2,2–1,0.6,Watford,32089,Stamford Bridge,Mike Dean,Informe del partido,
1307,1,Vie,05/08/2022,20:00,Crystal Palace,1.2,0–2,1,Arsenal,25286,Selhurst Park,Anthony Taylor,Informe del partido,
1308,1,Sáb,06/08/2022,12:30,Fulham,1.2,2–2,1.2,Liverpool,22207,Craven Cottage,Andy Madley,Informe del partido,
1309,1,Sáb,06/08/2022,15:00,Tottenham,1.5,4–1,0.5,Southampton,61732,Tottenham Hotspur Stadium,Andre Marriner,Informe del partido,
1310,1,Sáb,06/08/2022,15:00,Newcastle Utd,1.7,2–0,0.3,Nott'ham Forest,52245,St James' Park,Simon Hooper,Informe del partido,
1311,1,Sáb,06/08/2022,15:00,Leeds United,0.8,2–1,1.3,Wolves,36347,Elland Road,Robert Jones,Informe del partido,
1312,1,Sáb,06/08/2022,15:00,Bournemouth,0.6,2–0,0.7,Aston Villa,11013,Vitality Stadium,Peter Bankes,Informe del partido,
1313,1,Sáb,06/08/2022,17:30,Everton,0.7,0–1,1.5,Chelsea,39254,Goodison Park,Craig Pawson,Informe del partido,
1314,1,Dom,07/08/2022,14:00,Leicester City,0.6,2–2,0.8,Brentford,31794,King Power Stadium,Jarred Gillett,Informe del partido,
1315,1,Dom,07/08/2022,14:00,Manchester Utd,1.4,1–2,1.5,Brighton,73711,Old Trafford,Paul Tierney,Informe del partido,
1316,1,Dom,07/08/2022,16:30,West Ham,0.5,0–2,2.2,Manchester City,62443,London Stadium,Michael Oliver,Informe del partido,
1317,,,,,,,,,,,,,,
1318,2,Sáb,13/08/2022,12:30,Aston Villa,2.3,2–1,1.6,Everton,41883,Villa Park,Michael Oliver,Informe del partido,
1319,2,Sáb,13/08/2022,15:00,Manchester City,1.7,4–0,0.1,Bournemouth,53453,Etihad Stadium,David Coote,Informe del partido,
1320,2,Sáb,13/08/2022,15:00,Southampton,1.2,2–2,1.8,Leeds United,30815,St. Mary's Stadium,Tony Harrington,Informe del partido,
1321,2,Sáb,13/08/2022,15:00,Wolves,0.9,0–0,1.5,Fulham,31178,Molineux Stadium,John Brooks,Informe del partido,
1322,2,Sáb,13/08/2022,15:00,Arsenal,2.7,4–2,0.5,Leicester City,60033,Emirates Stadium,Darren England,Informe del partido,
1323,2,Sáb,13/08/2022,15:00,Brighton,1.5,0–0,0.2,Newcastle Utd,31552,The American Express Community Stadium,Graham Scott,Informe del partido,
1324,2,Sáb,13/08/2022,17:30,Brentford,1.6,4–0,0.9,Manchester Utd,17051,Brentford Community Stadium,Stuart Attwell,Informe del partido,
1325,2,Dom,14/08/2022,14:00,Nott'ham Forest,1.3,1–0,2.1,West Ham,29281,The City Ground,Robert Jones,Informe del partido,
1326,2,Dom,14/08/2022,16:30,Chelsea,1.6,2–2,1,Tottenham,39946,Stamford Bridge,Anthony Taylor,Informe del partido,
1327,2,Lun,15/08/2022,20:00,Liverpool,2,1–1,1,Crystal Palace,52970,Anfield,Paul Tierney,Informe del partido,
1328,,,,,,,,,,,,,,
1329,3,Sáb,20/08/2022,12:30,Tottenham,1.7,1–0,0.7,Wolves,61298,Tottenham Hotspur Stadium,Simon Hooper,Informe del partido,
1330,3,Sáb,20/08/2022,15:00,Leicester City,0.3,1–2,0.9,Southampton,30850,King Power Stadium,Michael Salisbury,Informe del partido,
1331,3,Sáb,20/08/2022,15:00,Everton,1.5,1–1,1,Nott'ham Forest,39271,Goodison Park,Andre Marriner,Informe del partido,
1332,3,Sáb,20/08/2022,15:00,Crystal Palace,2.6,3–1,0.9,Aston Villa,22012,Selhurst Park,Andy Madley,Informe del partido,
1333,3,Sáb,20/08/2022,15:00,Fulham,2.4,3–2,1.8,Brentford,21798,Craven Cottage,Peter Bankes,Informe del partido,
1334,3,Sáb,20/08/2022,17:30,Bournemouth,0.3,0–3,1.3,Arsenal,10423,Vitality Stadium,Craig Pawson,Informe del partido,
1335,3,Dom,21/08/2022,14:00,Leeds United,2.1,3–0,0.9,Chelsea,36372,Elland Road,Stuart Attwell,Informe del partido,
1336,3,Dom,21/08/2022,14:00,West Ham,0.8,0–2,1.7,Brighton,62449,London Stadium,Anthony Taylor,Informe del partido,
1337,3,Dom,21/08/2022,16:30,Newcastle Utd,1.8,3–3,2.1,Manchester City,52258,St James' Park,Jarred Gillett,Informe del partido,
1338,3,Lun,22/08/2022,20:00,Manchester Utd,1.8,2–1,1.3,Liverpool,74147,Old Trafford,Michael Oliver,Informe del partido,
1339,,,,,,,,,,,,,,
1340,4,Sáb,27/08/2022,12:30,Southampton,1.4,0–1,1.1,Manchester Utd,31196,St. Mary's Stadium,Andy Madley,Informe del partido,
1341,4,Sáb,27/08/2022,15:00,Manchester City,2.2,4–2,0.1,Crystal Palace,53112,Etihad Stadium,Darren England,Informe del partido,
1342,4,Sáb,27/08/2022,15:00,Brighton,2,1–0,1.8,Leeds United,30953,The American Express Community Stadium,Michael Salisbury,Informe del partido,
1343,4,Sáb,27/08/2022,15:00,Chelsea,1.8,2–1,2.5,Leicester City,39953,Stamford Bridge,Paul Tierney,Informe del partido,
1344,4,Sáb,27/08/2022,15:00,Brentford,2.1,1–1,1.1,Everton,17009,Brentford Community Stadium,John Brooks,Informe del partido,
1345,4,Sáb,27/08/2022,15:00,Liverpool,3.3,9–0,0.3,Bournemouth,53328,Anfield,Stuart Attwell,Informe del partido,
1346,4,Sáb,27/08/2022,17:30,Arsenal,2.6,2–1,0.8,Fulham,60164,Emirates Stadium,Jarred Gillett,Informe del partido,
1347,4,Dom,28/08/2022,14:00,Wolves,0.7,1–1,1.7,Newcastle Utd,31311,Molineux Stadium,Peter Bankes,Informe del partido,
1348,4,Dom,28/08/2022,14:00,Aston Villa,0.5,0–1,0.6,West Ham,41796,Villa Park,David Coote,Informe del partido,
1349,4,Dom,28/08/2022,16:30,Nott'ham Forest,0.9,0–2,2.4,Tottenham,29296,The City Ground,Craig Pawson,Informe del partido,
1350,,,,,,,,,,,,,,
1351,5,Mar,30/08/2022,19:30,Fulham,0.7,2–1,1.4,Brighton,22224,Craven Cottage,Thomas Bramall,Informe del partido,
1352,5,Mar,30/08/2022,19:30,Crystal Palace,1,1–1,1.4,Brentford,25043,Selhurst Park,Simon Hooper,Informe del partido,
1353,5,Mar,30/08/2022,19:45,Southampton,1.1,2–1,1.1,Chelsea,31542,St. Mary's Stadium,Michael Oliver,Informe del partido,
1354,5,Mar,30/08/2022,20:00,Leeds United,1,1–1,1,Everton,36338,Elland Road,Darren England,Informe del partido,
1355,5,Mié,31/08/2022,19:30,Bournemouth,0.4,0–0,1.5,Wolves,10113,Vitality Stadium,Anthony Taylor,Informe del partido,
1356,5,Mié,31/08/2022,19:30,Manchester City,3.3,6–0,0.7,Nott'ham Forest,53409,Etihad Stadium,Paul Tierney,Informe del partido,
1357,5,Mié,31/08/2022,19:30,Arsenal,2.4,2–1,0.4,Aston Villa,60012,Emirates Stadium,Robert Jones,Informe del partido,
1358,5,Mié,31/08/2022,19:45,West Ham,1.2,1–1,0.6,Tottenham,62450,London Stadium,Peter Bankes,Informe del partido,
1359,5,Mié,31/08/2022,20:00,Liverpool,1.5,2–1,0.7,Newcastle Utd,53316,Anfield,Andre Marriner,Informe del partido,
1360,5,Jue,01/09/2022,20:00,Leicester City,0.7,0–1,1.5,Manchester Utd,32226,King Power Stadium,Craig Pawson,Informe del partido,
1361,,,,,,,,,,,,,,
1362,6,Sáb,03/09/2022,12:30,Everton,1.7,0–0,2.1,Liverpool,39240,Goodison Park,Anthony Taylor,Informe del partido,
1363,6,Sáb,03/09/2022,15:00,Nott'ham Forest,1.9,2–3,0.8,Bournemouth,28720,The City Ground,Michael Oliver,Informe del partido,
1364,6,Sáb,03/09/2022,15:00,Wolves,0.8,1–0,1.2,Southampton,30546,Molineux Stadium,John Brooks,Informe del partido,
1365,6,Sáb,03/09/2022,15:00,Newcastle Utd,2.8,0–0,1,Crystal Palace,51863,St James' Park,Michael Salisbury,Informe del partido,
1366,6,Sáb,03/09/2022,15:00,Brentford,2.3,5–2,1.7,Leeds United,17092,Brentford Community Stadium,Robert Jones,Informe del partido,
1367,6,Sáb,03/09/2022,15:00,Tottenham,2.9,2–1,0.7,Fulham,61641,Tottenham Hotspur Stadium,Stuart Attwell,Informe del partido,
1368,6,Sáb,03/09/2022,15:00,Chelsea,0.9,2–1,1.1,West Ham,39923,Stamford Bridge,Andy Madley,Informe del partido,
1369,6,Sáb,03/09/2022,17:30,Aston Villa,0.3,1–1,2.1,Manchester City,41830,Villa Park,Simon Hooper,Informe del partido,
1370,6,Dom,04/09/2022,14:00,Brighton,2.6,5–2,1.4,Leicester City,31185,The American Express Community Stadium,Tony Harrington,Informe del partido,
1371,6,Dom,04/09/2022,16:30,Manchester Utd,1.5,3–1,1.3,Arsenal,73431,Old Trafford,Paul Tierney,Informe del partido,
1372,,,,,,,,,,,,,,
1373,8,Vie,16/09/2022,20:00,Aston Villa,1.5,1–0,0.3,Southampton,40758,Villa Park,Tony Harrington,Informe del partido,
1374,8,Vie,16/09/2022,20:00,Nott'ham Forest,1.4,2–3,0.9,Fulham,28654,The City Ground,Jarred Gillett,Informe del partido,
1375,8,Sáb,17/09/2022,12:30,Wolves,0.4,0–3,1.1,Manchester City,31578,Molineux Stadium,Anthony Taylor,Informe del partido,
1376,8,Sáb,17/09/2022,15:00,Newcastle Utd,1.9,1–1,0.7,Bournemouth,52238,St James' Park,Craig Pawson,Informe del partido,
1377,8,Sáb,17/09/2022,17:30,Tottenham,2.2,6–2,1.8,Leicester City,61450,Tottenham Hotspur Stadium,Simon Hooper,Informe del partido,
1378,8,Dom,18/09/2022,12:00,Brentford,0.5,0–3,1.5,Arsenal,17122,Brentford Community Stadium,David Coote,Informe del partido,
1379,8,Dom,18/09/2022,14:15,Everton,0.4,1–0,1,West Ham,39298,Goodison Park,Michael Oliver,Informe del partido,
1380,,,,,,,,,,,,,,
1381,9,Sáb,01/10/2022,12:30,Arsenal,2.4,3–1,1.6,Tottenham,60278,Emirates Stadium,Anthony Taylor,Informe del partido,
1382,9,Sáb,01/10/2022,15:00,Southampton,1.7,1–2,2,Everton,30510,St. Mary's Stadium,Andre Marriner,Informe del partido,
1383,9,Sáb,01/10/2022,15:00,Crystal Palace,0.4,1–2,1.1,Chelsea,25198,Selhurst Park,Chris Kavanagh,Informe del partido,
1384,9,Sáb,01/10/2022,15:00,Liverpool,1.5,3–3,1.4,Brighton,53320,Anfield,Andy Madley,Informe del partido,
1385,9,Sáb,01/10/2022,15:00,Fulham,0.5,1–4,3.3,Newcastle Utd,22913,Craven Cottage,Darren England,Informe del partido,
1386,9,Sáb,01/10/2022,15:00,Bournemouth,0.4,0–0,0.9,Brentford,10126,Vitality Stadium,Thomas Bramall,Informe del partido,
1387,9,Sáb,01/10/2022,17:30,West Ham,0.9,2–0,0.7,Wolves,62444,London Stadium,Paul Tierney,Informe del partido,
1388,9,Dom,02/10/2022,14:00,Manchester City,3.2,6–3,1.7,Manchester Utd,53475,Etihad Stadium,Michael Oliver,Informe del partido,
1389,9,Dom,02/10/2022,16:30,Leeds United,0.4,0–0,2.2,Aston Villa,36582,Elland Road,Stuart Attwell,Informe del partido,
1390,9,Lun,03/10/2022,20:00,Leicester City,1.3,4–0,1.1,Nott'ham Forest,32202,King Power Stadium,Robert Jones,Informe del partido,
1391,,,,,,,,,,,,,,
1392,10,Sáb,08/10/2022,15:00,Bournemouth,1.1,2–1,1,Leicester City,10272,Vitality Stadium,Michael Salisbury,Informe del partido,
1393,10,Sáb,08/10/2022,15:00,Newcastle Utd,1.5,5–1,1.2,Brentford,52067,St James' Park,John Brooks,Informe del partido,
1394,10,Sáb,08/10/2022,15:00,Manchester City,2.4,4–0,0.2,Southampton,53365,Etihad Stadium,Andy Madley,Informe del partido,
1395,10,Sáb,08/10/2022,15:00,Chelsea,1.9,3–0,1.1,Wolves,39940,Stamford Bridge,Simon Hooper,Informe del partido,
1396,10,Sáb,08/10/2022,17:30,Brighton,0.7,0–1,0.8,Tottenham,31498,The American Express Community Stadium,Tony Harrington,Informe del partido,
1397,10,Dom,09/10/2022,14:00,West Ham,2.4,3–1,0.7,Fulham,62407,London Stadium,Chris Kavanagh,Informe del partido,
1398,10,Dom,09/10/2022,14:00,Crystal Palace,1.1,2–1,1,Leeds United,25042,Selhurst Park,Paul Tierney,Informe del partido,
1399,10,Dom,09/10/2022,16:30,Arsenal,2.7,3–2,1.1,Liverpool,60059,Emirates Stadium,Michael Oliver,Informe del partido,
1400,10,Dom,09/10/2022,19:00,Everton,0.6,1–2,1.4,Manchester Utd,39258,Goodison Park,David Coote,Informe del partido,
1401,10,Lun,10/10/2022,20:00,Nott'ham Forest,0.3,1–1,0.7,Aston Villa,29208,The City Ground,Anthony Taylor,Informe del partido,
1402,,,,,,,,,,,,,,
1403,11,Vie,14/10/2022,20:00,Brentford,1.5,2–0,1.9,Brighton,17016,Brentford Community Stadium,Michael Salisbury,Informe del partido,
1404,11,Sáb,15/10/2022,12:30,Leicester City,1,0–0,0.4,Crystal Palace,31298,King Power Stadium,Andy Madley,Informe del partido,
1405,11,Sáb,15/10/2022,15:00,Fulham,2.1,2–2,1,Bournemouth,22541,Craven Cottage,Graham Scott,Informe del partido,
1406,11,Sáb,15/10/2022,15:00,Wolves,1.3,1–0,1.5,Nott'ham Forest,31554,Molineux Stadium,Thomas Bramall,Informe del partido,
1407,11,Sáb,15/10/2022,17:30,Tottenham,2.2,2–0,0.4,Everton,61812,Tottenham Hotspur Stadium,Paul Tierney,Informe del partido,
1408,11,Dom,16/10/2022,14:00,Southampton,0.5,1–1,1.7,West Ham,29159,St. Mary's Stadium,Peter Bankes,Informe del partido,
1409,11,Dom,16/10/2022,14:00,Aston Villa,1.8,0–2,0.9,Chelsea,41754,Villa Park,Robert Jones,Informe del partido,
1410,11,Dom,16/10/2022,14:00,Leeds United,1.8,0–1,0.5,Arsenal,36700,Elland Road,Chris Kavanagh,Informe del partido,
1411,11,Dom,16/10/2022,14:00,Manchester Utd,0.8,0–0,0.8,Newcastle Utd,73726,Old Trafford,Craig Pawson,Informe del partido,
1412,11,Dom,16/10/2022,16:30,Liverpool,2.1,1–0,1,Manchester City,53286,Anfield,Anthony Taylor,Informe del partido,
1413,,,,,,,,,,,,,,
1414,12,Mar,18/10/2022,19:30,Brighton,1.7,0–0,0.1,Nott'ham Forest,31463,The American Express Community Stadium,Darren England,Informe del partido,
1415,12,Mar,18/10/2022,20:15,Crystal Palace,1.2,2–1,0.8,Wolves,25125,Selhurst Park,David Coote,Informe del partido,
1416,12,Mié,19/10/2022,19:30,Bournemouth,1,0–1,1,Southampton,10405,Vitality Stadium,John Brooks,Informe del partido,
1417,12,Mié,19/10/2022,19:30,Brentford,1.3,0–0,0.9,Chelsea,17118,Brentford Community Stadium,Jarred Gillett,Informe del partido,
1418,12,Mié,19/10/2022,19:30,Liverpool,1.7,1–0,1.7,West Ham,52982,Anfield,Stuart Attwell,Informe del partido,
1419,12,Mié,19/10/2022,19:30,Newcastle Utd,1.5,1–0,0.2,Everton,52247,St James' Park,Tony Harrington,Informe del partido,
1420,12,Mié,19/10/2022,20:15,Manchester Utd,1.5,2–0,0.6,Tottenham,73677,Old Trafford,Simon Hooper,Informe del partido,
1421,12,Jue,20/10/2022,19:30,Fulham,2.1,3–0,1.2,Aston Villa,23508,Craven Cottage,Michael Oliver,Informe del partido,
1422,12,Jue,20/10/2022,20:15,Leicester City,0.8,2–0,1.3,Leeds United,30814,King Power Stadium,Peter Bankes,Informe del partido,
1423,,,,,,,,,,,,,,
1424,13,Sáb,22/10/2022,12:30,Nott'ham Forest,1.9,1–0,1.6,Liverpool,29245,The City Ground,Paul Tierney,Informe del partido,
1425,13,Sáb,22/10/2022,15:00,Everton,1.4,3–0,0.9,Crystal Palace,38939,Goodison Park,Simon Hooper,Informe del partido,
1426,13,Sáb,22/10/2022,15:00,Manchester City,1.6,3–1,0.5,Brighton,53223,Etihad Stadium,Craig Pawson,Informe del partido,
1427,13,Sáb,22/10/2022,17:30,Chelsea,1.1,1–1,0.8,Manchester Utd,39503,Stamford Bridge,Stuart Attwell,Informe del partido,
1428,13,Dom,23/10/2022,14:00,Aston Villa,2.8,4–0,0.9,Brentford,41693,Villa Park,Darren England,Informe del partido,
1429,13,Dom,23/10/2022,14:00,Wolves,2.1,0–4,0.9,Leicester City,31425,Molineux Stadium,Michael Oliver,Informe del partido,
1430,13,Dom,23/10/2022,14:00,Leeds United,1.6,2–3,1.8,Fulham,36447,Elland Road,Anthony Taylor,Informe del partido,
1431,13,Dom,23/10/2022,14:00,Southampton,0.7,1–1,1,Arsenal,31145,St. Mary's Stadium,Robert Jones,Informe del partido,
1432,13,Dom,23/10/2022,16:30,Tottenham,1.6,1–2,1.2,Newcastle Utd,61726,Tottenham Hotspur Stadium,Jarred Gillett,Informe del partido,
1433,13,Lun,24/10/2022,20:00,West Ham,1.9,2–0,0.4,Bournemouth,62447,London Stadium,David Coote,Informe del partido,
1434,,,,,,,,,,,,,,
1435,14,Sáb,29/10/2022,12:30,Leicester City,0.7,0–1,1,Manchester City,32223,King Power Stadium,Robert Jones,Informe del partido,
1436,14,Sáb,29/10/2022,15:00,Brentford,1.4,1–1,0.6,Wolves,17051,Brentford Community Stadium,Robert Madley,Informe del partido,
1437,14,Sáb,29/10/2022,15:00,Crystal Palace,0.9,1–0,1.3,Southampton,25130,Selhurst Park,Michael Salisbury,Informe del partido,
1438,14,Sáb,29/10/2022,15:00,Newcastle Utd,3.4,4–0,0.4,Aston Villa,52233,St James' Park,Paul Tierney,Informe del partido,
1439,14,Sáb,29/10/2022,15:00,Brighton,2.4,4–1,1.4,Chelsea,31746,The American Express Community Stadium,Andy Madley,Informe del partido,
1440,14,Sáb,29/10/2022,15:00,Bournemouth,0.5,2–3,2,Tottenham,10430,Vitality Stadium,Anthony Taylor,Informe del partido,
1441,14,Sáb,29/10/2022,17:30,Fulham,1.9,0–0,0.9,Everton,23534,Craven Cottage,John Brooks,Informe del partido,
1442,14,Sáb,29/10/2022,19:45,Liverpool,1.7,1–2,1.8,Leeds United,53274,Anfield,Michael Oliver,Informe del partido,
1443,14,Dom,30/10/2022,14:00,Arsenal,2.3,5–0,0.4,Nott'ham Forest,60263,Emirates Stadium,Simon Hooper,Informe del partido,
1444,14,Dom,30/10/2022,16:15,Manchester Utd,1.2,1–0,1.1,West Ham,73682,Old Trafford,Chris Kavanagh,Informe del partido,
1445,,,,,,,,,,,,,,
1446,15,Sáb,05/11/2022,15:00,Nott'ham Forest,1.5,2–2,1.5,Brentford,28869,The City Ground,Andre Marriner,Informe del partido,
1447,15,Sáb,05/11/2022,15:00,Leeds United,2.2,4–3,1.5,Bournemouth,36304,Elland Road,Tony Harrington,Informe del partido,
1448,15,Sáb,05/11/2022,15:00,Manchester City,2.1,2–1,1,Fulham,52395,Etihad Stadium,Darren England,Informe del partido,
1449,15,Sáb,05/11/2022,15:00,Wolves,1.2,2–3,1.5,Brighton,30732,Molineux Stadium,Graham Scott,Informe del partido,
1450,15,Sáb,05/11/2022,17:30,Everton,1.2,0–2,2.3,Leicester City,39206,Goodison Park,David Coote,Informe del partido,
1451,15,Dom,06/11/2022,12:00,Chelsea,0.3,0–1,2.1,Arsenal,40142,Stamford Bridge,Michael Oliver,Informe del partido,
1452,15,Dom,06/11/2022,14:00,West Ham,0.3,1–2,1,Crystal Palace,62451,London Stadium,Paul Tierney,Informe del partido,
1453,15,Dom,06/11/2022,14:00,Southampton,1.7,1–4,0.9,Newcastle Utd,30402,St. Mary's Stadium,Stuart Attwell,Informe del partido,
1454,15,Dom,06/11/2022,14:00,Aston Villa,0.6,3–1,0.5,Manchester Utd,42058,Villa Park,Anthony Taylor,Informe del partido,
1455,15,Dom,06/11/2022,16:30,Tottenham,1.2,1–2,1.2,Liverpool,62008,Tottenham Hotspur Stadium,Andy Madley,Informe del partido,
1456,,,,,,,,,,,,,,
1457,16,Sáb,12/11/2022,12:30,Manchester City,1.6,1–2,1.3,Brentford,52786,Etihad Stadium,Peter Bankes,Informe del partido,
1458,16,Sáb,12/11/2022,15:00,Tottenham,1.8,4–3,1.1,Leeds United,61667,Tottenham Hotspur Stadium,Michael Salisbury,Informe del partido,
1459,16,Sáb,12/11/2022,15:00,Liverpool,1.9,3–1,1.1,Southampton,53331,Anfield,Simon Hooper,Informe del partido,
1460,16,Sáb,12/11/2022,15:00,Bournemouth,2.4,3–0,0.8,Everton,10382,Vitality Stadium,Craig Pawson,Informe del partido,
1461,16,Sáb,12/11/2022,15:00,West Ham,1.4,0–2,1.8,Leicester City,62459,London Stadium,Jarred Gillett,Informe del partido,
1462,16,Sáb,12/11/2022,15:00,Nott'ham Forest,1.1,1–0,1.2,Crystal Palace,29045,The City Ground,John Brooks,Informe del partido,
1463,16,Sáb,12/11/2022,17:30,Newcastle Utd,1,1–0,0.3,Chelsea,52264,St James' Park,Robert Jones,Informe del partido,
1464,16,Sáb,12/11/2022,19:45,Wolves,0.7,0–2,2.1,Arsenal,34624,Molineux Stadium,Stuart Attwell,Informe del partido,
1465,16,Dom,13/11/2022,14:00,Brighton,0.6,1–2,1.5,Aston Villa,31581,The American Express Community Stadium,Chris Kavanagh,Informe del partido,
1466,16,Dom,13/11/2022,16:30,Fulham,1.4,1–2,2.5,Manchester Utd,24246,Craven Cottage,Paul Tierney,Informe del partido,
1467,,,,,,,,,,,,,,
1468,17,Lun,26/12/2022,12:30,Brentford,2,2–2,1.1,Tottenham,17137,Brentford Community Stadium,David Coote,Informe del partido,
1469,17,Lun,26/12/2022,15:00,Southampton,1.9,1–3,0.6,Brighton,31010,St. Mary's Stadium,Robert Jones,Informe del partido,
1470,17,Lun,26/12/2022,15:00,Leicester City,0.5,0–3,1.9,Newcastle Utd,32185,King Power Stadium,Jarred Gillett,Informe del partido,
1471,17,Lun,26/12/2022,15:00,Crystal Palace,0.4,0–3,2.5,Fulham,25176,Selhurst Park,Andy Madley,Informe del partido,
1472,17,Lun,26/12/2022,15:00,Everton,1.7,1–2,0.8,Wolves,39252,Goodison Park,Craig Pawson,Informe del partido,
1473,17,Lun,26/12/2022,17:30,Aston Villa,1.4,1–3,2.7,Liverpool,42085,Villa Park,Paul Tierney,Informe del partido,
1474,17,Lun,26/12/2022,20:00,Arsenal,2.1,3–1,1,West Ham,60125,Emirates Stadium,Michael Oliver,Informe del partido,
1475,17,Mar,27/12/2022,17:30,Chelsea,1.8,2–0,0.5,Bournemouth,40046,Stamford Bridge,Simon Hooper,Informe del partido,
1476,17,Mar,27/12/2022,20:00,Manchester Utd,2.4,3–0,0.7,Nott'ham Forest,73608,Old Trafford,Anthony Taylor,Informe del partido,
1477,17,Mié,28/12/2022,20:00,Leeds United,0.6,1–3,4.3,Manchester City,36889,Elland Road,Stuart Attwell,Informe del partido,
1478,,,,,,,,,,,,,,
1479,18,Vie,30/12/2022,19:45,West Ham,1.3,0–2,1.6,Brentford,62467,London Stadium,Darren England,Informe del partido,
1480,18,Vie,30/12/2022,20:00,Liverpool,2.2,2–1,1,Leicester City,53343,Anfield,Craig Pawson,Informe del partido,
1481,18,Sáb,31/12/2022,12:30,Wolves,0.7,0–1,2,Manchester Utd,31658,Molineux Stadium,Robert Jones,Informe del partido,
1482,18,Sáb,31/12/2022,15:00,Newcastle Utd,2.2,0–0,0.4,Leeds United,52211,St James' Park,Simon Hooper,Informe del partido,
1483,18,Sáb,31/12/2022,15:00,Fulham,1.5,2–1,0.8,Southampton,24344,Craven Cottage,Graham Scott,Informe del partido,
1484,18,Sáb,31/12/2022,15:00,Manchester City,1.7,1–1,0.1,Everton,53444,Etihad Stadium,Andy Madley,Informe del partido,
1485,18,Sáb,31/12/2022,15:00,Bournemouth,0.6,0–2,1.6,Crystal Palace,9972,Vitality Stadium,Andre Marriner,Informe del partido,
1486,18,Sáb,31/12/2022,17:30,Brighton,1.2,2–4,2.9,Arsenal,31647,The American Express Community Stadium,Anthony Taylor,Informe del partido,
1487,18,Dom,01/01/2023,14:00,Tottenham,0.7,0–2,1,Aston Villa,61651,Tottenham Hotspur Stadium,John Brooks,Informe del partido,
1488,18,Dom,01/01/2023,16:30,Nott'ham Forest,1.4,1–1,0.9,Chelsea,29229,The City Ground,Peter Bankes,Informe del partido,
1489,,,,,,,,,,,,,,
1490,19,Lun,02/01/2023,17:30,Brentford,1.6,3–1,0.9,Liverpool,17163,Brentford Community Stadium,Stuart Attwell,Informe del partido,
1491,19,Mar,03/01/2023,19:45,Leicester City,1.7,0–1,1.7,Fulham,30813,King Power Stadium,Darren Bond,Informe del partido,
1492,19,Mar,03/01/2023,19:45,Everton,1.3,1–4,2.2,Brighton,39103,Goodison Park,Andre Marriner,Informe del partido,
1493,19,Mar,03/01/2023,19:45,Arsenal,1.1,0–0,1,Newcastle Utd,60319,Emirates Stadium,Andy Madley,Informe del partido,
1494,19,Mar,03/01/2023,20:00,Manchester Utd,2.2,3–0,0.6,Bournemouth,73322,Old Trafford,Michael Salisbury,Informe del partido,
1495,19,Mié,04/01/2023,19:30,Southampton,0.5,0–1,1.4,Nott'ham Forest,30150,St. Mary's Stadium,Thomas Bramall,Informe del partido,
1496,19,Mié,04/01/2023,19:45,Leeds United,1.6,2–2,1.4,West Ham,36173,Elland Road,David Coote,Informe del partido,
1497,19,Mié,04/01/2023,20:00,Aston Villa,1.8,1–1,0.9,Wolves,39978,Villa Park,Jarred Gillett,Informe del partido,
1498,19,Mié,04/01/2023,20:00,Crystal Palace,0.8,0–4,1.4,Tottenham,25132,Selhurst Park,Michael Oliver,Informe del partido,
1499,19,Jue,05/01/2023,20:00,Chelsea,0.4,0–1,2,Manchester City,39998,Stamford Bridge,Paul Tierney,Informe del partido,
1500,,,,,,,,,,,,,,
1501,7,Jue,12/01/2023,20:00,Fulham,1,2–1,2.1,Chelsea,24460,Craven Cottage,David Coote,Informe del partido,
1502,,,,,,,,,,,,,,
1503,20,Vie,13/01/2023,20:00,Aston Villa,1.2,2–1,2.4,Leeds United,42008,Villa Park,Michael Oliver,Informe del partido,
1504,20,Sáb,14/01/2023,12:30,Manchester Utd,1.7,2–1,0.6,Manchester City,75546,Old Trafford,Stuart Attwell,Informe del partido,
1505,20,Sáb,14/01/2023,15:00,Everton,1.4,1–2,1.2,Southampton,39305,Goodison Park,John Brooks,Informe del partido,
1506,20,Sáb,14/01/2023,15:00,Wolves,0.9,1–0,1.1,West Ham,31511,Molineux Stadium,Simon Hooper,Informe del partido,
1507,20,Sáb,14/01/2023,15:00,Nott'ham Forest,2.4,2–0,1,Leicester City,29301,The City Ground,Paul Tierney,Informe del partido,
1508,20,Sáb,14/01/2023,15:00,Brighton,1.9,3–0,1,Liverpool,31645,The American Express Community Stadium,Darren England,Informe del partido,
1509,20,Sáb,14/01/2023,17:30,Brentford,1.4,2–0,0.6,Bournemouth,17031,Brentford Community Stadium,Jarred Gillett,Informe del partido,
1510,20,Dom,15/01/2023,14:00,Chelsea,1.5,1–0,0.7,Crystal Palace,40075,Stamford Bridge,Peter Bankes,Informe del partido,
1511,20,Dom,15/01/2023,14:00,Newcastle Utd,2.2,1–0,1.1,Fulham,52247,St James' Park,Robert Jones,Informe del partido,
1512,20,Dom,15/01/2023,16:30,Tottenham,1.6,0–2,1.8,Arsenal,61870,Tottenham Hotspur Stadium,Craig Pawson,Informe del partido,
1513,,,,,,,,,,,,,,
1514,7,Mié,18/01/2023,20:00,Crystal Palace,0.5,1–1,2.1,Manchester Utd,23343,Selhurst Park,Robert Jones,Informe del partido,
1515,7,Jue,19/01/2023,20:00,Manchester City,2.3,4–2,0.8,Tottenham,53088,Etihad Stadium,Simon Hooper,Informe del partido,
1516,,,,,,,,,,,,,,
1517,21,Sáb,21/01/2023,12:30,Liverpool,1.4,0–0,1.6,Chelsea,53126,Anfield,Michael Oliver,Informe del partido,
1518,21,Sáb,21/01/2023,15:00,Bournemouth,1.4,1–1,1.9,Nott'ham Forest,10248,Vitality Stadium,Andy Madley,Informe del partido,
1519,21,Sáb,21/01/2023,15:00,Southampton,0.6,0–1,1.4,Aston Villa,30158,St. Mary's Stadium,Michael Salisbury,Informe del partido,
1520,21,Sáb,21/01/2023,15:00,Leicester City,0.9,2–2,1.7,Brighton,32056,King Power Stadium,Thomas Bramall,Informe del partido,
1521,21,Sáb,21/01/2023,15:00,West Ham,2.2,2–0,0.5,Everton,62470,London Stadium,Stuart Attwell,Informe del partido,
1522,21,Sáb,21/01/2023,17:30,Crystal Palace,0.3,0–0,1.2,Newcastle Utd,25350,Selhurst Park,Craig Pawson,Informe del partido,
1523,21,Dom,22/01/2023,14:00,Manchester City,2.8,3–0,0.8,Wolves,53282,Etihad Stadium,David Coote,Informe del partido,
1524,21,Dom,22/01/2023,14:00,Leeds United,0.5,0–0,0.4,Brentford,36260,Elland Road,Peter Bankes,Informe del partido,
1525,21,Dom,22/01/2023,16:30,Arsenal,3.1,3–2,0.4,Manchester Utd,60325,Emirates Stadium,Anthony Taylor,Informe del partido,
1526,21,Lun,23/01/2023,20:00,Fulham,1,0–1,0.9,Tottenham,24190,Craven Cottage,Paul Tierney,Informe del partido,
1527,,,,,,,,,,,,,,
1528,22,Vie,03/02/2023,20:00,Chelsea,1.3,0–0,0.6,Fulham,40041,Stamford Bridge,Stuart Attwell,Informe del partido,
1529,22,Sáb,04/02/2023,12:30,Everton,1.7,1–0,0.9,Arsenal,39314,Goodison Park,David Coote,Informe del partido,
1530,22,Sáb,04/02/2023,15:00,Aston Villa,1.7,2–4,2.6,Leicester City,42055,Villa Park,Darren England,Informe del partido,
1531,22,Sáb,04/02/2023,15:00,Wolves,2,3–0,1.8,Liverpool,31664,Molineux Stadium,Paul Tierney,Informe del partido,
1532,22,Sáb,04/02/2023,15:00,Manchester Utd,2,2–1,1.3,Crystal Palace,73420,Old Trafford,Andre Marriner,Informe del partido,
1533,22,Sáb,04/02/2023,15:00,Brighton,2.2,1–0,1.1,Bournemouth,31600,The American Express Community Stadium,Craig Pawson,Informe del partido,
1534,22,Sáb,04/02/2023,15:00,Brentford,2,3–0,0.7,Southampton,17051,Brentford Community Stadium,Darren Bond,Informe del partido,
1535,22,Sáb,04/02/2023,17:30,Newcastle Utd,1,1–1,1,West Ham,52256,St James' Park,Peter Bankes,Informe del partido,
1536,22,Dom,05/02/2023,14:00,Nott'ham Forest,0.4,1–0,0.9,Leeds United,29363,The City Ground,Robert Jones,Informe del partido,
1537,22,Dom,05/02/2023,16:30,Tottenham,1.4,1–0,1.3,Manchester City,61747,Tottenham Hotspur Stadium,Andy Madley,Informe del partido,
1538,,,,,,,,,,,,,,
1539,8,Mié,08/02/2023,20:00,Manchester Utd,2,2–2,0.6,Leeds United,73456,Old Trafford,Simon Hooper,Informe del partido,
1540,,,,,,,,,,,,,,
1541,23,Sáb,11/02/2023,12:30,West Ham,1.3,1–1,1.1,Chelsea,62471,London Stadium,Craig Pawson,Informe del partido,
1542,23,Sáb,11/02/2023,15:00,Leicester City,1.7,4–1,1.3,Tottenham,32184,King Power Stadium,Michael Salisbury,Informe del partido,
1543,23,Sáb,11/02/2023,15:00,Crystal Palace,1.1,1–1,2.5,Brighton,24827,Selhurst Park,Michael Oliver,Informe del partido,
1544,23,Sáb,11/02/2023,15:00,Arsenal,1.6,1–1,2,Brentford,60254,Emirates Stadium,Peter Bankes,Informe del partido,
1545,23,Sáb,11/02/2023,15:00,Southampton,1.1,1–2,0.8,Wolves,29751,St. Mary's Stadium,Jarred Gillett,Informe del partido,
1546,23,Sáb,11/02/2023,15:00,Fulham,1.5,2–0,0.7,Nott'ham Forest,24244,Craven Cottage,Andy Madley,Informe del partido,
1547,23,Sáb,11/02/2023,17:30,Bournemouth,1.5,1–1,1.3,Newcastle Utd,10419,Vitality Stadium,Stuart Attwell,Informe del partido,
1548,23,Dom,12/02/2023,14:00,Leeds United,1.8,0–2,1.1,Manchester Utd,36919,Elland Road,Paul Tierney,Informe del partido,
1549,23,Dom,12/02/2023,16:30,Manchester City,3.3,3–1,0.3,Aston Villa,53392,Etihad Stadium,Robert Jones,Informe del partido,
1550,23,Lun,13/02/2023,20:00,Liverpool,2.3,2–0,0.4,Everton,53027,Anfield,Simon Hooper,Informe del partido,
1551,,,,,,,,,,,,,,
1552,12,Mié,15/02/2023,19:30,Arsenal,1.6,1–3,1.8,Manchester City,60276,Emirates Stadium,Anthony Taylor,Informe del partido,
1553,,,,,,,,,,,,,,
1554,24,Sáb,18/02/2023,12:30,Aston Villa,0.5,2–4,3.2,Arsenal,42066,Villa Park,Simon Hooper,Informe del partido,
1555,24,Sáb,18/02/2023,15:00,Brighton,2.2,0–1,0.3,Fulham,31619,The American Express Community Stadium,Darren England,Informe del partido,
1556,24,Sáb,18/02/2023,15:00,Nott'ham Forest,0.9,1–1,2.4,Manchester City,29365,The City Ground,Graham Scott,Informe del partido,
1557,24,Sáb,18/02/2023,15:00,Chelsea,1.6,0–1,0.6,Southampton,40152,Stamford Bridge,David Coote,Informe del partido,
1558,24,Sáb,18/02/2023,15:00,Everton,1.4,1–0,0.5,Leeds United,39232,Goodison Park,Andy Madley,Informe del partido,
1559,24,Sáb,18/02/2023,15:00,Wolves,1.3,0–1,1.1,Bournemouth,31222,Molineux Stadium,Michael Salisbury,Informe del partido,
1560,24,Sáb,18/02/2023,15:00,Brentford,0.9,1–1,1.1,Crystal Palace,17122,Brentford Community Stadium,Paul Tierney,Informe del partido,
1561,24,Sáb,18/02/2023,17:30,Newcastle Utd,2,0–2,1.9,Liverpool,52758,St James' Park,Anthony Taylor,Informe del partido,
1562,24,Dom,19/02/2023,14:00,Manchester Utd,4.4,3–0,1.6,Leicester City,73578,Old Trafford,Stuart Attwell,Informe del partido,
1563,24,Dom,19/02/2023,16:30,Tottenham,1.5,2–0,0.5,West Ham,61476,Tottenham Hotspur Stadium,Michael Oliver,Informe del partido,
1564,,,,,,,,,,,,,,
1565,25,Vie,24/02/2023,20:00,Fulham,0.5,1–1,0.8,Wolves,24399,Craven Cottage,Michael Oliver,Informe del partido,
1566,25,Sáb,25/02/2023,15:00,Leicester City,0,0–1,0.7,Arsenal,32227,King Power Stadium,Craig Pawson,Informe del partido,
1567,25,Sáb,25/02/2023,15:00,Everton,1.6,0–2,1.9,Aston Villa,39309,Goodison Park,Anthony Taylor,Informe del partido,
1568,25,Sáb,25/02/2023,15:00,West Ham,2.7,4–0,0.4,Nott'ham Forest,62469,London Stadium,Jarred Gillett,Informe del partido,
1569,25,Sáb,25/02/2023,15:00,Leeds United,0.9,1–0,0.4,Southampton,36641,Elland Road,Peter Bankes,Informe del partido,
1570,25,Sáb,25/02/2023,17:30,Bournemouth,1,1–4,2.4,Manchester City,10481,Vitality Stadium,Paul Tierney,Informe del partido,
1571,25,Sáb,25/02/2023,19:45,Crystal Palace,0.7,0–0,0.9,Liverpool,25842,Selhurst Park,Darren England,Informe del partido,
1572,25,Dom,26/02/2023,13:30,Tottenham,0.8,2–0,0.4,Chelsea,61613,Tottenham Hotspur Stadium,Stuart Attwell,Informe del partido,
1573,,,,,,,,,,,,,,
1574,7,Mié,01/03/2023,19:45,Arsenal,2.4,4–0,1.2,Everton,60213,Emirates Stadium,Michael Oliver,Informe del partido,
1575,7,Mié,01/03/2023,20:00,Liverpool,2.6,2–0,0.8,Wolves,53259,Anfield,Paul Tierney,Informe del partido,
1576,,,,,,,,,,,,,,
1577,26,Sáb,04/03/2023,12:30,Manchester City,1.3,2–0,0.4,Newcastle Utd,53419,Etihad Stadium,Simon Hooper,Informe del partido,
1578,26,Sáb,04/03/2023,15:00,Arsenal,2.1,3–2,1.3,Bournemouth,60222,Emirates Stadium,Chris Kavanagh,Informe del partido,
1579,26,Sáb,04/03/2023,15:00,Aston Villa,1.2,1–0,0.2,Crystal Palace,41893,Villa Park,Craig Pawson,Informe del partido,
1580,26,Sáb,04/03/2023,15:00,Chelsea,1.5,1–0,1,Leeds United,39905,Stamford Bridge,Michael Oliver,Informe del partido,
1581,26,Sáb,04/03/2023,15:00,Brighton,3.5,4–0,0.3,West Ham,31523,The American Express Community Stadium,Stuart Attwell,Informe del partido,
1582,26,Sáb,04/03/2023,15:00,Wolves,0.5,1–0,1.2,Tottenham,31585,Molineux Stadium,Tim Robinson,Informe del partido,
1583,26,Sáb,04/03/2023,17:30,Southampton,1.4,1–0,1.9,Leicester City,30139,St. Mary's Stadium,Robert Jones,Informe del partido,
1584,26,Dom,05/03/2023,14:00,Nott'ham Forest,0.8,2–2,1.7,Everton,29353,The City Ground,John Brooks,Informe del partido,
1585,26,Dom,05/03/2023,16:30,Liverpool,2.8,7–0,0.8,Manchester Utd,53001,Anfield,Andy Madley,Informe del partido,
1586,26,Lun,06/03/2023,20:00,Brentford,2.1,3–2,1.4,Fulham,17025,Brentford Community Stadium,Anthony Taylor,Informe del partido,
1587,,,,,,,,,,,,,,
1588,27,Sáb,11/03/2023,12:30,Bournemouth,0.9,1–0,1.7,Liverpool,10536,Vitality Stadium,John Brooks,Informe del partido,
1589,27,Sáb,11/03/2023,15:00,Leeds United,0.9,2–2,2.7,Brighton,36471,Elland Road,Paul Tierney,Informe del partido,
1590,27,Sáb,11/03/2023,15:00,Everton,1,1–0,2,Brentford,39274,Goodison Park,Simon Hooper,Informe del partido,
1591,27,Sáb,11/03/2023,15:00,Leicester City,2.4,1–3,1.6,Chelsea,32170,King Power Stadium,Andre Marriner,Informe del partido,
1592,27,Sáb,11/03/2023,15:00,Tottenham,2,3–1,1.5,Nott'ham Forest,61460,Tottenham Hotspur Stadium,Craig Pawson,Informe del partido,
1593,27,Sáb,11/03/2023,17:30,Crystal Palace,0.2,0–1,2.1,Manchester City,25844,Selhurst Park,Robert Jones,Informe del partido,
1594,27,Dom,12/03/2023,14:00,Manchester Utd,0.8,0–0,1,Southampton,73439,Old Trafford,Anthony Taylor,Informe del partido,
1595,27,Dom,12/03/2023,14:00,Fulham,0.8,0–3,2.3,Arsenal,24426,Craven Cottage,David Coote,Informe del partido,
1596,27,Dom,12/03/2023,14:00,West Ham,2.1,1–1,1.5,Aston Villa,62472,London Stadium,Chris Kavanagh,Informe del partido,
1597,27,Dom,12/03/2023,16:30,Newcastle Utd,1.8,2–1,1.1,Wolves,52240,St James' Park,Andy Madley,Informe del partido,
1598,,,,,,,,,,,,,,
1599,7,Mié,15/03/2023,19:30,Southampton,0.5,0–2,1.9,Brentford,30438,St. Mary's Stadium,Michael Salisbury,Informe del partido,
1600,,,,,,,,,,,,,,
1601,8,Mié,15/03/2023,19:30,Brighton,0.6,1–0,1.1,Crystal Palace,30933,The American Express Community Stadium,Peter Bankes,Informe del partido,
1602,,,,,,,,,,,,,,
1603,28,Vie,17/03/2023,20:00,Nott'ham Forest,0.4,1–2,2.4,Newcastle Utd,29362,The City Ground,Paul Tierney,Informe del partido,
1604,28,Sáb,18/03/2023,15:00,Wolves,2.7,2–4,1.6,Leeds United,31570,Molineux Stadium,Michael Salisbury,Informe del partido,
1605,28,Sáb,18/03/2023,15:00,Brentford,0.6,1–1,1.3,Leicester City,17006,Brentford Community Stadium,Darren Bond,Informe del partido,
1606,28,Sáb,18/03/2023,15:00,Aston Villa,3.5,3–0,1.3,Bournemouth,41021,Villa Park,Robert Jones,Informe del partido,
1607,28,Sáb,18/03/2023,15:00,Southampton,2.4,3–3,2.3,Tottenham,30157,St. Mary's Stadium,Simon Hooper,Informe del partido,
1608,28,Sáb,18/03/2023,17:30,Chelsea,2.3,2–2,1.2,Everton,40025,Stamford Bridge,Darren England,Informe del partido,
1609,28,Dom,19/03/2023,14:00,Arsenal,1.6,4–1,0.8,Crystal Palace,60247,Emirates Stadium,Stuart Attwell,Informe del partido,
1610,,,,,,,,,,,,,,
1611,29,Sáb,01/04/2023,12:30,Manchester City,2.9,4–1,0.3,Liverpool,52877,Etihad Stadium,Simon Hooper,Informe del partido,
1612,29,Sáb,01/04/2023,15:00,Arsenal,3.8,4–1,0.7,Leeds United,60283,Emirates Stadium,Darren England,Informe del partido,
1613,29,Sáb,01/04/2023,15:00,Nott'ham Forest,1.3,1–1,0.5,Wolves,29368,The City Ground,Chris Kavanagh,Informe del partido,
1614,29,Sáb,01/04/2023,15:00,Brighton,4.2,3–3,1.6,Brentford,31493,The American Express Community Stadium,Michael Oliver,Informe del partido,
1615,29,Sáb,01/04/2023,15:00,Crystal Palace,2.3,2–1,0.2,Leicester City,25147,Selhurst Park,Tim Robinson,Informe del partido,
1616,29,Sáb,01/04/2023,15:00,Bournemouth,2.6,2–1,0.8,Fulham,10305,Vitality Stadium,Peter Bankes,Informe del partido,
1617,29,Sáb,01/04/2023,17:30,Chelsea,2.1,0–2,0.9,Aston Villa,40082,Stamford Bridge,Andy Madley,Informe del partido,
1618,29,Dom,02/04/2023,14:00,West Ham,1.4,1–0,0.3,Southampton,62498,London Stadium,Paul Tierney,Informe del partido,
1619,29,Dom,02/04/2023,16:30,Newcastle Utd,3.7,2–0,0.4,Manchester Utd,52268,St James' Park,Stuart Attwell,Informe del partido,
1620,29,Lun,03/04/2023,20:00,Everton,0.9,1–1,1.4,Tottenham,39294,Goodison Park,David Coote,Informe del partido,
1621,,,,,,,,,,,,,,
1622,7,Mar,04/04/2023,19:45,Leeds United,1.8,2–1,0.8,Nott'ham Forest,36740,Elland Road,Robert Jones,Informe del partido,
1623,7,Mar,04/04/2023,19:45,Bournemouth,1.7,0–2,2.7,Brighton,10266,Vitality Stadium,Darren Bond,Informe del partido,
1624,7,Mar,04/04/2023,19:45,Leicester City,0.5,1–2,1,Aston Villa,32087,King Power Stadium,Graham Scott,Informe del partido,
1625,,,,,,,,,,,,,,
1626,8,Mar,04/04/2023,20:00,Chelsea,2.2,0–0,0.3,Liverpool,40093,Stamford Bridge,Anthony Taylor,Informe del partido,
1627,,,,,,,,,,,,,,
1628,7,Mié,05/04/2023,20:00,West Ham,1,1–5,3.3,Newcastle Utd,62481,London Stadium,Craig Pawson,Informe del partido,
1629,,,,,,,,,,,,,,
1630,25,Mié,05/04/2023,20:00,Manchester Utd,1.2,1–0,0.7,Brentford,73309,Old Trafford,John Brooks,Informe del partido,
1631,,,,,,,,,,,,,,
1632,30,Sáb,08/04/2023,12:30,Manchester Utd,3.4,2–0,1,Everton,73509,Old Trafford,Michael Oliver,Informe del partido,
1633,30,Sáb,08/04/2023,15:00,Fulham,0.7,0–1,1.1,West Ham,24491,Craven Cottage,Jarred Gillett,Informe del partido,
1634,30,Sáb,08/04/2023,15:00,Aston Villa,1.3,2–0,0.2,Nott'ham Forest,42076,Villa Park,Anthony Taylor,Informe del partido,
1635,30,Sáb,08/04/2023,15:00,Leicester City,0.6,0–1,1.9,Bournemouth,32094,King Power Stadium,David Coote,Informe del partido,
1636,30,Sáb,08/04/2023,15:00,Brentford,2.6,1–2,1.3,Newcastle Utd,17107,Brentford Community Stadium,Chris Kavanagh,Informe del partido,
1637,30,Sáb,08/04/2023,15:00,Wolves,0.6,1–0,1.1,Chelsea,31614,Molineux Stadium,Peter Bankes,Informe del partido,
1638,30,Sáb,08/04/2023,15:00,Tottenham,0.8,2–1,1.4,Brighton,61405,Tottenham Hotspur Stadium,Stuart Attwell,Informe del partido,
1639,30,Sáb,08/04/2023,17:30,Southampton,0.4,1–4,2.9,Manchester City,30963,St. Mary's Stadium,Robert Jones,Informe del partido,
1640,30,Dom,09/04/2023,14:00,Leeds United,0.9,1–5,3,Crystal Palace,36427,Elland Road,Simon Hooper,Informe del partido,
1641,30,Dom,09/04/2023,16:30,Liverpool,3.9,2–2,1.4,Arsenal,53267,Anfield,Paul Tierney,Informe del partido,
1642,,,,,,,,,,,,,,
1643,31,Sáb,15/04/2023,12:30,Aston Villa,1.9,3–0,0.5,Newcastle Utd,42055,Villa Park,John Brooks,Informe del partido,
1644,31,Sáb,15/04/2023,15:00,Chelsea,0.5,1–2,2.9,Brighton,40126,Stamford Bridge,Robert Jones,Informe del partido,
1645,31,Sáb,15/04/2023,15:00,Southampton,0.8,0–2,0.9,Crystal Palace,30309,St. Mary's Stadium,Michael Oliver,Informe del partido,
1646,31,Sáb,15/04/2023,15:00,Wolves,0.8,2–0,1.1,Brentford,30769,Molineux Stadium,Paul Tierney,Informe del partido,
1647,31,Sáb,15/04/2023,15:00,Tottenham,2.2,2–3,1.3,Bournemouth,61369,Tottenham Hotspur Stadium,Andy Madley,Informe del partido,
1648,31,Sáb,15/04/2023,15:00,Everton,1.4,1–3,1.8,Fulham,39241,Goodison Park,Anthony Taylor,Informe del partido,
1649,31,Sáb,15/04/2023,17:30,Manchester City,1.6,3–1,2.3,Leicester City,53329,Etihad Stadium,Darren England,Informe del partido,
1650,31,Dom,16/04/2023,14:00,West Ham,1.8,2–2,2.7,Arsenal,62481,London Stadium,David Coote,Informe del partido,
1651,31,Dom,16/04/2023,16:30,Nott'ham Forest,0.7,0–2,3.5,Manchester Utd,29435,The City Ground,Simon Hooper,Informe del partido,
1652,31,Lun,17/04/2023,20:00,Leeds United,1.4,1–6,2.7,Liverpool,36657,Elland Road,Craig Pawson,Informe del partido,
1653,,,,,,,,,,,,,,
1654,32,Vie,21/04/2023,20:00,Arsenal,2.4,3–3,1.3,Southampton,60175,Emirates Stadium,Simon Hooper,Informe del partido,
1655,32,Sáb,22/04/2023,12:30,Fulham,1.7,2–1,0.8,Leeds United,24356,Craven Cottage,Peter Bankes,Informe del partido,
1656,32,Sáb,22/04/2023,15:00,Crystal Palace,0.5,0–0,0.4,Everton,25202,Selhurst Park,John Brooks,Informe del partido,
1657,32,Sáb,22/04/2023,15:00,Brentford,2.7,1–1,1.5,Aston Villa,17098,Brentford Community Stadium,Michael Salisbury,Informe del partido,
1658,32,Sáb,22/04/2023,15:00,Liverpool,2.8,3–2,0.9,Nott'ham Forest,53254,Anfield,Michael Oliver,Informe del partido,
1659,32,Sáb,22/04/2023,15:00,Leicester City,2.4,2–1,0.9,Wolves,32053,King Power Stadium,Andy Madley,Informe del partido,
1660,32,Dom,23/04/2023,14:00,Bournemouth,1.5,0–4,2.4,West Ham,10465,Vitality Stadium,Anthony Taylor,Informe del partido,
1661,32,Dom,23/04/2023,14:00,Newcastle Utd,3.7,6–1,1,Tottenham,52252,St James' Park,David Coote,Informe del partido,
1662,,,,,,,,,,,,,,
1663,33,Mar,25/04/2023,19:30,Wolves,1.4,2–0,0.8,Crystal Palace,30294,Molineux Stadium,Robert Jones,Informe del partido,
1664,33,Mar,25/04/2023,19:45,Aston Villa,1,1–0,0.1,Fulham,41046,Villa Park,Thomas Bramall,Informe del partido,
1665,33,Mar,25/04/2023,20:00,Leeds United,1.5,1–1,2.1,Leicester City,36666,Elland Road,Paul Tierney,Informe del partido,
1666,33,Mié,26/04/2023,19:30,Nott'ham Forest,2.4,3–1,2.3,Brighton,28808,The City Ground,Jarred Gillett,Informe del partido,
1667,33,Mié,26/04/2023,19:45,Chelsea,1.3,0–2,1.1,Brentford,39929,Stamford Bridge,Andy Madley,Informe del partido,
1668,33,Mié,26/04/2023,19:45,West Ham,0.8,1–2,1.9,Liverpool,62473,London Stadium,Chris Kavanagh,Informe del partido,
1669,33,Mié,26/04/2023,20:00,Manchester City,2.5,4–1,0.5,Arsenal,53482,Etihad Stadium,Michael Oliver,Informe del partido,
1670,33,Jue,27/04/2023,19:45,Everton,0.9,1–4,2.4,Newcastle Utd,39248,Goodison Park,Andre Marriner,Informe del partido,
1671,33,Jue,27/04/2023,19:45,Southampton,0.5,0–1,0.9,Bournemouth,30414,St. Mary's Stadium,Darren England,Informe del partido,
1672,33,Jue,27/04/2023,20:15,Tottenham,2.5,2–2,2,Manchester Utd,61586,Tottenham Hotspur Stadium,Anthony Taylor,Informe del partido,
1673,,,,,,,,,,,,,,
1674,34,Sáb,29/04/2023,12:30,Crystal Palace,2.1,4–3,1.7,West Ham,25148,Selhurst Park,Craig Pawson,Informe del partido,
1675,34,Sáb,29/04/2023,15:00,Brighton,3.3,6–0,0.8,Wolves,31584,The American Express Community Stadium,David Coote,Informe del partido,
1676,34,Sáb,29/04/2023,15:00,Brentford,1.6,2–1,0.7,Nott'ham Forest,17080,Brentford Community Stadium,Peter Bankes,Informe del partido,
1677,34,Dom,30/04/2023,14:00,Manchester Utd,1.2,1–0,0.6,Aston Villa,73592,Old Trafford,Jarred Gillett,Informe del partido,
1678,34,Dom,30/04/2023,14:00,Bournemouth,1.9,4–1,1.6,Leeds United,10434,Vitality Stadium,Chris Kavanagh,Informe del partido,
1679,34,Dom,30/04/2023,14:00,Newcastle Utd,4.3,3–1,0.8,Southampton,52234,St James' Park,Anthony Taylor,Informe del partido,
1680,34,Dom,30/04/2023,14:00,Fulham,0.2,1–2,2.5,Manchester City,24498,Craven Cottage,Simon Hooper,Informe del partido,
1681,34,Dom,30/04/2023,16:30,Liverpool,2.2,4–3,2,Tottenham,53275,Anfield,Paul Tierney,Informe del partido,
1682,34,Lun,01/05/2023,20:00,Leicester City,3.4,2–2,3.1,Everton,32173,King Power Stadium,Michael Oliver,Informe del partido,
1683,34,Mar,02/05/2023,20:00,Arsenal,1.7,3–1,0.8,Chelsea,60144,Emirates Stadium,Robert Jones,Informe del partido,
1684,,,,,,,,,,,,,,
1685,28,Mié,03/05/2023,20:00,Liverpool,1.8,1–0,0.9,Fulham,52602,Anfield,Stuart Attwell,Informe del partido,
1686,28,Mié,03/05/2023,20:00,Manchester City,2.3,3–0,0.4,West Ham,53305,Etihad Stadium,John Brooks,Informe del partido,
1687,28,Jue,04/05/2023,20:00,Brighton,2.3,1–0,1.4,Manchester Utd,31577,The American Express Community Stadium,Andre Marriner,Informe del partido,
1688,,,,,,,,,,,,,,
1689,35,Sáb,06/05/2023,15:00,Tottenham,0.9,1–0,0.4,Crystal Palace,61093,Tottenham Hotspur Stadium,Darren England,Informe del partido,
1690,35,Sáb,06/05/2023,15:00,Wolves,0.8,1–0,1.5,Aston Villa,31641,Molineux Stadium,Stuart Attwell,Informe del partido,
1691,35,Sáb,06/05/2023,15:00,Bournemouth,1.2,1–3,1.3,Chelsea,10357,Vitality Stadium,John Brooks,Informe del partido,
1692,35,Sáb,06/05/2023,15:00,Manchester City,2.6,2–1,0.2,Leeds United,53406,Etihad Stadium,Andy Madley,Informe del partido,
1693,35,Sáb,06/05/2023,17:30,Liverpool,2.2,1–0,0.2,Brentford,52838,Anfield,Anthony Taylor,Informe del partido,
1694,35,Dom,07/05/2023,16:30,Newcastle Utd,1.3,0–2,1.3,Arsenal,50267,St James' Park,Chris Kavanagh,Informe del partido,
1695,35,Dom,07/05/2023,19:00,West Ham,1.3,1–0,1.2,Manchester Utd,62477,London Stadium,Peter Bankes,Informe del partido,
1696,35,Lun,08/05/2023,15:00,Fulham,1.6,5–3,2.8,Leicester City,24442,Craven Cottage,Robert Jones,Informe del partido,
1697,35,Lun,08/05/2023,17:30,Brighton,3.2,1–5,2.3,Everton,31567,The American Express Community Stadium,Simon Hooper,Informe del partido,
1698,35,Lun,08/05/2023,20:00,Nott'ham Forest,1.8,4–3,3.1,Southampton,29154,The City Ground,Michael Oliver,Informe del partido,
1699,,,,,,,,,,,,,,
1700,36,Sáb,13/05/2023,12:30,Leeds United,2,2–2,2.3,Newcastle Utd,36955,Elland Road,Simon Hooper,Informe del partido,
1701,36,Sáb,13/05/2023,15:00,Aston Villa,1.2,2–1,1.4,Tottenham,42164,Villa Park,Peter Bankes,Informe del partido,
1702,36,Sáb,13/05/2023,15:00,Chelsea,1.2,2–2,1.3,Nott'ham Forest,40030,Stamford Bridge,Paul Tierney,Informe del partido,
1703,36,Sáb,13/05/2023,15:00,Crystal Palace,1.5,2–0,0.3,Bournemouth,25034,Selhurst Park,Michael Salisbury,Informe del partido,
1704,36,Sáb,13/05/2023,15:00,Southampton,0.4,0–2,1.4,Fulham,28978,St. Mary's Stadium,Thomas Bramall,Informe del partido,
1705,36,Sáb,13/05/2023,15:00,Manchester Utd,3.2,2–0,0.3,Wolves,73570,Old Trafford,John Brooks,Informe del partido,
1706,36,Dom,14/05/2023,14:00,Everton,1.6,0–3,0.8,Manchester City,39376,Goodison Park,Anthony Taylor,Informe del partido,
1707,36,Dom,14/05/2023,14:00,Brentford,3.4,2–0,0.2,West Ham,17075,Brentford Community Stadium,Michael Oliver,Informe del partido,
1708,36,Dom,14/05/2023,16:30,Arsenal,0.9,0–3,1.7,Brighton,60139,Emirates Stadium,Andy Madley,Informe del partido,
1709,36,Lun,15/05/2023,20:00,Leicester City,0.4,0–3,2.2,Liverpool,32225,King Power Stadium,Craig Pawson,Informe del partido,
1710,,,,,,,,,,,,,,
1711,25,Jue,18/05/2023,19:30,Newcastle Utd,3.6,4–1,0.5,Brighton,52122,St James' Park,Robert Jones,Informe del partido,
1712,,,,,,,,,,,,,,
1713,37,Sáb,20/05/2023,12:30,Tottenham,1.7,1–3,1.2,Brentford,61514,Tottenham Hotspur Stadium,Jarred Gillett,Informe del partido,
1714,37,Sáb,20/05/2023,15:00,Liverpool,0.7,1–1,1.3,Aston Villa,53306,Anfield,John Brooks,Informe del partido,
1715,37,Sáb,20/05/2023,15:00,Fulham,1.7,2–2,1.6,Crystal Palace,24356,Craven Cottage,Joshua Smith,Informe del partido,
1716,37,Sáb,20/05/2023,15:00,Bournemouth,1,0–1,1.4,Manchester Utd,10240,Vitality Stadium,Chris Kavanagh,Informe del partido,
1717,37,Sáb,20/05/2023,15:00,Wolves,1.6,1–1,2,Everton,31684,Molineux Stadium,David Coote,Informe del partido,
1718,37,Sáb,20/05/2023,17:30,Nott'ham Forest,0.6,1–0,0.6,Arsenal,29514,The City Ground,Anthony Taylor,Informe del partido,
1719,37,Dom,21/05/2023,13:30,West Ham,2.1,3–1,0.9,Leeds United,62478,London Stadium,Peter Bankes,Informe del partido,
1720,37,Dom,21/05/2023,14:00,Brighton,2.5,3–1,0.6,Southampton,31507,The American Express Community Stadium,Paul Tierney,Informe del partido,
1721,37,Dom,21/05/2023,16:00,Manchester City,1.2,1–0,1.2,Chelsea,53490,Etihad Stadium,Michael Oliver,Informe del partido,
1722,37,Lun,22/05/2023,20:00,Newcastle Utd,2.1,0–0,0.1,Leicester City,52152,St James' Park,Andre Marriner,Informe del partido,
1723,,,,,,,,,,,,,,
1724,32,Mié,24/05/2023,20:00,Brighton,2.2,1–1,1.8,Manchester City,31388,The American Express Community Stadium,Simon Hooper,Informe del partido,
1725,32,Jue,25/05/2023,20:00,Manchester Utd,5.2,4–1,1.9,Chelsea,73561,Old Trafford,Stuart Attwell,Informe del partido,
1726,,,,,,,,,,,,,,
1727,38,Dom,28/05/2023,16:30,Crystal Palace,1.4,1–1,0.5,Nott'ham Forest,25198,Selhurst Park,Thomas Bramall,Informe del partido,
1728,38,Dom,28/05/2023,16:30,Chelsea,2.2,1–1,1.7,Newcastle Utd,40130,Stamford Bridge,Jarred Gillett,Informe del partido,
1729,38,Dom,28/05/2023,16:30,Manchester Utd,2.9,2–1,1.8,Fulham,73465,Old Trafford,Robert Jones,Informe del partido,
1730,38,Dom,28/05/2023,16:30,Arsenal,2.8,5–0,0.5,Wolves,60095,Emirates Stadium,Andre Marriner,Informe del partido,
1731,38,Dom,28/05/2023,16:30,Southampton,1.8,4–4,4,Liverpool,31129,St. Mary's Stadium,Darren England,Informe del partido,
1732,38,Dom,28/05/2023,16:30,Everton,1,1–0,0.5,Bournemouth,39201,Goodison Park,Stuart Attwell,Informe del partido,
1733,38,Dom,28/05/2023,16:30,Leicester City,1.4,2–1,1.4,West Ham,32183,King Power Stadium,Simon Hooper,Informe del partido,
1734,38,Dom,28/05/2023,16:30,Aston Villa,2.8,2–1,1.4,Brighton,,Villa Park,David Coote,Informe del partido,
1735,38,Dom,28/05/2023,16:30,Leeds United,1.5,1–4,2.2,Tottenham,36871,Elland Road,Anthony Taylor,Informe del partido,
1736,38,Dom,28/05/2023,16:30,Brentford,1.3,1–0,1.6,Manchester City,17120,Brentford Community Stadium,John Brooks,Informe del partido,
1737,1,Vie,11/08/2023,20:00,Burnley,0.3,0–3,1.9,Manchester City,21572,Turf Moor,Craig Pawson,Informe del partido,
1738,1,Sáb,12/08/2023,12:30,Arsenal,0.8,2–1,1.2,Nott'ham Forest,59984,Emirates Stadium,Michael Oliver,Informe del partido,
1739,1,Sáb,12/08/2023,15:00,Everton,2.7,0–1,1.5,Fulham,39940,Goodison Park,Stuart Attwell,Informe del partido,
1740,1,Sáb,12/08/2023,15:00,Sheffield Utd,0.5,0–1,1.9,Crystal Palace,31194,Bramall Lane,John Brooks,Informe del partido,
1741,1,Sáb,12/08/2023,15:00,Brighton,4,4–1,1.5,Luton Town,31872,The American Express Community Stadium,David Coote,Informe del partido,
1742,1,Sáb,12/08/2023,15:00,Bournemouth,1.3,1–1,1.1,West Ham,11245,Vitality Stadium,Peter Bankes,Informe del partido,
1743,1,Sáb,12/08/2023,17:30,Newcastle Utd,3.3,5–1,1.8,Aston Villa,52207,St James' Park,Andy Madley,Informe del partido,
1744,1,Dom,13/08/2023,14:00,Brentford,2.2,2–2,1.3,Tottenham,17066,Gtech Community Stadium,Robert Jones,Informe del partido,
1745,1,Dom,13/08/2023,16:30,Chelsea,1.4,1–1,1.3,Liverpool,40096,Stamford Bridge,Anthony Taylor,Informe del partido,
1746,1,Lun,14/08/2023,20:00,Manchester Utd,2.2,1–0,2.2,Wolves,73358,Old Trafford,Simon Hooper,Informe del partido,
1747,,,,,,,,,,,,,,
1748,2,Vie,18/08/2023,19:45,Nott'ham Forest,1.4,2–1,0.5,Sheffield Utd,29432,The City Ground,Peter Bankes,Informe del partido,
1749,2,Sáb,19/08/2023,15:00,Fulham,0.5,0–3,3.7,Brentford,24236,Craven Cottage,Darren Bond,Informe del partido,
1750,2,Sáb,19/08/2023,15:00,Liverpool,3,3–1,1.3,Bournemouth,53145,Anfield,Thomas Bramall,Informe del partido,
1751,2,Sáb,19/08/2023,15:00,Wolves,2.1,1–4,2.2,Brighton,31317,Molineux Stadium,Andy Madley,Informe del partido,
1752,2,Sáb,19/08/2023,17:30,Tottenham,1.7,2–0,2.1,Manchester Utd,61910,Tottenham Hotspur Stadium,Michael Oliver,Informe del partido,
1753,2,Sáb,19/08/2023,20:00,Manchester City,1,1–0,0.3,Newcastle Utd,53419,Etihad Stadium,Robert Jones,Informe del partido,
1754,2,Dom,20/08/2023,14:00,Aston Villa,2.9,4–0,0.6,Everton,41694,Villa Park,Anthony Taylor,Informe del partido,
1755,2,Dom,20/08/2023,16:30,West Ham,1.8,3–1,2.5,Chelsea,62451,London Stadium,John Brooks,Informe del partido,
1756,2,Lun,21/08/2023,20:00,Crystal Palace,1,0–1,2,Arsenal,24189,Selhurst Park,David Coote,Informe del partido,
1757,,,,,,,,,,,,,,
1758,3,Vie,25/08/2023,20:00,Chelsea,2.2,3–0,0.4,Luton Town,39893,Stamford Bridge,Robert Jones,Informe del partido,
1759,3,Sáb,26/08/2023,12:30,Bournemouth,0.7,0–2,2.1,Tottenham,10567,Vitality Stadium,Tim Robinson,Informe del partido,
1760,3,Sáb,26/08/2023,15:00,Everton,1.3,0–1,1.1,Wolves,38851,Goodison Park,Craig Pawson,Informe del partido,
1761,3,Sáb,26/08/2023,15:00,Brentford,1,1–1,0.8,Crystal Palace,16997,Gtech Community Stadium,Peter Bankes,Informe del partido,
1762,3,Sáb,26/08/2023,15:00,Manchester Utd,2.8,3–2,1.2,Nott'ham Forest,73595,Old Trafford,Stuart Attwell,Informe del partido,
1763,3,Sáb,26/08/2023,15:00,Arsenal,3.2,2–2,0.6,Fulham,59961,Emirates Stadium,Paul Tierney,Informe del partido,
1764,3,Sáb,26/08/2023,17:30,Brighton,1.5,1–3,3,West Ham,31508,The American Express Community Stadium,Anthony Taylor,Informe del partido,
1765,3,Dom,27/08/2023,14:00,Sheffield Utd,0.7,1–2,3.5,Manchester City,31336,Bramall Lane,Jarred Gillett,Informe del partido,
1766,3,Dom,27/08/2023,14:00,Burnley,0.7,1–3,2.5,Aston Villa,21591,Turf Moor,Michael Salisbury,Informe del partido,
1767,3,Dom,27/08/2023,16:30,Newcastle Utd,2,1–2,0.9,Liverpool,52214,St James' Park,John Brooks,Informe del partido,
1768,,,,,,,,,,,,,,
1769,4,Vie,01/09/2023,20:00,Luton Town,1.4,1–2,1,West Ham,10802,Kenilworth Road Stadium,Paul Tierney,Informe del partido,
1770,4,Sáb,02/09/2023,12:30,Sheffield Utd,1.2,2–2,2.5,Everton,31124,Bramall Lane,Andy Madley,Informe del partido,
1771,4,Sáb,02/09/2023,15:00,Chelsea,2.3,0–1,0.8,Nott'ham Forest,39820,Stamford Bridge,Tim Robinson,Informe del partido,
1772,4,Sáb,02/09/2023,15:00,Manchester City,2.2,5–1,1.4,Fulham,52899,Etihad Stadium,Michael Oliver,Informe del partido,
1773,4,Sáb,02/09/2023,15:00,Brentford,2.9,2–2,2.1,Bournemouth,16973,Gtech Community Stadium,Robert Madley,Informe del partido,
1774,4,Sáb,02/09/2023,15:00,Burnley,1.3,2–5,2.2,Tottenham,21750,Turf Moor,Darren England,Informe del partido,
1775,4,Sáb,02/09/2023,17:30,Brighton,1.3,3–1,1.2,Newcastle Utd,31620,The American Express Community Stadium,Stuart Attwell,Informe del partido,
1776,4,Dom,03/09/2023,14:00,Liverpool,2.5,3–0,0.7,Aston Villa,50109,Anfield,Simon Hooper,Informe del partido,
1777,4,Dom,03/09/2023,14:00,Crystal Palace,2.1,3–2,1.2,Wolves,24741,Selhurst Park,Robert Jones,Informe del partido,
1778,4,Dom,03/09/2023,16:30,Arsenal,2.3,3–1,0.9,Manchester Utd,60192,Emirates Stadium,Anthony Taylor,Informe del partido,
1779,,,,,,,,,,,,,,
1780,5,Sáb,16/09/2023,12:30,Wolves,0.6,1–3,2.5,Liverpool,31257,Molineux Stadium,Michael Oliver,Informe del partido,
1781,5,Sáb,16/09/2023,15:00,Fulham,1,1–0,1.1,Luton Town,24467,Craven Cottage,Michael Salisbury,Informe del partido,
1782,5,Sáb,16/09/2023,15:00,West Ham,0.9,1–3,3.6,Manchester City,62475,London Stadium,Andy Madley,Informe del partido,
1783,5,Sáb,16/09/2023,15:00,Aston Villa,3,3–1,1.2,Crystal Palace,40809,Villa Park,Darren England,Informe del partido,
1784,5,Sáb,16/09/2023,15:00,Manchester Utd,1,1–3,1.7,Brighton,73592,Old Trafford,Jarred Gillett,Informe del partido,
1785,5,Sáb,16/09/2023,15:00,Tottenham,2.1,2–1,0.7,Sheffield Utd,61706,Tottenham Hotspur Stadium,Peter Bankes,Informe del partido,
1786,5,Sáb,16/09/2023,17:30,Newcastle Utd,1.4,1–0,0.5,Brentford,51670,St James' Park,Craig Pawson,Informe del partido,
1787,5,Dom,17/09/2023,14:00,Bournemouth,1,0–0,1.8,Chelsea,10421,Vitality Stadium,David Coote,Informe del partido,
1788,5,Dom,17/09/2023,16:30,Everton,0.3,0–1,1,Arsenal,39217,Goodison Park,Simon Hooper,Informe del partido,
1789,5,Lun,18/09/2023,19:45,Nott'ham Forest,0.7,1–1,0.5,Burnley,28958,The City Ground,Robert Jones,Informe del partido,
1790,,,,,,,,,,,,,,
1791,6,Sáb,23/09/2023,15:00,Manchester City,1.3,2–0,1,Nott'ham Forest,53413,Etihad Stadium,Anthony Taylor,Informe del partido,
1792,6,Sáb,23/09/2023,15:00,Luton Town,2.1,1–1,0.6,Wolves,10893,Kenilworth Road Stadium,Joshua Smith,Informe del partido,
1793,6,Sáb,23/09/2023,15:00,Crystal Palace,0.3,0–0,0.6,Fulham,25072,Selhurst Park,Paul Tierney,Informe del partido,
1794,6,Sáb,23/09/2023,17:30,Brentford,1,1–3,1.9,Everton,16981,Gtech Community Stadium,Michael Oliver,Informe del partido,
1795,6,Sáb,23/09/2023,20:00,Burnley,1.1,0–1,1,Manchester Utd,21593,Turf Moor,Tony Harrington,Informe del partido,
1796,6,Dom,24/09/2023,14:00,Arsenal,1.8,2–2,1.4,Tottenham,60156,Emirates Stadium,Robert Jones,Informe del partido,
1797,6,Dom,24/09/2023,14:00,Brighton,1.9,3–1,1.1,Bournemouth,31617,The American Express Community Stadium,John Brooks,Informe del partido,
1798,6,Dom,24/09/2023,14:00,Chelsea,1.3,0–1,1,Aston Villa,39700,Stamford Bridge,Jarred Gillett,Informe del partido,
1799,6,Dom,24/09/2023,14:00,Liverpool,3,3–1,1.1,West Ham,50136,Anfield,Chris Kavanagh,Informe del partido,
1800,6,Dom,24/09/2023,16:30,Sheffield Utd,0.9,0–8,3.9,Newcastle Utd,31127,Bramall Lane,Stuart Attwell,Informe del partido,
1801,,,,,,,,,,,,,,
1802,7,Sáb,30/09/2023,12:30,Aston Villa,1.6,6–1,1.7,Brighton,40636,Villa Park,Andy Madley,Informe del partido,
1803,7,Sáb,30/09/2023,15:00,Wolves,0.4,2–1,0.9,Manchester City,31415,Molineux Stadium,Craig Pawson,Informe del partido,
1804,7,Sáb,30/09/2023,15:00,Bournemouth,0.6,0–4,3.4,Arsenal,11193,Vitality Stadium,Michael Salisbury,Informe del partido,
1805,7,Sáb,30/09/2023,15:00,Everton,2.9,1–2,0.9,Luton Town,39289,Goodison Park,Anthony Taylor,Informe del partido,
1806,7,Sáb,30/09/2023,15:00,Newcastle Utd,3.1,2–0,0.6,Burnley,51687,St James' Park,Thomas Bramall,Informe del partido,
1807,7,Sáb,30/09/2023,15:00,West Ham,2.1,2–0,1.1,Sheffield Utd,62459,London Stadium,Graham Scott,Informe del partido,
1808,7,Sáb,30/09/2023,15:00,Manchester Utd,1.3,0–1,0.9,Crystal Palace,73428,Old Trafford,Chris Kavanagh,Informe del partido,
1809,7,Sáb,30/09/2023,17:30,Tottenham,2.2,2–1,1.3,Liverpool,62001,Tottenham Hotspur Stadium,Simon Hooper,Informe del partido,
1810,7,Dom,01/10/2023,14:00,Nott'ham Forest,0.5,1–1,1.6,Brentford,29004,The City Ground,Paul Tierney,Informe del partido,
1811,7,Lun,02/10/2023,20:00,Fulham,1.1,0–2,1.7,Chelsea,24445,Craven Cottage,Tim Robinson,Informe del partido,
1812,,,,,,,,,,,,,,
1813,2,Mar,03/10/2023,19:30,Luton Town,1.3,1–2,1.1,Burnley,10918,Kenilworth Road Stadium,Peter Bankes,Informe del partido,
1814,,,,,,,,,,,,,,
1815,8,Sáb,07/10/2023,12:30,Luton Town,0.8,0–1,1.9,Tottenham,10290,Kenilworth Road Stadium,John Brooks,Informe del partido,
1816,8,Sáb,07/10/2023,15:00,Everton,2.4,3–0,0.7,Bournemouth,38815,Goodison Park,David Coote,Informe del partido,
1817,8,Sáb,07/10/2023,15:00,Manchester Utd,1.4,2–1,0.9,Brentford,73453,Old Trafford,Andy Madley,Informe del partido,
1818,8,Sáb,07/10/2023,15:00,Burnley,0.7,1–4,1.9,Chelsea,21654,Turf Moor,Stuart Attwell,Informe del partido,
1819,8,Sáb,07/10/2023,15:00,Fulham,2.2,3–1,0.6,Sheffield Utd,24361,Craven Cottage,Samuel Barrott,Informe del partido,
1820,8,Sáb,07/10/2023,17:30,Crystal Palace,0.8,0–0,1,Nott'ham Forest,25017,Selhurst Park,Craig Pawson,Informe del partido,
1821,8,Dom,08/10/2023,14:00,West Ham,1.2,2–2,2,Newcastle Utd,62473,London Stadium,Peter Bankes,Informe del partido,
1822,8,Dom,08/10/2023,14:00,Wolves,1.7,1–1,1.6,Aston Villa,31425,Molineux Stadium,Robert Jones,Informe del partido,
1823,8,Dom,08/10/2023,14:00,Brighton,2.3,2–2,2.3,Liverpool,31752,The American Express Community Stadium,Anthony Taylor,Informe del partido,
1824,8,Dom,08/10/2023,16:30,Arsenal,0.4,1–0,0.5,Manchester City,60233,Emirates Stadium,Michael Oliver,Informe del partido,
1825,,,,,,,,,,,,,,
1826,9,Sáb,21/10/2023,12:30,Liverpool,2.2,2–0,0.1,Everton,50201,Anfield,Craig Pawson,Informe del partido,
1827,9,Sáb,21/10/2023,15:00,Bournemouth,0.6,1–2,2.4,Wolves,11175,Vitality Stadium,Paul Tierney,Informe del partido,
1828,9,Sáb,21/10/2023,15:00,Newcastle Utd,2.4,4–0,1.2,Crystal Palace,52189,St James' Park,Tim Robinson,Informe del partido,
1829,9,Sáb,21/10/2023,15:00,Brentford,3.1,3–0,1.1,Burnley,17029,Gtech Community Stadium,Joshua Smith,Informe del partido,
1830,9,Sáb,21/10/2023,15:00,Manchester City,0.8,2–1,0.8,Brighton,53466,Etihad Stadium,Robert Jones,Informe del partido,
1831,9,Sáb,21/10/2023,15:00,Nott'ham Forest,2.9,2–2,1.7,Luton Town,29361,The City Ground,Samuel Barrott,Informe del partido,
1832,9,Sáb,21/10/2023,17:30,Chelsea,1.3,2–2,1,Arsenal,39723,Stamford Bridge,Chris Kavanagh,Informe del partido,
1833,9,Sáb,21/10/2023,20:00,Sheffield Utd,1.4,1–2,1.1,Manchester Utd,31543,Bramall Lane,Michael Oliver,Informe del partido,
1834,9,Dom,22/10/2023,16:30,Aston Villa,1.9,4–1,1.1,West Ham,41734,Villa Park,David Coote,Informe del partido,
1835,9,Lun,23/10/2023,20:00,Tottenham,1.5,2–0,1,Fulham,61286,Tottenham Hotspur Stadium,Anthony Taylor,Informe del partido,
1836,,,,,,,,,,,,,,
1837,10,Vie,27/10/2023,20:00,Crystal Palace,0.6,1–2,1.1,Tottenham,25074,Selhurst Park,Andy Madley,Informe del partido,
1838,10,Sáb,28/10/2023,12:30,Chelsea,1.9,0–2,2.2,Brentford,39575,Stamford Bridge,Simon Hooper,Informe del partido,
1839,10,Sáb,28/10/2023,15:00,Bournemouth,1.1,2–1,0.8,Burnley,11152,Vitality Stadium,Samuel Barrott,Informe del partido,
1840,10,Sáb,28/10/2023,15:00,Arsenal,2.8,5–0,0,Sheffield Utd,60153,Emirates Stadium,Tim Robinson,Informe del partido,
1841,10,Sáb,28/10/2023,17:30,Wolves,0.9,2–2,2.2,Newcastle Utd,31584,Molineux Stadium,Anthony Taylor,Informe del partido,
1842,10,Dom,29/10/2023,13:00,West Ham,0.7,0–1,0.8,Everton,62469,London Stadium,Stuart Attwell,Informe del partido,
1843,10,Dom,29/10/2023,14:00,Liverpool,3.2,3–0,0.4,Nott'ham Forest,50143,Anfield,Chris Kavanagh,Informe del partido,
1844,10,Dom,29/10/2023,14:00,Brighton,1.4,1–1,0.7,Fulham,31550,The American Express Community Stadium,Michael Salisbury,Informe del partido,
1845,10,Dom,29/10/2023,14:00,Aston Villa,2.3,3–1,0.5,Luton Town,41785,Villa Park,John Brooks,Informe del partido,
1846,10,Dom,29/10/2023,15:30,Manchester Utd,0.9,0–3,4,Manchester City,73502,Old Trafford,Paul Tierney,Informe del partido,
1847,,,,,,,,,,,,,,
1848,11,Sáb,04/11/2023,12:30,Fulham,1,0–1,0.7,Manchester Utd,24415,Craven Cottage,John Brooks,Informe del partido,
1849,11,Sáb,04/11/2023,15:00,Brentford,1.5,3–2,1.8,West Ham,17103,Gtech Community Stadium,Thomas Bramall,Informe del partido,
1850,11,Sáb,04/11/2023,15:00,Everton,0.7,1–1,0.5,Brighton,38683,Goodison Park,Tim Robinson,Informe del partido,
1851,11,Sáb,04/11/2023,15:00,Burnley,1.1,0–2,1.3,Crystal Palace,21578,Turf Moor,Peter Bankes,Informe del partido,
1852,11,Sáb,04/11/2023,15:00,Manchester City,1.9,6–1,0.9,Bournemouth,53358,Etihad Stadium,Craig Pawson,Informe del partido,
1853,11,Sáb,04/11/2023,15:00,Sheffield Utd,1,2–1,1.2,Wolves,29454,Bramall Lane,Robert Jones,Informe del partido,
1854,11,Sáb,04/11/2023,17:30,Newcastle Utd,1,1–0,0.6,Arsenal,52194,St James' Park,Stuart Attwell,Informe del partido,
1855,11,Dom,05/11/2023,14:00,Nott'ham Forest,0.4,2–0,1.2,Aston Villa,29313,The City Ground,Jarred Gillett,Informe del partido,
1856,11,Dom,05/11/2023,16:30,Luton Town,0.8,1–1,2.6,Liverpool,11049,Kenilworth Road Stadium,Andy Madley,Informe del partido,
1857,11,Lun,06/11/2023,20:00,Tottenham,0.9,1–4,4.1,Chelsea,61726,Tottenham Hotspur Stadium,Michael Oliver,Informe del partido,
1858,,,,,,,,,,,,,,
1859,12,Sáb,11/11/2023,12:30,Wolves,2.1,2–1,0.7,Tottenham,31642,Molineux Stadium,Tim Robinson,Informe del partido,
1860,12,Sáb,11/11/2023,15:00,Arsenal,1.8,3–1,0.3,Burnley,60232,Emirates Stadium,Michael Oliver,Informe del partido,
1861,12,Sáb,11/11/2023,15:00,Manchester Utd,2.2,1–0,0.4,Luton Town,73599,Old Trafford,Graham Scott,Informe del partido,
1862,12,Sáb,11/11/2023,15:00,Crystal Palace,2.2,2–3,1.5,Everton,25103,Selhurst Park,Samuel Barrott,Informe del partido,
1863,12,Sáb,11/11/2023,17:30,Bournemouth,2.4,2–0,0.5,Newcastle Utd,11201,Vitality Stadium,Chris Kavanagh,Informe del partido,
1864,12,Dom,12/11/2023,14:00,West Ham,1.8,3–2,1.7,Nott'ham Forest,62470,London Stadium,Michael Salisbury,Informe del partido,
1865,12,Dom,12/11/2023,14:00,Liverpool,1.7,3–0,1.6,Brentford,50151,Anfield,Paul Tierney,Informe del partido,
1866,12,Dom,12/11/2023,14:00,Aston Villa,3,3–1,0.9,Fulham,41608,Villa Park,Simon Hooper,Informe del partido,
1867,12,Dom,12/11/2023,14:00,Brighton,1.5,1–1,1.1,Sheffield Utd,31367,The American Express Community Stadium,John Brooks,Informe del partido,
1868,12,Dom,12/11/2023,16:30,Chelsea,2.9,4–4,2.9,Manchester City,39532,Stamford Bridge,Anthony Taylor,Informe del partido,
1869,,,,,,,,,,,,,,
1870,13,Sáb,25/11/2023,12:30,Manchester City,1.3,1–1,0.6,Liverpool,53289,Etihad Stadium,Chris Kavanagh,Informe del partido,
1871,13,Sáb,25/11/2023,15:00,Burnley,1.3,1–2,0.9,West Ham,21319,Turf Moor,Samuel Barrott,Informe del partido,
1872,13,Sáb,25/11/2023,15:00,Nott'ham Forest,1.9,2–3,1.3,Brighton,29404,The City Ground,Anthony Taylor,Informe del partido,
1873,13,Sáb,25/11/2023,15:00,Sheffield Utd,0.8,1–3,2.9,Bournemouth,30208,Bramall Lane,Andy Madley,Informe del partido,
1874,13,Sáb,25/11/2023,15:00,Newcastle Utd,2.4,4–1,0.5,Chelsea,52227,St James' Park,Simon Hooper,Informe del partido,
1875,13,Sáb,25/11/2023,15:00,Luton Town,0.9,2–1,1.6,Crystal Palace,11029,Kenilworth Road Stadium,Jarred Gillett,Informe del partido,
1876,13,Sáb,25/11/2023,17:30,Brentford,1.1,0–1,1.6,Arsenal,17201,Gtech Community Stadium,Tim Robinson,Informe del partido,
1877,13,Dom,26/11/2023,14:00,Tottenham,2.3,1–2,1.7,Aston Villa,61679,Tottenham Hotspur Stadium,Robert Jones,Informe del partido,
1878,13,Dom,26/11/2023,16:30,Everton,2.4,0–3,2.2,Manchester Utd,39257,Goodison Park,John Brooks,Informe del partido,
1879,13,Lun,27/11/2023,20:00,Fulham,2.9,3–2,1.4,Wolves,24366,Craven Cottage,Michael Salisbury,Informe del partido,
1880,,,,,,,,,,,,,,
1881,14,Sáb,02/12/2023,15:00,Brentford,3.1,3–1,0.2,Luton Town,17075,Gtech Community Stadium,Anthony Taylor,Informe del partido,
1882,14,Sáb,02/12/2023,15:00,Arsenal,2.8,2–1,0.7,Wolves,60262,Emirates Stadium,Peter Bankes,Informe del partido,
1883,14,Sáb,02/12/2023,15:00,Burnley,1.8,5–0,0.4,Sheffield Utd,21478,Turf Moor,Chris Kavanagh,Informe del partido,
1884,14,Sáb,02/12/2023,17:30,Nott'ham Forest,0.7,0–1,0.7,Everton,29404,The City Ground,Paul Tierney,Informe del partido,
1885,14,Sáb,02/12/2023,20:00,Newcastle Utd,2.4,1–0,0.5,Manchester Utd,52214,St James' Park,Robert Jones,Informe del partido,
1886,14,Dom,03/12/2023,14:00,Bournemouth,2,2–2,0.7,Aston Villa,11191,Vitality Stadium,Thomas Bramall,Informe del partido,
1887,14,Dom,03/12/2023,14:00,Liverpool,2.1,4–3,1.2,Fulham,50124,Anfield,Stuart Attwell,Informe del partido,
1888,14,Dom,03/12/2023,14:00,Chelsea,2.1,3–2,1.1,Brighton,39647,Stamford Bridge,Craig Pawson,Informe del partido,
1889,14,Dom,03/12/2023,14:00,West Ham,1.1,1–1,0.9,Crystal Palace,62414,London Stadium,Michael Oliver,Informe del partido,
1890,14,Dom,03/12/2023,16:30,Manchester City,2.6,3–3,0.5,Tottenham,53473,Etihad Stadium,Simon Hooper,Informe del partido,
1891,,,,,,,,,,,,,,
1892,15,Mar,05/12/2023,19:30,Wolves,0.8,1–0,0.9,Burnley,30439,Molineux Stadium,Jarred Gillett,Informe del partido,
1893,15,Mar,05/12/2023,20:15,Luton Town,0.5,3–4,2.2,Arsenal,11031,Kenilworth Road Stadium,Samuel Barrott,Informe del partido,
1894,15,Mié,06/12/2023,19:30,Sheffield Utd,1,0–2,1.7,Liverpool,31406,Bramall Lane,Simon Hooper,Informe del partido,
1895,15,Mié,06/12/2023,19:30,Crystal Palace,1,0–2,1.8,Bournemouth,25078,Selhurst Park,Craig Pawson,Informe del partido,
1896,15,Mié,06/12/2023,19:30,Brighton,1.5,2–1,1.5,Brentford,31571,The American Express Community Stadium,Peter Bankes,Informe del partido,
1897,15,Mié,06/12/2023,19:30,Fulham,2.5,5–0,0.3,Nott'ham Forest,24105,Craven Cottage,Joshua Smith,Informe del partido,
1898,15,Mié,06/12/2023,20:15,Aston Villa,2.3,1–0,0.6,Manchester City,41421,Villa Park,John Brooks,Informe del partido,
1899,15,Mié,06/12/2023,20:15,Manchester Utd,4.1,2–1,1.5,Chelsea,73607,Old Trafford,Chris Kavanagh,Informe del partido,
1900,15,Jue,07/12/2023,19:30,Everton,3.3,3–0,1.5,Newcastle Utd,38198,Goodison Park,Tim Robinson,Informe del partido,
1901,15,Jue,07/12/2023,20:15,Tottenham,1.8,1–2,2.2,West Ham,61171,Tottenham Hotspur Stadium,Michael Salisbury,Informe del partido,
1902,,,,,,,,,,,,,,
1903,16,Sáb,09/12/2023,12:30,Crystal Palace,1.7,1–2,1.2,Liverpool,25103,Selhurst Park,Andy Madley,Informe del partido,
1904,16,Sáb,09/12/2023,15:00,Manchester Utd,1.1,0–3,1.5,Bournemouth,73427,Old Trafford,Peter Bankes,Informe del partido,
1905,16,Sáb,09/12/2023,15:00,Wolves,1.2,1–1,1.3,Nott'ham Forest,31543,Molineux Stadium,Samuel Barrott,Informe del partido,
1906,16,Sáb,09/12/2023,15:00,Brighton,2.6,1–1,0.6,Burnley,31511,The American Express Community Stadium,Simon Hooper,Informe del partido,
1907,16,Sáb,09/12/2023,15:00,Sheffield Utd,0.8,1–0,0.6,Brentford,28509,Bramall Lane,Stuart Attwell,Informe del partido,
1908,16,Sáb,09/12/2023,17:30,Aston Villa,0.6,1–0,1.4,Arsenal,42000,Villa Park,Jarred Gillett,Informe del partido,
1909,16,Dom,10/12/2023,14:00,Everton,1.2,2–0,0.9,Chelsea,39280,Goodison Park,Michael Oliver,Informe del partido,
1910,16,Dom,10/12/2023,14:00,Fulham,2.3,5–0,1.3,West Ham,23988,Craven Cottage,Paul Tierney,Informe del partido,
1911,16,Dom,10/12/2023,14:00,Luton Town,0.3,1–2,1.6,Manchester City,11047,Kenilworth Road Stadium,Tim Robinson,Informe del partido,
1912,16,Dom,10/12/2023,16:30,Tottenham,3.8,4–1,1.7,Newcastle Utd,61171,Tottenham Hotspur Stadium,Chris Kavanagh,Informe del partido,
1913,,,,,,,,,,,,,,
1914,17,Vie,15/12/2023,20:00,Nott'ham Forest,1.3,0–2,1.5,Tottenham,29296,The City Ground,Jarred Gillett,Informe del partido,
1915,17,Sáb,16/12/2023,15:00,Manchester City,1.6,2–2,1.8,Crystal Palace,53248,Etihad Stadium,Paul Tierney,Informe del partido,
1916,17,Sáb,16/12/2023,15:00,Chelsea,3.1,2–0,0.4,Sheffield Utd,39599,Stamford Bridge,Andy Madley,Informe del partido,
1917,17,Sáb,16/12/2023,15:00,Newcastle Utd,3.5,3–0,0.3,Fulham,52055,St James' Park,Samuel Barrott,Informe del partido,
1918,17,Sáb,16/12/2023,17:30,Burnley,0.7,0–2,1.4,Everton,21413,Turf Moor,Anthony Taylor,Informe del partido,
1919,17,Dom,17/12/2023,14:00,Brentford,0.5,1–2,1.4,Aston Villa,17034,Gtech Community Stadium,David Coote,Informe del partido,
1920,17,Dom,17/12/2023,14:00,West Ham,1.1,3–0,0.7,Wolves,62455,London Stadium,Chris Kavanagh,Informe del partido,
1921,17,Dom,17/12/2023,14:00,Arsenal,2.3,2–0,0.7,Brighton,60257,Emirates Stadium,Tim Robinson,Informe del partido,
1922,17,Dom,17/12/2023,16:30,Liverpool,2.3,0–0,0.8,Manchester Utd,57158,Anfield,Michael Oliver,Informe del partido,
1923,,,,,,,,,,,,,,
1924,18,Jue,21/12/2023,20:00,Crystal Palace,1.3,1–1,1.2,Brighton,24171,Selhurst Park,John Brooks,Informe del partido,
1925,18,Vie,22/12/2023,20:00,Aston Villa,0.9,1–1,0.6,Sheffield Utd,41651,Villa Park,Anthony Taylor,Informe del partido,
1926,18,Sáb,23/12/2023,12:30,West Ham,1.2,2–0,1,Manchester Utd,64472,London Stadium,Simon Hooper,Informe del partido,
1927,18,Sáb,23/12/2023,15:00,Luton Town,1.4,1–0,1.4,Newcastle Utd,11042,Kenilworth Road Stadium,Darren England,Informe del partido,
1928,18,Sáb,23/12/2023,15:00,Fulham,1.3,0–2,0.4,Burnley,23598,Craven Cottage,Rebecca Welch,Informe del partido,
1929,18,Sáb,23/12/2023,15:00,Tottenham,1.5,2–1,1.8,Everton,61808,Tottenham Hotspur Stadium,Stuart Attwell,Informe del partido,
1930,18,Sáb,23/12/2023,15:00,Nott'ham Forest,1,2–3,1.6,Bournemouth,29188,The City Ground,Robert Jones,Informe del partido,
1931,18,Sáb,23/12/2023,17:30,Liverpool,1,1–1,0.7,Arsenal,57548,Anfield,Chris Kavanagh,Informe del partido,
1932,18,Dom,24/12/2023,13:00,Wolves,1.3,2–1,2,Chelsea,31641,Molineux Stadium,David Coote,Informe del partido,
1933,,,,,,,,,,,,,,
1934,19,Mar,26/12/2023,12:30,Newcastle Utd,2.4,1–3,3.5,Nott'ham Forest,52207,St James' Park,Chris Kavanagh,Informe del partido,
1935,19,Mar,26/12/2023,15:00,Bournemouth,1.8,3–0,0.3,Fulham,11099,Vitality Stadium,Tim Robinson,Informe del partido,
1936,19,Mar,26/12/2023,15:00,Sheffield Utd,2.4,2–3,0.6,Luton Town,31041,Bramall Lane,Samuel Allison,Informe del partido,
1937,19,Mar,26/12/2023,17:30,Burnley,0.8,0–2,1.8,Liverpool,21624,Turf Moor,Paul Tierney,Informe del partido,
1938,19,Mar,26/12/2023,20:00,Manchester Utd,1.1,3–2,1.7,Aston Villa,73574,Old Trafford,Craig Pawson,Informe del partido,
1939,19,Mié,27/12/2023,19:30,Chelsea,2.6,2–1,1.1,Crystal Palace,39618,Stamford Bridge,Michael Salisbury,Informe del partido,
1940,19,Mié,27/12/2023,19:30,Brentford,2.2,1–4,2.4,Wolves,17109,Gtech Community Stadium,Andy Madley,Informe del partido,
1941,19,Mié,27/12/2023,20:15,Everton,1,1–3,2.4,Manchester City,39327,Goodison Park,John Brooks,Informe del partido,
1942,19,Jue,28/12/2023,19:30,Brighton,3.2,4–2,2.3,Tottenham,31675,The American Express Community Stadium,Jarred Gillett,Informe del partido,
1943,19,Jue,28/12/2023,20:15,Arsenal,2.7,0–2,1.4,West Ham,60261,Emirates Stadium,Michael Oliver,Informe del partido,
1944,,,,,,,,,,,,,,
1945,20,Sáb,30/12/2023,12:30,Luton Town,2.3,2–3,1.5,Chelsea,11041,Kenilworth Road Stadium,Paul Tierney,Informe del partido,
1946,20,Sáb,30/12/2023,15:00,Aston Villa,3.2,3–2,1.2,Burnley,41613,Villa Park,Stuart Attwell,Informe del partido,
1947,20,Sáb,30/12/2023,15:00,Wolves,1.9,3–0,0.4,Everton,31639,Molineux Stadium,Thomas Bramall,Informe del partido,
1948,20,Sáb,30/12/2023,15:00,Manchester City,2.2,2–0,0.3,Sheffield Utd,53108,Etihad Stadium,David Coote,Informe del partido,
1949,20,Sáb,30/12/2023,15:00,Crystal Palace,1,3–1,1.4,Brentford,25472,Selhurst Park,Robert Jones,Informe del partido,
1950,20,Sáb,30/12/2023,17:30,Nott'ham Forest,0.7,2–1,0.8,Manchester Utd,29529,The City Ground,Tim Robinson,Informe del partido,
1951,20,Dom,31/12/2023,14:00,Tottenham,2.3,3–1,1.7,Bournemouth,61780,Tottenham Hotspur Stadium,Simon Hooper,Informe del partido,
1952,20,Dom,31/12/2023,14:00,Fulham,1.2,2–1,1.6,Arsenal,24444,Craven Cottage,Joshua Smith,Informe del partido,
1953,20,Lun,01/01/2024,20:00,Liverpool,7,4–2,0.6,Newcastle Utd,57471,Anfield,Anthony Taylor,Informe del partido,
1954,20,Mar,02/01/2024,19:30,West Ham,0.7,0–0,2.3,Brighton,62462,London Stadium,Samuel Barrott,Informe del partido,
1955,,,,,,,,,,,,,,
1956,21,Vie,12/01/2024,19:45,Burnley,1.1,1–1,0.9,Luton Town,20155,Turf Moor,Tony Harrington,Informe del partido,
1957,21,Sáb,13/01/2024,12:30,Chelsea,2.2,1–0,0.8,Fulham,39643,Stamford Bridge,Anthony Taylor,Informe del partido,
1958,21,Sáb,13/01/2024,17:30,Newcastle Utd,1.3,2–3,3,Manchester City,52190,St James' Park,Chris Kavanagh,Informe del partido,
1959,21,Dom,14/01/2024,14:00,Everton,1.1,0–0,1.2,Aston Villa,39284,Goodison Park,David Coote,Informe del partido,
1960,21,Dom,14/01/2024,16:30,Manchester Utd,0.8,2–2,1.2,Tottenham,73489,Old Trafford,John Brooks,Informe del partido,
1961,21,Sáb,20/01/2024,12:30,Arsenal,3.3,5–0,0.3,Crystal Palace,60284,Emirates Stadium,Paul Tierney,Informe del partido,
1962,21,Sáb,20/01/2024,17:30,Brentford,1.2,3–2,1.2,Nott'ham Forest,17077,Gtech Community Stadium,Darren England,Informe del partido,
1963,21,Dom,21/01/2024,14:00,Sheffield Utd,2.5,2–2,2.3,West Ham,29164,Bramall Lane,Michael Salisbury,Informe del partido,
1964,21,Dom,21/01/2024,16:30,Bournemouth,1.4,0–4,1.5,Liverpool,11228,Vitality Stadium,Andy Madley,Informe del partido,
1965,21,Lun,22/01/2024,19:45,Brighton,1,0–0,1.1,Wolves,41505,The American Express Community Stadium,Craig Pawson,Informe del partido,
1966,,,,,,,,,,,,,,
1967,22,Mar,30/01/2024,19:30,Nott'ham Forest,0.5,1–2,1.2,Arsenal,29387,The City Ground,Simon Hooper,Informe del partido,
1968,22,Mar,30/01/2024,19:45,Fulham,1.6,0–0,1.9,Everton,24376,Craven Cottage,Thomas Bramall,Informe del partido,
1969,22,Mar,30/01/2024,19:45,Luton Town,3.1,4–0,0.9,Brighton,10994,Kenilworth Road Stadium,Robert Jones,Informe del partido,
1970,22,Mar,30/01/2024,20:00,Crystal Palace,1.1,3–2,0.8,Sheffield Utd,24781,Selhurst Park,Tony Harrington,Informe del partido,
1971,22,Mar,30/01/2024,20:15,Aston Villa,1.4,1–3,2.6,Newcastle Utd,42191,Villa Park,John Brooks,Informe del partido,
1972,22,Mié,31/01/2024,19:30,Tottenham,2.9,3–2,1.6,Brentford,61210,Tottenham Hotspur Stadium,David Coote,Informe del partido,
1973,22,Mié,31/01/2024,19:30,Manchester City,1.7,3–1,1.4,Burnley,52143,Etihad Stadium,Samuel Barrott,Informe del partido,
1974,22,Mié,31/01/2024,20:15,Liverpool,2.9,4–1,0.6,Chelsea,57524,Anfield,Paul Tierney,Informe del partido,
1975,22,Jue,01/02/2024,19:30,West Ham,1.4,1–1,1.2,Bournemouth,62478,London Stadium,Tim Robinson,Informe del partido,
1976,22,Jue,01/02/2024,20:15,Wolves,2.1,3–4,3.3,Manchester Utd,31641,Molineux Stadium,Jarred Gillett,Informe del partido,
1977,,,,,,,,,,,,,,
1978,23,Sáb,03/02/2024,12:30,Everton,2.6,2–2,1,Tottenham,39321,Goodison Park,Michael Oliver,Informe del partido,
1979,23,Sáb,03/02/2024,15:00,Newcastle Utd,2.3,4–4,2.4,Luton Town,52211,St James' Park,Thomas Bramall,Informe del partido,
1980,23,Sáb,03/02/2024,15:00,Brighton,1.4,4–1,0.3,Crystal Palace,31345,The American Express Community Stadium,Simon Hooper,Informe del partido,
1981,23,Sáb,03/02/2024,15:00,Burnley,1.8,2–2,1.5,Fulham,20203,Turf Moor,Darren Bond,Informe del partido,
1982,23,Sáb,03/02/2024,17:30,Sheffield Utd,1.4,0–5,2.2,Aston Villa,30187,Bramall Lane,Paul Tierney,Informe del partido,
1983,23,Dom,04/02/2024,14:00,Bournemouth,1.3,1–1,0.5,Nott'ham Forest,11200,Vitality Stadium,Rebecca Welch,Informe del partido,
1984,23,Dom,04/02/2024,14:00,Manchester Utd,0.7,3–0,1.4,West Ham,73612,Old Trafford,Andy Madley,Informe del partido,
1985,23,Dom,04/02/2024,14:00,Chelsea,1.7,2–4,2,Wolves,39628,Stamford Bridge,Tim Robinson,Informe del partido,
1986,23,Dom,04/02/2024,16:30,Arsenal,3.5,3–1,0.4,Liverpool,60374,Emirates Stadium,Anthony Taylor,Informe del partido,
1987,23,Lun,05/02/2024,20:00,Brentford,1,1–3,2.1,Manchester City,17096,Gtech Community Stadium,Jarred Gillett,Informe del partido,
1988,,,,,,,,,,,,,,
1989,24,Sáb,10/02/2024,12:30,Manchester City,1.6,2–0,0.3,Everton,52187,Etihad Stadium,John Brooks,Informe del partido,
1990,24,Sáb,10/02/2024,15:00,Luton Town,1.8,1–3,1.7,Sheffield Utd,11138,Kenilworth Road Stadium,Chris Kavanagh,Informe del partido,
1991,24,Sáb,10/02/2024,15:00,Liverpool,2.8,3–1,1.3,Burnley,59896,Anfield,Tim Robinson,Informe del partido,
1992,24,Sáb,10/02/2024,15:00,Wolves,1,0–2,1.9,Brentford,30731,Molineux Stadium,Simon Hooper,Informe del partido,
1993,24,Sáb,10/02/2024,15:00,Fulham,1.6,3–1,1.8,Bournemouth,24271,Craven Cottage,Darren England,Informe del partido,
1994,24,Sáb,10/02/2024,15:00,Tottenham,1.6,2–1,1.2,Brighton,61445,Tottenham Hotspur Stadium,Samuel Barrott,Informe del partido,
1995,24,Sáb,10/02/2024,17:30,Nott'ham Forest,1.5,2–3,0.5,Newcastle Utd,29451,The City Ground,Anthony Taylor,Informe del partido,
1996,24,Dom,11/02/2024,14:00,West Ham,0.2,0–6,3.6,Arsenal,62475,London Stadium,Craig Pawson,Informe del partido,
1997,24,Dom,11/02/2024,16:30,Aston Villa,2.4,1–2,1.8,Manchester Utd,42185,Villa Park,Robert Jones,Informe del partido,
1998,24,Lun,12/02/2024,20:00,Crystal Palace,0.6,1–3,1.4,Chelsea,25110,Selhurst Park,Michael Oliver,Informe del partido,
1999,,,,,,,,,,,,,,
2000,25,Sáb,17/02/2024,12:30,Brentford,1.6,1–4,2.8,Liverpool,17193,Gtech Community Stadium,Michael Oliver,Informe del partido,
2001,25,Sáb,17/02/2024,15:00,Newcastle Utd,2.2,2–2,2.2,Bournemouth,52224,St James' Park,Michael Salisbury,Informe del partido,
2002,25,Sáb,17/02/2024,15:00,Tottenham,1.6,1–2,1.8,Wolves,61532,Tottenham Hotspur Stadium,Anthony Taylor,Informe del partido,
2003,25,Sáb,17/02/2024,15:00,Burnley,0.3,0–5,2.3,Arsenal,21311,Turf Moor,Jarred Gillett,Informe del partido,
2004,25,Sáb,17/02/2024,15:00,Fulham,1.5,1–2,1.5,Aston Villa,24401,Craven Cottage,Lewis Smith,Informe del partido,
2005,25,Sáb,17/02/2024,15:00,Nott'ham Forest,2.8,2–0,0.5,West Ham,29490,The City Ground,Thomas Bramall,Informe del partido,
2006,25,Sáb,17/02/2024,17:30,Manchester City,2.6,1–1,1.4,Chelsea,52178,Etihad Stadium,Andy Madley,Informe del partido,
2007,25,Dom,18/02/2024,14:00,Sheffield Utd,0.6,0–5,2.9,Brighton,29522,Bramall Lane,Stuart Attwell,Informe del partido,
2008,25,Dom,18/02/2024,16:30,Luton Town,1.8,1–2,2.9,Manchester Utd,11483,Kenilworth Road Stadium,David Coote,Informe del partido,
2009,25,Lun,19/02/2024,20:00,Everton,1.7,1–1,0.7,Crystal Palace,38164,Goodison Park,Paul Tierney,Informe del partido,
2010,,,,,,,,,,,,,,
2011,18,Mar,20/02/2024,19:30,Manchester City,2.3,1–0,0.4,Brentford,52247,Etihad Stadium,Darren England,Informe del partido,
2012,,,,,,,,,,,,,,
2013,26,Mié,21/02/2024,19:30,Liverpool,3.3,4–1,0.9,Luton Town,59713,Anfield,Andy Madley,Informe del partido,
2014,26,Sáb,24/02/2024,15:00,Manchester Utd,1.7,1–2,1.2,Fulham,73487,Old Trafford,Michael Oliver,Informe del partido,
2015,26,Sáb,24/02/2024,15:00,Crystal Palace,2.4,3–0,0.1,Burnley,24042,Selhurst Park,Lewis Smith,Informe del partido,
2016,26,Sáb,24/02/2024,15:00,Brighton,1.4,1–1,0.3,Everton,41646,The American Express Community Stadium,Tony Harrington,Informe del partido,
2017,26,Sáb,24/02/2024,15:00,Aston Villa,3.6,4–2,2.6,Nott'ham Forest,42131,Villa Park,Samuel Barrott,Informe del partido,
2018,26,Sáb,24/02/2024,17:30,Bournemouth,0.9,0–1,1.6,Manchester City,11184,Vitality Stadium,Jarred Gillett,Informe del partido,
2019,26,Sáb,24/02/2024,20:00,Arsenal,2.8,4–1,0.2,Newcastle Utd,60298,Emirates Stadium,Paul Tierney,Informe del partido,
2020,26,Dom,25/02/2024,13:30,Wolves,1.3,1–0,0.6,Sheffield Utd,30789,Molineux Stadium,Darren Bond,Informe del partido,
2021,26,Lun,26/02/2024,20:00,West Ham,1.7,4–2,0.9,Brentford,62450,London Stadium,Simon Hooper,Informe del partido,
2022,,,,,,,,,,,,,,
2023,27,Sáb,02/03/2024,15:00,Fulham,1.3,3–0,1.3,Brighton,24460,Craven Cottage,Simon Hooper,Informe del partido,
2024,27,Sáb,02/03/2024,15:00,Tottenham,1.9,3–1,0.3,Crystal Palace,61339,Tottenham Hotspur Stadium,John Brooks,Informe del partido,
2025,27,Sáb,02/03/2024,15:00,Brentford,1.8,2–2,1.8,Chelsea,17140,Gtech Community Stadium,Jarred Gillett,Informe del partido,
2026,27,Sáb,02/03/2024,15:00,Newcastle Utd,2.1,3–0,0.8,Wolves,52206,St James' Park,Tim Robinson,Informe del partido,
2027,27,Sáb,02/03/2024,15:00,Nott'ham Forest,1,0–1,2,Liverpool,29603,The City Ground,Paul Tierney,Informe del partido,
2028,27,Sáb,02/03/2024,15:00,Everton,2.7,1–3,1.9,West Ham,39262,Goodison Park,Craig Pawson,Informe del partido,
2029,27,Sáb,02/03/2024,17:30,Luton Town,1.8,2–3,1.9,Aston Villa,11594,Kenilworth Road Stadium,Michael Oliver,Informe del partido,
2030,27,Dom,03/03/2024,13:00,Burnley,1.5,0–2,1.1,Bournemouth,19713,Turf Moor,David Coote,Informe del partido,
2031,27,Dom,03/03/2024,15:30,Manchester City,3.3,3–1,0.2,Manchester Utd,53514,Etihad Stadium,Andy Madley,Informe del partido,
2032,27,Lun,04/03/2024,20:00,Sheffield Utd,0.2,0–6,2.3,Arsenal,29157,Bramall Lane,Samuel Barrott,Informe del partido,
2033,,,,,,,,,,,,,,
2034,28,Sáb,09/03/2024,12:30,Manchester Utd,2.7,2–0,1.6,Everton,73601,Old Trafford,Simon Hooper,Informe del partido,
2035,28,Sáb,09/03/2024,15:00,Bournemouth,3.3,2–2,1.2,Sheffield Utd,11074,Vitality Stadium,Anthony Taylor,Informe del partido,
2036,28,Sáb,09/03/2024,15:00,Wolves,0.8,2–1,2.6,Fulham,30860,Molineux Stadium,Tony Harrington,Informe del partido,
2037,28,Sáb,09/03/2024,15:00,Crystal Palace,2.7,1–1,0.8,Luton Town,25103,Selhurst Park,Sunny Singh,Informe del partido,
2038,28,Sáb,09/03/2024,17:30,Arsenal,1.3,2–1,1,Brentford,60331,Emirates Stadium,Robert Jones,Informe del partido,
2039,28,Dom,10/03/2024,13:00,Aston Villa,0.8,0–4,1.5,Tottenham,42310,Villa Park,Chris Kavanagh,Informe del partido,
2040,28,Dom,10/03/2024,14:00,West Ham,2.1,2–2,0.7,Burnley,62441,London Stadium,Darren England,Informe del partido,
2041,28,Dom,10/03/2024,14:00,Brighton,0.4,1–0,0.7,Nott'ham Forest,31505,The American Express Community Stadium,Michael Salisbury,Informe del partido,
2042,28,Dom,10/03/2024,15:45,Liverpool,2.7,1–1,1.6,Manchester City,59947,Anfield,Michael Oliver,Informe del partido,
2043,28,Lun,11/03/2024,20:00,Chelsea,1.6,3–2,0.7,Newcastle Utd,37753,Stamford Bridge,John Brooks,Informe del partido,
2044,,,,,,,,,,,,,,
2045,17,Mié,13/03/2024,19:30,Bournemouth,2.3,4–3,2,Luton Town,11198,Vitality Stadium,Samuel Allison,Informe del partido,
2046,,,,,,,,,,,,,,
2047,29,Sáb,16/03/2024,15:00,Luton Town,0.6,1–1,2,Nott'ham Forest,11630,Kenilworth Road Stadium,Darren England,Informe del partido,
2048,29,Sáb,16/03/2024,15:00,Burnley,2.8,2–1,1.1,Brentford,20431,Turf Moor,Darren Bond,Informe del partido,
2049,29,Sáb,16/03/2024,17:30,Fulham,2.6,3–0,2.4,Tottenham,24410,Craven Cottage,Robert Jones,Informe del partido,
2050,29,Dom,17/03/2024,14:00,West Ham,2,1–1,0.7,Aston Villa,62461,London Stadium,Jarred Gillett,Informe del partido,
2051,,,,,,,,,,,,,,
2052,30,Sáb,30/03/2024,12:30,Newcastle Utd,4.1,4–3,1.4,West Ham,52199,St James' Park,Robert Jones,Informe del partido,
2053,30,Sáb,30/03/2024,15:00,Bournemouth,1.3,2–1,1,Everton,11207,Vitality Stadium,Samuel Barrott,Informe del partido,
2054,30,Sáb,30/03/2024,15:00,Tottenham,2.9,2–1,0.5,Luton Town,61534,Tottenham Hotspur Stadium,Jarred Gillett,Informe del partido,
2055,30,Sáb,30/03/2024,15:00,Nott'ham Forest,0.9,1–1,1.2,Crystal Palace,29520,The City Ground,Chris Kavanagh,Informe del partido,
2056,30,Sáb,30/03/2024,15:00,Sheffield Utd,1.9,3–3,1.3,Fulham,30010,Bramall Lane,Tim Robinson,Informe del partido,
2057,30,Sáb,30/03/2024,15:00,Chelsea,4.2,2–2,1.6,Burnley,39535,Stamford Bridge,Darren England,Informe del partido,
2058,30,Sáb,30/03/2024,17:30,Aston Villa,1,2–0,1.5,Wolves,42640,Villa Park,Paul Tierney,Informe del partido,
2059,30,Sáb,30/03/2024,20:00,Brentford,3.2,1–1,0.6,Manchester Utd,17138,Gtech Community Stadium,Simon Hooper,Informe del partido,
2060,30,Dom,31/03/2024,14:00,Liverpool,2.8,2–1,0.5,Brighton,60061,Anfield,David Coote,Informe del partido,
2061,30,Dom,31/03/2024,16:30,Manchester City,1,0–0,0.7,Arsenal,52178,Etihad Stadium,Anthony Taylor,Informe del partido,
2062,,,,,,,,,,,,,,
2063,31,Mar,02/04/2024,19:30,Newcastle Utd,2.4,1–1,1.4,Everton,52135,St James' Park,Tony Harrington,Informe del partido,
2064,31,Mar,02/04/2024,19:30,Nott'ham Forest,1.5,3–1,1.5,Fulham,28997,The City Ground,Michael Oliver,Informe del partido,
2065,31,Mar,02/04/2024,19:45,Bournemouth,1.1,1–0,0.2,Crystal Palace,11058,Vitality Stadium,Graham Scott,Informe del partido,
2066,31,Mar,02/04/2024,19:45,Burnley,1.3,1–1,0.9,Wolves,21528,Turf Moor,Thomas Bramall,Informe del partido,
2067,31,Mar,02/04/2024,20:15,West Ham,1.5,1–1,1,Tottenham,62469,London Stadium,John Brooks,Informe del partido,
2068,31,Mié,03/04/2024,19:30,Arsenal,0.7,2–0,0.3,Luton Town,60262,Emirates Stadium,Craig Pawson,Informe del partido,
2069,31,Mié,03/04/2024,19:30,Brentford,0.6,0–0,1.1,Brighton,17024,Gtech Community Stadium,Andy Madley,Informe del partido,
2070,31,Mié,03/04/2024,20:15,Manchester City,3.4,4–1,0.8,Aston Villa,53422,Etihad Stadium,Darren England,Informe del partido,
2071,31,Jue,04/04/2024,19:30,Liverpool,1.8,3–1,0.6,Sheffield Utd,60055,Anfield,Stuart Attwell,Informe del partido,
2072,31,Jue,04/04/2024,20:15,Chelsea,3,4–3,1.5,Manchester Utd,39694,Stamford Bridge,Jarred Gillett,Informe del partido,
2073,,,,,,,,,,,,,,
2074,32,Sáb,06/04/2024,12:30,Crystal Palace,1.1,2–4,1.9,Manchester City,25132,Selhurst Park,Paul Tierney,Informe del partido,
2075,32,Sáb,06/04/2024,15:00,Luton Town,1.5,2–1,0.4,Bournemouth,11797,Kenilworth Road Stadium,Andy Madley,Informe del partido,
2076,32,Sáb,06/04/2024,15:00,Wolves,1.5,1–2,1.2,West Ham,31504,Molineux Stadium,Tony Harrington,Informe del partido,
2077,32,Sáb,06/04/2024,15:00,Fulham,1.2,0–1,1,Newcastle Utd,24418,Craven Cottage,Samuel Allison,Informe del partido,
2078,32,Sáb,06/04/2024,15:00,Everton,0.9,1–0,0.5,Burnley,39125,Goodison Park,Michael Oliver,Informe del partido,
2079,32,Sáb,06/04/2024,15:00,Aston Villa,1.5,3–3,1.5,Brentford,42118,Villa Park,Michael Salisbury,Informe del partido,
2080,32,Sáb,06/04/2024,17:30,Brighton,0.5,0–3,3.4,Arsenal,31677,The American Express Community Stadium,John Brooks,Informe del partido,
2081,32,Dom,07/04/2024,15:30,Manchester Utd,0.7,2–2,3.6,Liverpool,73501,Old Trafford,Anthony Taylor,Informe del partido,
2082,32,Dom,07/04/2024,17:30,Sheffield Utd,1.4,2–2,0.3,Chelsea,28638,Bramall Lane,Robert Jones,Informe del partido,
2083,32,Dom,07/04/2024,18:00,Tottenham,1.5,3–1,1.5,Nott'ham Forest,61098,Tottenham Hotspur Stadium,Simon Hooper,Informe del partido,
2084,,,,,,,,,,,,,,
2085,33,Sáb,13/04/2024,12:30,Newcastle Utd,2.8,4–0,0.8,Tottenham,52147,St James' Park,Tim Robinson,Informe del partido,
2086,33,Sáb,13/04/2024,15:00,Manchester City,4.2,5–1,0.5,Luton Town,52149,Etihad Stadium,John Brooks,Informe del partido,
2087,33,Sáb,13/04/2024,15:00,Nott'ham Forest,1.9,2–2,1,Wolves,29604,The City Ground,Craig Pawson,Informe del partido,
2088,33,Sáb,13/04/2024,15:00,Brentford,1,2–0,0.8,Sheffield Utd,17115,Gtech Community Stadium,Samuel Barrott,Informe del partido,
2089,33,Sáb,13/04/2024,15:00,Burnley,1.7,1–1,0.9,Brighton,20687,Turf Moor,Simon Hooper,Informe del partido,
2090,33,Sáb,13/04/2024,17:30,Bournemouth,1.6,2–2,1.2,Manchester Utd,11229,Vitality Stadium,Tony Harrington,Informe del partido,
2091,33,Dom,14/04/2024,14:00,Liverpool,2.7,0–1,2,Crystal Palace,60090,Anfield,Chris Kavanagh,Informe del partido,
2092,33,Dom,14/04/2024,14:00,West Ham,0.9,0–2,3.2,Fulham,62459,London Stadium,Stuart Attwell,Informe del partido,
2093,33,Dom,14/04/2024,16:30,Arsenal,1.6,0–2,0.9,Aston Villa,60350,Emirates Stadium,David Coote,Informe del partido,
2094,33,Lun,15/04/2024,20:00,Chelsea,3.1,6–0,1.5,Everton,39392,Stamford Bridge,Paul Tierney,Informe del partido,
2095,,,,,,,,,,,,,,
2096,34,Sáb,20/04/2024,15:00,Luton Town,0.6,1–5,3.1,Brentford,11877,Kenilworth Road Stadium,Jarred Gillett,Informe del partido,
2097,34,Sáb,20/04/2024,15:00,Sheffield Utd,2.4,1–4,2.2,Burnley,28964,Bramall Lane,Andy Madley,Informe del partido,
2098,34,Sáb,20/04/2024,19:30,Wolves,0.2,0–2,1.2,Arsenal,31621,Molineux Stadium,Paul Tierney,Informe del partido,
2099,34,Dom,21/04/2024,13:30,Everton,0.3,2–0,0.9,Nott'ham Forest,39239,Goodison Park,Anthony Taylor,Informe del partido,
2100,34,Dom,21/04/2024,15:00,Aston Villa,2.4,3–1,1.8,Bournemouth,42189,Villa Park,Tim Robinson,Informe del partido,
2101,34,Dom,21/04/2024,15:00,Crystal Palace,2.4,5–2,1.3,West Ham,25145,Selhurst Park,Graham Scott,Informe del partido,
2102,34,Dom,21/04/2024,16:30,Fulham,0.8,1–3,1,Liverpool,24414,Craven Cottage,Craig Pawson,Informe del partido,
2103,,,,,,,,,,,,,,
2104,29,Mar,23/04/2024,20:00,Arsenal,3.3,5–0,1.6,Chelsea,60238,Emirates Stadium,Simon Hooper,Informe del partido,
2105,29,Mié,24/04/2024,19:45,Wolves,0.5,0–1,1.9,Bournemouth,25541,Molineux Stadium,Stuart Attwell,Informe del partido,
2106,29,Mié,24/04/2024,20:00,Manchester Utd,2.9,4–2,0.8,Sheffield Utd,73549,Old Trafford,Michael Salisbury,Informe del partido,
2107,29,Mié,24/04/2024,20:00,Everton,1.2,2–0,2.1,Liverpool,38222,Goodison Park,Andy Madley,Informe del partido,
2108,29,Mié,24/04/2024,20:00,Crystal Palace,0.9,2–0,0.4,Newcastle Utd,25002,Selhurst Park,Thomas Bramall,Informe del partido,
2109,29,Jue,25/04/2024,20:00,Brighton,0.6,0–4,1.4,Manchester City,31596,The American Express Community Stadium,Jarred Gillett,Informe del partido,
2110,,,,,,,,,,,,,,
2111,35,Sáb,27/04/2024,12:30,West Ham,0.7,2–2,1.7,Liverpool,62474,London Stadium,Anthony Taylor,Informe del partido,
2112,35,Sáb,27/04/2024,15:00,Wolves,1.2,2–1,0.6,Luton Town,31531,Molineux Stadium,David Coote,Informe del partido,
2113,35,Sáb,27/04/2024,15:00,Fulham,1.1,1–1,1,Crystal Palace,24142,Craven Cottage,Stuart Attwell,Informe del partido,
2114,35,Sáb,27/04/2024,15:00,Manchester Utd,2.7,1–1,2.1,Burnley,73571,Old Trafford,John Brooks,Informe del partido,
2115,35,Sáb,27/04/2024,15:00,Newcastle Utd,3.1,5–1,1.5,Sheffield Utd,52196,St James' Park,Tony Harrington,Informe del partido,
2116,35,Sáb,27/04/2024,17:30,Everton,0.8,1–0,0.9,Brentford,39098,Goodison Park,Darren England,Informe del partido,
2117,35,Sáb,27/04/2024,20:00,Aston Villa,1.1,2–2,1.6,Chelsea,42354,Villa Park,Craig Pawson,Informe del partido,
2118,35,Dom,28/04/2024,14:00,Tottenham,2.3,2–3,1,Arsenal,61554,Tottenham Hotspur Stadium,Michael Oliver,Informe del partido,
2119,35,Dom,28/04/2024,14:00,Bournemouth,1.9,3–0,0.9,Brighton,11188,Vitality Stadium,Paul Tierney,Informe del partido,
2120,35,Dom,28/04/2024,16:30,Nott'ham Forest,1.9,0–2,0.9,Manchester City,29677,The City Ground,Simon Hooper,Informe del partido,
2121,,,,,,,,,,,,,,
2122,26,Jue,02/05/2024,19:30,Chelsea,2.2,2–0,1.6,Tottenham,39086,Stamford Bridge,Robert Jones,Informe del partido,
2123,,,,,,,,,,,,,,
2124,36,Vie,03/05/2024,20:00,Luton Town,0.8,1–1,1.4,Everton,11873,Kenilworth Road Stadium,Tim Robinson,Informe del partido,
2125,36,Sáb,04/05/2024,12:30,Arsenal,3.3,3–0,0.5,Bournemouth,60348,Emirates Stadium,David Coote,Informe del partido,
2126,36,Sáb,04/05/2024,15:00,Burnley,1,1–4,3.4,Newcastle Utd,21781,Turf Moor,Anthony Taylor,Informe del partido,
2127,36,Sáb,04/05/2024,15:00,Sheffield Utd,2.2,1–3,1.5,Nott'ham Forest,28516,Bramall Lane,Chris Kavanagh,Informe del partido,
2128,36,Sáb,04/05/2024,15:00,Brentford,0.6,0–0,1.3,Fulham,17090,Gtech Community Stadium,Graham Scott,Informe del partido,
2129,36,Sáb,04/05/2024,17:30,Manchester City,3.7,5–1,0.3,Wolves,52439,Etihad Stadium,Craig Pawson,Informe del partido,
2130,36,Dom,05/05/2024,14:00,Brighton,2.5,1–0,0.1,Aston Villa,31596,The American Express Community Stadium,Robert Jones,Informe del partido,
2131,36,Dom,05/05/2024,14:00,Chelsea,4.1,5–0,0.9,West Ham,39295,Stamford Bridge,Andy Madley,Informe del partido,
2132,36,Dom,05/05/2024,16:30,Liverpool,3.3,4–2,1.2,Tottenham,60075,Anfield,Paul Tierney,Informe del partido,
2133,36,Lun,06/05/2024,20:00,Crystal Palace,1.7,4–0,0.4,Manchester Utd,25190,Selhurst Park,Jarred Gillett,Informe del partido,
2134,,,,,,,,,,,,,,
2135,37,Sáb,11/05/2024,12:30,Fulham,0.1,0–4,3.2,Manchester City,24418,Craven Cottage,Anthony Taylor,Informe del partido,
2136,37,Sáb,11/05/2024,15:00,Wolves,1.6,1–3,2.6,Crystal Palace,31424,Molineux Stadium,Thomas Bramall,Informe del partido,
2137,37,Sáb,11/05/2024,15:00,West Ham,3.2,3–1,0.3,Luton Town,62475,London Stadium,Michael Oliver,Informe del partido,
2138,37,Sáb,11/05/2024,15:00,Tottenham,2.7,2–1,0.7,Burnley,61148,Tottenham Hotspur Stadium,Jarred Gillett,Informe del partido,
2139,37,Sáb,11/05/2024,15:00,Everton,2.3,1–0,0.6,Sheffield Utd,39221,Goodison Park,Stuart Attwell,Informe del partido,
2140,37,Sáb,11/05/2024,15:00,Newcastle Utd,2.2,1–1,1.4,Brighton,51997,St James' Park,Darren England,Informe del partido,
2141,37,Sáb,11/05/2024,15:00,Bournemouth,0.7,1–2,1.1,Brentford,11154,Vitality Stadium,Matt Donohue,Informe del partido,
2142,37,Sáb,11/05/2024,17:30,Nott'ham Forest,1.5,2–3,1.6,Chelsea,29708,The City Ground,Tony Harrington,Informe del partido,
2143,37,Dom,12/05/2024,16:30,Manchester Utd,0.5,0–1,1.5,Arsenal,73600,Old Trafford,Paul Tierney,Informe del partido,
2144,37,Lun,13/05/2024,20:00,Aston Villa,3.1,3–3,1.7,Liverpool,42241,Villa Park,Simon Hooper,Informe del partido,
2145,,,,,,,,,,,,,,
2146,34,Mar,14/05/2024,20:00,Tottenham,1.7,0–2,2.4,Manchester City,61065,Tottenham Hotspur Stadium,Chris Kavanagh,Informe del partido,
2147,34,Mié,15/05/2024,19:45,Brighton,1.3,1–2,1.5,Chelsea,31555,The American Express Community Stadium,Michael Salisbury,Informe del partido,
2148,34,Mié,15/05/2024,20:00,Manchester Utd,1.5,3–2,2.2,Newcastle Utd,73582,Old Trafford,Robert Jones,Informe del partido,
2149,,,,,,,,,,,,,,
2150,38,Dom,19/05/2024,16:00,Luton Town,2,2–4,1.1,Fulham,12027,Kenilworth Road Stadium,Matt Donohue,Informe del partido,
2151,38,Dom,19/05/2024,16:00,Sheffield Utd,1,0–3,3.1,Tottenham,29116,Bramall Lane,Andy Madley,Informe del partido,
2152,38,Dom,19/05/2024,16:00,Manchester City,1.9,3–1,0.4,West Ham,55097,Etihad Stadium,John Brooks,Informe del partido,
2153,38,Dom,19/05/2024,16:00,Arsenal,2.9,2–1,0.6,Everton,60312,Emirates Stadium,Michael Oliver,Informe del partido,
2154,38,Dom,19/05/2024,16:00,Brighton,1.7,0–2,1.3,Manchester Utd,31662,The American Express Community Stadium,Craig Pawson,Informe del partido,
2155,38,Dom,19/05/2024,16:00,Brentford,1.1,2–4,3.4,Newcastle Utd,17124,Gtech Community Stadium,Simon Hooper,Informe del partido,
2156,38,Dom,19/05/2024,16:00,Chelsea,1.1,2–1,2.2,Bournemouth,39724,Stamford Bridge,Anthony Taylor,Informe del partido,
2157,38,Dom,19/05/2024,16:00,Crystal Palace,2.5,5–0,0.9,Aston Villa,25191,Selhurst Park,Darren Bond,Informe del partido,
2158,38,Dom,19/05/2024,16:00,Liverpool,4.5,2–0,0.5,Wolves,60059,Anfield,Chris Kavanagh,Informe del partido,
2159,38,Dom,19/05/2024,16:00,Burnley,1.2,1–2,1.7,Nott'ham Forest,21109,Turf Moor,Graham Scott,Informe del partido,
2160,1,Vie,16/08/2024,20:00,Manchester Utd,2.4,1–0,0.4,Fulham,73297,Old Trafford,Robert Jones,Informe del partido,
2161,1,Sáb,17/08/2024,12:30,Ipswich Town,0.5,0–2,2.6,Liverpool,30014,Portman Road Stadium,Tim Robinson,Informe del partido,
2162,1,Sáb,17/08/2024,15:00,Newcastle Utd,0.3,1–0,1.8,Southampton,52196,St James' Park,Craig Pawson,Informe del partido,
2163,1,Sáb,17/08/2024,15:00,Nott'ham Forest,1.3,1–1,1.2,Bournemouth,29763,The City Ground,Michael Oliver,Informe del partido,
2164,1,Sáb,17/08/2024,15:00,Everton,0.5,0–3,1.4,Brighton,39217,Goodison Park,Simon Hooper,Informe del partido,
2165,1,Sáb,17/08/2024,15:00,Arsenal,1.2,2–0,0.5,Wolves,60261,Emirates Stadium,Jarred Gillett,Informe del partido,
2166,1,Sáb,17/08/2024,17:30,West Ham,2.3,1–2,2,Aston Villa,62463,London Stadium,Tony Harrington,Informe del partido,
2167,1,Dom,18/08/2024,14:00,Brentford,1.6,2–1,1.2,Crystal Palace,16988,Gtech Community Stadium,Samuel Barrott,Informe del partido,
2168,1,Dom,18/08/2024,16:30,Chelsea,1,0–2,0.8,Manchester City,39818,Stamford Bridge,Anthony Taylor,Informe del partido,
2169,1,Lun,19/08/2024,20:00,Leicester City,1,1–1,1.2,Tottenham,31977,King Power Stadium,Chris Kavanagh,Informe del partido,
2170,,,,,,,,,,,,,,
2171,2,Sáb,24/08/2024,12:30,Brighton,2.1,2–1,1.4,Manchester Utd,31537,The American Express Stadium,Craig Pawson,Informe del partido,
2172,2,Sáb,24/08/2024,15:00,Tottenham,2.4,4–0,1,Everton,61357,Tottenham Hotspur Stadium,Anthony Taylor,Informe del partido,
2173,2,Sáb,24/08/2024,15:00,Fulham,1.8,2–1,0.6,Leicester City,25401,Craven Cottage,Darren Bond,Informe del partido,
2174,2,Sáb,24/08/2024,15:00,Crystal Palace,1.3,0–2,1.4,West Ham,25099,Selhurst Park,Robert Jones,Informe del partido,
2175,2,Sáb,24/08/2024,15:00,Manchester City,3.3,4–1,0.3,Ipswich Town,53147,Etihad Stadium,Samuel Allison,Informe del partido,
2176,2,Sáb,24/08/2024,15:00,Southampton,0.1,0–1,2.2,Nott'ham Forest,31150,St Mary's Stadium,Samuel Barrott,Informe del partido,
2177,2,Sáb,24/08/2024,17:30,Aston Villa,1.2,0–2,0.9,Arsenal,41587,Villa Park,Michael Oliver,Informe del partido,
2178,2,Dom,25/08/2024,14:00,Bournemouth,2.2,1–1,1.6,Newcastle Utd,11161,Vitality Stadium,David Coote,Informe del partido,
2179,2,Dom,25/08/2024,14:00,Wolves,1.9,2–6,1.6,Chelsea,31235,Molineux Stadium,Darren England,Informe del partido,
2180,2,Dom,25/08/2024,16:30,Liverpool,2.5,2–0,0.5,Brentford,60017,Anfield,Stuart Attwell,Informe del partido,
2181,,,,,,,,,,,,,,
2182,3,Sáb,31/08/2024,12:30,Arsenal,2.1,1–1,1.7,Brighton,60326,Emirates Stadium,Chris Kavanagh,Informe del partido,
2183,3,Sáb,31/08/2024,15:00,Everton,1.8,2–3,2.4,Bournemouth,38805,Goodison Park,Stuart Attwell,Informe del partido,
2184,3,Sáb,31/08/2024,15:00,Leicester City,0.4,1–2,1.4,Aston Villa,31725,King Power Stadium,David Coote,Informe del partido,
2185,3,Sáb,31/08/2024,15:00,Nott'ham Forest,1,1–1,0.7,Wolves,29918,The City Ground,Simon Hooper,Informe del partido,
2186,3,Sáb,31/08/2024,15:00,Ipswich Town,0.4,1–1,0.9,Fulham,29517,Portman Road Stadium,Lewis Smith,Informe del partido,
2187,3,Sáb,31/08/2024,15:00,Brentford,2.8,3–1,1.5,Southampton,16955,Gtech Community Stadium,Joshua Smith,Informe del partido,
2188,3,Sáb,31/08/2024,17:30,West Ham,0.7,1–3,3,Manchester City,62469,London Stadium,Michael Oliver,Informe del partido,
2189,3,Dom,01/09/2024,13:30,Newcastle Utd,1.8,2–1,1.2,Tottenham,52211,St James' Park,Robert Jones,Informe del partido,
2190,3,Dom,01/09/2024,13:30,Chelsea,2.4,1–1,0.5,Crystal Palace,39298,Stamford Bridge,Jarred Gillett,Informe del partido,
2191,3,Dom,01/09/2024,16:00,Manchester Utd,1.4,0–3,1.8,Liverpool,73738,Old Trafford,Anthony Taylor,Informe del partido,
2192,,,,,,,,,,,,,,
2193,4,Sáb,14/09/2024,12:30,Southampton,1.1,0–3,2.6,Manchester Utd,31144,St Mary's Stadium,Stuart Attwell,Informe del partido,
2194,4,Sáb,14/09/2024,15:00,Brighton,1.6,0–0,0.3,Ipswich Town,41573,The American Express Stadium,Samuel Barrott,Informe del partido,
2195,4,Sáb,14/09/2024,15:00,Crystal Palace,2.5,2–2,1.2,Leicester City,25147,Selhurst Park,Tony Harrington,Informe del partido,
2196,4,Sáb,14/09/2024,15:00,Manchester City,2.1,2–1,1,Brentford,52148,Etihad Stadium,Darren Bond,Informe del partido,
2197,4,Sáb,14/09/2024,15:00,Liverpool,0.9,0–1,0.4,Nott'ham Forest,60344,Anfield,Michael Oliver,Informe del partido,
2198,4,Sáb,14/09/2024,15:00,Fulham,1.5,1–1,0.8,West Ham,26528,Craven Cottage,Tim Robinson,Informe del partido,
2199,4,Sáb,14/09/2024,17:30,Aston Villa,2.1,3–2,0.9,Everton,41573,Villa Park,Craig Pawson,Informe del partido,
2200,4,Sáb,14/09/2024,20:00,Bournemouth,1.7,0–1,0.8,Chelsea,11235,Vitality Stadium,Anthony Taylor,Informe del partido,
2201,4,Dom,15/09/2024,14:00,Tottenham,0.7,0–1,0.7,Arsenal,61645,Tottenham Hotspur Stadium,Jarred Gillett,Informe del partido,
2202,4,Dom,15/09/2024,16:30,Wolves,1.2,1–2,1.5,Newcastle Utd,30255,Molineux Stadium,Chris Kavanagh,Informe del partido,
2203,,,,,,,,,,,,,,
2204,5,Sáb,21/09/2024,12:30,West Ham,0.9,0–3,2.2,Chelsea,62473,London Stadium,Samuel Barrott,Informe del partido,
2205,5,Sáb,21/09/2024,15:00,Liverpool,2,3–0,1.1,Bournemouth,60347,Anfield,Tony Harrington,Informe del partido,
2206,5,Sáb,21/09/2024,15:00,Leicester City,0.7,1–1,1.1,Everton,31765,King Power Stadium,Darren England,Informe del partido,
2207,5,Sáb,21/09/2024,15:00,Southampton,2.4,1–1,1.6,Ipswich Town,31117,St Mary's Stadium,Samuel Allison,Informe del partido,
2208,5,Sáb,21/09/2024,15:00,Tottenham,3.5,3–1,0.8,Brentford,61246,Tottenham Hotspur Stadium,John Brooks,Informe del partido,
2209,5,Sáb,21/09/2024,15:00,Fulham,2.2,3–1,1.5,Newcastle Utd,25700,Craven Cottage,Peter Bankes,Informe del partido,
2210,5,Sáb,21/09/2024,15:00,Aston Villa,1.7,3–1,0.5,Wolves,39978,Villa Park,Tim Robinson,Informe del partido,
2211,5,Sáb,21/09/2024,17:30,Crystal Palace,1,0–0,1.6,Manchester Utd,25172,Selhurst Park,David Coote,Informe del partido,
2212,5,Dom,22/09/2024,14:00,Brighton,1,2–2,1.4,Nott'ham Forest,31444,The American Express Stadium,Robert Jones,Informe del partido,
2213,5,Dom,22/09/2024,16:30,Manchester City,2.1,2–2,0.7,Arsenal,52846,Etihad Stadium,Michael Oliver,Informe del partido,
2214,,,,,,,,,,,,,,
2215,6,Sáb,28/09/2024,12:30,Newcastle Utd,1.6,1–1,0.9,Manchester City,52248,St James' Park,Jarred Gillett,Informe del partido,
2216,6,Sáb,28/09/2024,15:00,Chelsea,4.2,4–2,1.1,Brighton,39495,Stamford Bridge,Peter Bankes,Informe del partido,
2217,6,Sáb,28/09/2024,15:00,Arsenal,4.4,4–2,0.3,Leicester City,60323,Emirates Stadium,Samuel Barrott,Informe del partido,
2218,6,Sáb,28/09/2024,15:00,Brentford,0.4,1–1,1,West Ham,17050,Gtech Community Stadium,Simon Hooper,Informe del partido,
2219,6,Sáb,28/09/2024,15:00,Everton,0.9,2–1,0.9,Crystal Palace,38954,Goodison Park,Andy Madley,Informe del partido,
2220,6,Sáb,28/09/2024,15:00,Nott'ham Forest,0.8,0–1,1.3,Fulham,30139,The City Ground,Joshua Smith,Informe del partido,
2221,6,Sáb,28/09/2024,17:30,Wolves,0.6,1–2,2.5,Liverpool,31413,Molineux Stadium,Anthony Taylor,Informe del partido,
2222,6,Dom,29/09/2024,14:00,Ipswich Town,1.2,2–2,0.8,Aston Villa,29943,Portman Road Stadium,Stuart Attwell,Informe del partido,
2223,6,Dom,29/09/2024,16:30,Manchester Utd,1,0–3,4.4,Tottenham,73587,Old Trafford,Chris Kavanagh,Informe del partido,
2224,6,Lun,30/09/2024,20:00,Bournemouth,1.3,3–1,0.6,Southampton,11243,Vitality Stadium,Michael Oliver,Informe del partido,
2225,,,,,,,,,,,,,,
2226,7,Sáb,05/10/2024,12:30,Crystal Palace,0.6,0–1,1.4,Liverpool,25185,Selhurst Park,Simon Hooper,Informe del partido,
2227,7,Sáb,05/10/2024,15:00,Manchester City,1.6,3–2,2.6,Fulham,53017,Etihad Stadium,Peter Bankes,Informe del partido,
2228,7,Sáb,05/10/2024,15:00,Brentford,4.2,5–3,1,Wolves,16960,Gtech Community Stadium,Andy Madley,Informe del partido,
2229,7,Sáb,05/10/2024,15:00,West Ham,3.6,4–1,0.6,Ipswich Town,62467,London Stadium,Anthony Taylor,Informe del partido,
2230,7,Sáb,05/10/2024,15:00,Arsenal,2.8,3–1,0.6,Southampton,60307,Emirates Stadium,Tony Harrington,Informe del partido,
2231,7,Sáb,05/10/2024,15:00,Leicester City,0.8,1–0,2.1,Bournemouth,31706,King Power Stadium,Darren Bond,Informe del partido,
2232,7,Sáb,05/10/2024,17:30,Everton,0.7,0–0,2.1,Newcastle Utd,39265,Goodison Park,Craig Pawson,Informe del partido,
2233,7,Dom,06/10/2024,14:00,Aston Villa,0.5,0–0,0.6,Manchester Utd,42682,Villa Park,Robert Jones,Informe del partido,
2234,7,Dom,06/10/2024,14:00,Chelsea,2.3,1–1,0.9,Nott'ham Forest,39501,Stamford Bridge,Chris Kavanagh,Informe del partido,
2235,7,Dom,06/10/2024,16:30,Brighton,1.8,3–2,1.3,Tottenham,31487,The American Express Stadium,David Coote,Informe del partido,
2236,,,,,,,,,,,,,,
2237,8,Sáb,19/10/2024,12:30,Tottenham,1.9,4–1,0.8,West Ham,61381,Tottenham Hotspur Stadium,Andy Madley,Informe del partido,
2238,8,Sáb,19/10/2024,15:00,Southampton,2.1,2–3,3.1,Leicester City,31145,St Mary's Stadium,Anthony Taylor,Informe del partido,
2239,8,Sáb,19/10/2024,15:00,Ipswich Town,1.3,0–2,1.7,Everton,29862,Portman Road Stadium,Michael Oliver,Informe del partido,
2240,8,Sáb,19/10/2024,15:00,Newcastle Utd,2,0–1,1.1,Brighton,52220,St James' Park,Peter Bankes,Informe del partido,
2241,8,Sáb,19/10/2024,15:00,Fulham,1.8,1–3,1.6,Aston Villa,26743,Craven Cottage,Darren England,Informe del partido,
2242,8,Sáb,19/10/2024,15:00,Manchester Utd,1.3,2–1,0.9,Brentford,73738,Old Trafford,Samuel Barrott,Informe del partido,
2243,8,Sáb,19/10/2024,17:30,Bournemouth,1.8,2–0,0.7,Arsenal,11235,Vitality Stadium,Robert Jones,Informe del partido,
2244,8,Dom,20/10/2024,14:00,Wolves,0.8,1–2,1.6,Manchester City,31319,Molineux Stadium,Chris Kavanagh,Informe del partido,
2245,8,Dom,20/10/2024,16:30,Liverpool,1.9,2–1,1,Chelsea,60277,Anfield,John Brooks,Informe del partido,
2246,8,Lun,21/10/2024,20:00,Nott'ham Forest,1.7,1–0,1,Crystal Palace,29443,The City Ground,Tim Robinson,Informe del partido,
2247,,,,,,,,,,,,,,
2248,9,Vie,25/10/2024,20:00,Leicester City,0.8,1–3,1.7,Nott'ham Forest,31879,King Power Stadium,Craig Pawson,Informe del partido,
2249,9,Sáb,26/10/2024,15:00,Brentford,4,4–3,1.3,Ipswich Town,17109,Gtech Community Stadium,Lewis Smith,Informe del partido,
2250,9,Sáb,26/10/2024,15:00,Brighton,1.3,2–2,1.3,Wolves,31840,The American Express Stadium,Michael Oliver,Informe del partido,
2251,9,Sáb,26/10/2024,15:00,Manchester City,2.9,1–0,0.2,Southampton,52844,Etihad Stadium,Tony Harrington,Informe del partido,
2252,9,Sáb,26/10/2024,15:00,Aston Villa,1.8,1–1,0.3,Bournemouth,42165,Villa Park,Chris Kavanagh,Informe del partido,
2253,9,Sáb,26/10/2024,17:30,Everton,0.8,1–1,1.2,Fulham,38742,Goodison Park,John Brooks,Informe del partido,
2254,9,Dom,27/10/2024,14:00,Chelsea,1.6,2–1,1.8,Newcastle Utd,39526,Stamford Bridge,Simon Hooper,Informe del partido,
2255,9,Dom,27/10/2024,14:00,West Ham,2.8,2–1,2.3,Manchester Utd,62474,London Stadium,David Coote,Informe del partido,
2256,9,Dom,27/10/2024,14:00,Crystal Palace,0.8,1–0,0.7,Tottenham,25108,Selhurst Park,Darren Bond,Informe del partido,
2257,9,Dom,27/10/2024,16:30,Arsenal,0.9,2–2,0.8,Liverpool,60383,Emirates Stadium,Anthony Taylor,Informe del partido,
2258,,,,,,,,,,,,,,
2259,10,Sáb,02/11/2024,12:30,Newcastle Utd,0.5,1–0,1.1,Arsenal,52249,St James' Park,John Brooks,Informe del partido,
2260,10,Sáb,02/11/2024,15:00,Southampton,0.7,1–0,1.6,Everton,31143,St Mary's Stadium,Andy Madley,Informe del partido,
2261,10,Sáb,02/11/2024,15:00,Liverpool,1.6,2–1,1,Brighton,60331,Anfield,Tony Harrington,Informe del partido,
2262,10,Sáb,02/11/2024,15:00,Nott'ham Forest,2.2,3–0,0.1,West Ham,30112,The City Ground,Peter Bankes,Informe del partido,
2263,10,Sáb,02/11/2024,15:00,Ipswich Town,1,1–1,1.5,Leicester City,29874,Portman Road Stadium,Tim Robinson,Informe del partido,
2264,10,Sáb,02/11/2024,15:00,Bournemouth,2,2–1,1.6,Manchester City,11231,Vitality Stadium,Michael Oliver,Informe del partido,
2265,10,Sáb,02/11/2024,17:30,Wolves,1.5,2–2,2.4,Crystal Palace,31124,Molineux Stadium,Anthony Taylor,Informe del partido,
2266,10,Dom,03/11/2024,14:00,Tottenham,2.4,4–1,1.8,Aston Villa,61253,Tottenham Hotspur Stadium,Craig Pawson,Informe del partido,
2267,10,Dom,03/11/2024,16:30,Manchester Utd,2,1–1,1.1,Chelsea,73813,Old Trafford,Robert Jones,Informe del partido,
2268,10,Lun,04/11/2024,20:00,Fulham,1.3,2–1,0.6,Brentford,24931,Craven Cottage,Stuart Attwell,Informe del partido,
2269,,,,,,,,,,,,,,
2270,11,Sáb,09/11/2024,15:00,Brentford,1.5,3–2,2.6,Bournemouth,16587,Gtech Community Stadium,Darren Bond,Informe del partido,
2271,11,Sáb,09/11/2024,15:00,West Ham,0.8,0–0,1.1,Everton,62463,London Stadium,Stuart Attwell,Informe del partido,
2272,11,Sáb,09/11/2024,15:00,Crystal Palace,1.5,0–2,1.8,Fulham,25142,Selhurst Park,Michael Salisbury,Informe del partido,
2273,11,Sáb,09/11/2024,15:00,Wolves,1.3,2–0,0.6,Southampton,31403,Molineux Stadium,Thomas Bramall,Informe del partido,
2274,11,Sáb,09/11/2024,17:30,Brighton,2.3,2–1,2.1,Manchester City,31715,The American Express Stadium,Samuel Barrott,Informe del partido,
2275,11,Sáb,09/11/2024,20:00,Liverpool,2,2–0,1.2,Aston Villa,60292,Anfield,David Coote,Informe del partido,
2276,11,Dom,10/11/2024,14:00,Manchester Utd,0.8,3–0,0.6,Leicester City,73829,Old Trafford,Peter Bankes,Informe del partido,
2277,11,Dom,10/11/2024,14:00,Nott'ham Forest,0.6,1–3,1.6,Newcastle Utd,30145,The City Ground,Anthony Taylor,Informe del partido,
2278,11,Dom,10/11/2024,14:00,Tottenham,1.5,1–2,1.6,Ipswich Town,61505,Tottenham Hotspur Stadium,Darren England,Informe del partido,
2279,11,Dom,10/11/2024,16:30,Chelsea,1.5,1–1,1.5,Arsenal,39780,Stamford Bridge,Michael Oliver,Informe del partido,
2280,,,,,,,,,,,,,,
2281,12,Sáb,23/11/2024,12:30,Leicester City,1.1,1–2,2.7,Chelsea,31880,King Power Stadium,Andy Madley,Informe del partido,
2282,12,Sáb,23/11/2024,15:00,Arsenal,1.2,3–0,0.3,Nott'ham Forest,60298,Emirates Stadium,Simon Hooper,Informe del partido,
2283,12,Sáb,23/11/2024,15:00,Bournemouth,1.6,1–2,0.9,Brighton,11196,Vitality Stadium,Stuart Attwell,Informe del partido,
2284,12,Sáb,23/11/2024,15:00,Aston Villa,3,2–2,1.3,Crystal Palace,42175,Villa Park,Tim Robinson,Informe del partido,
2285,12,Sáb,23/11/2024,15:00,Everton,1.2,0–0,1.1,Brentford,38915,Goodison Park,Chris Kavanagh,Informe del partido,
2286,12,Sáb,23/11/2024,15:00,Fulham,1,1–4,1.3,Wolves,26685,Craven Cottage,Robert Jones,Informe del partido,
2287,12,Sáb,23/11/2024,17:30,Manchester City,2.1,0–4,2.5,Tottenham,52478,Etihad Stadium,John Brooks,Informe del partido,
2288,12,Dom,24/11/2024,14:00,Southampton,1.3,2–3,3.1,Liverpool,31278,St Mary's Stadium,Samuel Barrott,Informe del partido,
2289,12,Dom,24/11/2024,16:30,Ipswich Town,1.6,1–1,0.8,Manchester Utd,30017,Portman Road Stadium,Anthony Taylor,Informe del partido,
2290,12,Lun,25/11/2024,20:00,Newcastle Utd,1.6,0–2,0.9,West Ham,52094,St James' Park,Craig Pawson,Informe del partido,
2291,,,,,,,,,,,,,,
2292,13,Vie,29/11/2024,20:00,Brighton,1.7,1–1,1,Southampton,31542,The American Express Stadium,Robert Jones,Informe del partido,
2293,13,Sáb,30/11/2024,15:00,Crystal Palace,1.7,1–1,0,Newcastle Utd,25101,Selhurst Park,Darren England,Informe del partido,
2294,13,Sáb,30/11/2024,15:00,Wolves,0.5,2–4,3.3,Bournemouth,26685,Molineux Stadium,Peter Bankes,Informe del partido,
2295,13,Sáb,30/11/2024,15:00,Nott'ham Forest,1.6,1–0,0.6,Ipswich Town,30237,The City Ground,Tony Harrington,Informe del partido,
2296,13,Sáb,30/11/2024,15:00,Brentford,2.4,4–1,1.1,Leicester City,17084,Gtech Community Stadium,Michael Oliver,Informe del partido,
2297,13,Sáb,30/11/2024,17:30,West Ham,1.5,2–5,3.5,Arsenal,62475,London Stadium,Anthony Taylor,Informe del partido,
2298,13,Dom,01/12/2024,13:30,Chelsea,1.6,3–0,1.2,Aston Villa,40853,Stamford Bridge,Stuart Attwell,Informe del partido,
2299,13,Dom,01/12/2024,13:30,Tottenham,0.8,1–1,1.5,Fulham,61141,Tottenham Hotspur Stadium,Darren Bond,Informe del partido,
2300,13,Dom,01/12/2024,13:30,Manchester Utd,1.1,4–0,0.6,Everton,73817,Old Trafford,John Brooks,Informe del partido,
2301,13,Dom,01/12/2024,16:00,Liverpool,3.4,2–0,0.8,Manchester City,60248,Anfield,Chris Kavanagh,Informe del partido,
2302,,,,,,,,,,,,,,
2303,14,Mar,03/12/2024,19:30,Ipswich Town,0.5,0–1,1.6,Crystal Palace,29533,Portman Road Stadium,Craig Pawson,Informe del partido,
2304,14,Mar,03/12/2024,20:15,Leicester City,1.7,3–1,3,West Ham,30947,King Power Stadium,Joshua Smith,Informe del partido,
2305,14,Mié,04/12/2024,19:30,Everton,1,4–0,0.8,Wolves,38820,Goodison Park,Michael Salisbury,Informe del partido,
2306,14,Mié,04/12/2024,19:30,Newcastle Utd,2.1,3–3,1.9,Liverpool,52237,St James' Park,Andy Madley,Informe del partido,
2307,14,Mié,04/12/2024,19:30,Manchester City,2.4,3–0,1,Nott'ham Forest,51764,Etihad Stadium,Michael Oliver,Informe del partido,
2308,14,Mié,04/12/2024,19:30,Southampton,1.6,1–5,5.2,Chelsea,31193,St Mary's Stadium,Tony Harrington,Informe del partido,
2309,14,Mié,04/12/2024,20:15,Arsenal,2.1,2–0,0.2,Manchester Utd,60256,Emirates Stadium,Samuel Barrott,Informe del partido,
2310,14,Mié,04/12/2024,20:15,Aston Villa,2.4,3–1,0.9,Brentford,42148,Villa Park,Lewis Smith,Informe del partido,
2311,14,Jue,05/12/2024,19:30,Fulham,1.1,3–1,1.4,Brighton,26368,Craven Cottage,Peter Bankes,Informe del partido,
2312,14,Jue,05/12/2024,20:15,Bournemouth,3.5,1–0,0.9,Tottenham,11234,Vitality Stadium,Simon Hooper,Informe del partido,
2313,,,,,,,,,,,,,,
2314,15,Sáb,07/12/2024,,Everton,,,,Liverpool,,Goodison Park,,,Aplazamiento del partido
2315,15,Sáb,07/12/2024,15:00,Brentford,1.2,4–2,1.5,Newcastle Utd,17078,Gtech Community Stadium,Simon Hooper,Informe del partido,
2316,15,Sáb,07/12/2024,15:00,Crystal Palace,1.3,2–2,1.4,Manchester City,25142,Selhurst Park,Robert Jones,Informe del partido,
2317,15,Sáb,07/12/2024,15:00,Aston Villa,2.3,1–0,0.3,Southampton,42453,Villa Park,Darren Bond,Informe del partido,
2318,15,Sáb,07/12/2024,17:30,Manchester Utd,1.6,2–3,0.8,Nott'ham Forest,73778,Old Trafford,Darren England,Informe del partido,
2319,15,Dom,08/12/2024,14:00,Fulham,0.2,1–1,1.8,Arsenal,26954,Craven Cottage,Chris Kavanagh,Informe del partido,
2320,15,Dom,08/12/2024,14:00,Ipswich Town,1.3,1–2,3.2,Bournemouth,29180,Portman Road Stadium,Michael Salisbury,Informe del partido,
2321,15,Dom,08/12/2024,14:00,Leicester City,1.3,2–2,1.5,Brighton,31647,King Power Stadium,Stuart Attwell,Informe del partido,
2322,15,Dom,08/12/2024,16:30,Tottenham,2.8,3–4,2.8,Chelsea,61184,Tottenham Hotspur Stadium,Anthony Taylor,Informe del partido,
2323,15,Lun,09/12/2024,20:00,West Ham,1,2–1,1.4,Wolves,62474,London Stadium,John Brooks,Informe del partido,
2324,,,,,,,,,,,,,,
2325,16,Sáb,14/12/2024,15:00,Newcastle Utd,3.8,4–0,0.2,Leicester City,52235,St James' Park,Thomas Bramall,Informe del partido,
2326,16,Sáb,14/12/2024,15:00,Arsenal,1.2,0–0,0.1,Everton,60176,Emirates Stadium,Craig Pawson,Informe del partido,
2327,16,Sáb,14/12/2024,15:00,Wolves,1.3,1–2,1.1,Ipswich Town,30866,Molineux Stadium,Simon Hooper,Informe del partido,
2328,16,Sáb,14/12/2024,15:00,Liverpool,2.1,2–2,1.2,Fulham,60333,Anfield,Tony Harrington,Informe del partido,
2329,16,Sáb,14/12/2024,17:30,Nott'ham Forest,1.7,2–1,0.4,Aston Villa,30117,The City Ground,Samuel Barrott,Informe del partido,
2330,16,Dom,15/12/2024,14:00,Brighton,1,1–3,2.2,Crystal Palace,30893,The American Express Stadium,Michael Oliver,Informe del partido,
2331,16,Dom,15/12/2024,16:30,Manchester City,0.9,1–2,2.1,Manchester Utd,53184,Etihad Stadium,Anthony Taylor,Informe del partido,
2332,16,Dom,15/12/2024,19:00,Southampton,0.8,0–5,2.3,Tottenham,31090,St Mary's Stadium,Darren England,Informe del partido,
2333,16,Dom,15/12/2024,19:00,Chelsea,2.2,2–1,1.6,Brentford,39571,Stamford Bridge,Peter Bankes,Informe del partido,
2334,16,Lun,16/12/2024,20:00,Bournemouth,1.9,1–1,2.1,West Ham,11204,Vitality Stadium,Chris Kavanagh,Informe del partido,
2335,,,,,,,,,,,,,,
2336,17,Sáb,21/12/2024,12:30,Aston Villa,1.6,2–1,1,Manchester City,42345,Villa Park,Peter Bankes,Informe del partido,
2337,17,Sáb,21/12/2024,15:00,West Ham,1.2,1–1,0.9,Brighton,62460,London Stadium,Robert Jones,Informe del partido,
2338,17,Sáb,21/12/2024,15:00,Brentford,0.7,0–2,0.9,Nott'ham Forest,17115,Gtech Community Stadium,Michael Oliver,Informe del partido,
2339,17,Sáb,21/12/2024,15:00,Ipswich Town,0.7,0–4,2.3,Newcastle Utd,29774,Portman Road Stadium,Stuart Attwell,Informe del partido,
2340,17,Sáb,21/12/2024,17:30,Crystal Palace,1.6,1–5,2.5,Arsenal,25167,Selhurst Park,Simon Hooper,Informe del partido,
2341,17,Dom,22/12/2024,14:00,Manchester Utd,2.2,0–3,1.6,Bournemouth,73720,Old Trafford,Craig Pawson,Informe del partido,
2342,17,Dom,22/12/2024,14:00,Fulham,0.9,0–0,0.3,Southampton,26819,Craven Cottage,Tim Robinson,Informe del partido,
2343,17,Dom,22/12/2024,14:00,Everton,1,0–0,1.2,Chelsea,39358,Goodison Park,Chris Kavanagh,Informe del partido,
2344,17,Dom,22/12/2024,14:00,Leicester City,0.8,0–3,1.1,Wolves,31818,King Power Stadium,Anthony Taylor,Informe del partido,
2345,17,Dom,22/12/2024,16:30,Tottenham,1.3,3–6,5.6,Liverpool,61439,Tottenham Hotspur Stadium,Samuel Barrott,Informe del partido,
2346,,,,,,,,,,,,,,
2347,18,Jue,26/12/2024,12:30,Manchester City,2.1,1–1,0.7,Everton,55527,Etihad Stadium,Simon Hooper,Informe del partido,
2348,18,Jue,26/12/2024,15:00,Chelsea,1.1,1–2,1.8,Fulham,39687,Stamford Bridge,Samuel Barrott,Informe del partido,
2349,18,Jue,26/12/2024,15:00,Southampton,1.4,0–1,1.7,West Ham,31059,St Mary's Stadium,Lewis Smith,Informe del partido,
2350,18,Jue,26/12/2024,15:00,Bournemouth,1.4,0–0,0.4,Crystal Palace,11129,Vitality Stadium,Thomas Bramall,Informe del partido,
2351,18,Jue,26/12/2024,15:00,Newcastle Utd,2.7,3–0,0.3,Aston Villa,52168,St James' Park,Anthony Taylor,Informe del partido,
2352,18,Jue,26/12/2024,15:00,Nott'ham Forest,1.1,1–0,0.9,Tottenham,30200,The City Ground,Craig Pawson,Informe del partido,
2353,18,Jue,26/12/2024,17:30,Wolves,0.9,2–0,0.4,Manchester Utd,31407,Molineux Stadium,Tony Harrington,Informe del partido,
2354,18,Jue,26/12/2024,20:00,Liverpool,2,3–1,0.3,Leicester City,60300,Anfield,Darren Bond,Informe del partido,
2355,18,Vie,27/12/2024,19:30,Brighton,1.3,0–0,1.1,Brentford,31548,The American Express Stadium,Andy Madley,Informe del partido,
2356,18,Vie,27/12/2024,20:15,Arsenal,1.8,1–0,0.2,Ipswich Town,60271,Emirates Stadium,Darren England,Informe del partido,
2357,,,,,,,,,,,,,,
2358,19,Dom,29/12/2024,14:30,Leicester City,1.3,0–2,1.3,Manchester City,32057,King Power Stadium,Michael Oliver,Informe del partido,
2359,19,Dom,29/12/2024,15:00,Tottenham,2.2,2–2,0.7,Wolves,61284,Tottenham Hotspur Stadium,Chris Kavanagh,Informe del partido,
2360,19,Dom,29/12/2024,15:00,Fulham,1.1,2–2,2,Bournemouth,27301,Craven Cottage,Robert Jones,Informe del partido,
2361,19,Dom,29/12/2024,15:00,Everton,0.9,0–2,1.5,Nott'ham Forest,25414,Goodison Park,Tony Harrington,Informe del partido,
2362,19,Dom,29/12/2024,15:00,Crystal Palace,2,2–1,0.9,Southampton,25130,Selhurst Park,Michael Salisbury,Informe del partido,
2363,19,Dom,29/12/2024,17:15,West Ham,0.4,0–5,3.1,Liverpool,62476,London Stadium,Anthony Taylor,Informe del partido,
2364,19,Lun,30/12/2024,19:45,Aston Villa,1.8,2–2,1.1,Brighton,41414,Villa Park,Craig Pawson,Informe del partido,
2365,19,Lun,30/12/2024,19:45,Ipswich Town,1.6,2–0,2,Chelsea,29968,Portman Road Stadium,John Brooks,Informe del partido,
2366,19,Lun,30/12/2024,20:00,Manchester Utd,0.8,0–2,1.9,Newcastle Utd,73809,Old Trafford,Simon Hooper,Informe del partido,
2367,19,Mié,01/01/2025,17:30,Brentford,0.3,1–3,1.9,Arsenal,47190,Gtech Community Stadium,Peter Bankes,Informe del partido,
2368,,,,,,,,,,,,,,
2369,20,Sáb,04/01/2025,12:30,Tottenham,,,,Newcastle Utd,,Tottenham Hotspur Stadium,,Cara a cara,
2370,20,Sáb,04/01/2025,15:00,Southampton,,,,Brentford,,St Mary's Stadium,,Cara a cara,
2371,20,Sáb,04/01/2025,15:00,Bournemouth,,,,Everton,,Vitality Stadium,,Cara a cara,
2372,20,Sáb,04/01/2025,15:00,Crystal Palace,,,,Chelsea,,Selhurst Park,,Cara a cara,
2373,20,Sáb,04/01/2025,15:00,Manchester City,,,,West Ham,,Etihad Stadium,,Cara a cara,
2374,20,Sáb,04/01/2025,15:00,Aston Villa,,,,Leicester City,,Villa Park,,Cara a cara,
2375,20,Sáb,04/01/2025,17:30,Brighton,,,,Arsenal,,The American Express Stadium,,Cara a cara,
2376,20,Dom,05/01/2025,14:00,Fulham,,,,Ipswich Town,,Craven Cottage,,Cara a cara,
2377,20,Dom,05/01/2025,16:30,Liverpool,,,,Manchester Utd,,Anfield,,Cara a cara,
2378,20,Lun,06/01/2025,20:00,Wolves,,,,Nott'ham Forest,,Molineux Stadium,,Cara a cara,
2379,,,,,,,,,,,,,,
2380,21,Mar,14/01/2025,19:30,Brentford,,,,Manchester City,,Gtech Community Stadium,,Cara a cara,
2381,21,Mar,14/01/2025,19:30,West Ham,,,,Fulham,,London Stadium,,Cara a cara,
2382,21,Mar,14/01/2025,19:30,Chelsea,,,,Bournemouth,,Stamford Bridge,,Cara a cara,
2383,21,Mar,14/01/2025,20:00,Nott'ham Forest,,,,Liverpool,,The City Ground,,Cara a cara,
2384,21,Mié,15/01/2025,19:30,Everton,,,,Aston Villa,,Goodison Park,,Cara a cara,
2385,21,Mié,15/01/2025,19:30,Newcastle Utd,,,,Wolves,,St James' Park,,Cara a cara,
2386,21,Mié,15/01/2025,19:30,Leicester City,,,,Crystal Palace,,King Power Stadium,,Cara a cara,
2387,21,Mié,15/01/2025,20:00,Arsenal,,,,Tottenham,,Emirates Stadium,,Cara a cara,
2388,21,Jue,16/01/2025,19:30,Ipswich Town,,,,Brighton,,Portman Road Stadium,,Cara a cara,
2389,21,Jue,16/01/2025,20:00,Manchester Utd,,,,Southampton,,Old Trafford,,Cara a cara,
2390,,,,,,,,,,,,,,
2391,22,Sáb,18/01/2025,12:30,Newcastle Utd,,,,Bournemouth,,St James' Park,,Cara a cara,
2392,22,Sáb,18/01/2025,15:00,West Ham,,,,Crystal Palace,,London Stadium,,Cara a cara,
2393,22,Sáb,18/01/2025,15:00,Brentford,,,,Liverpool,,Gtech Community Stadium,,Cara a cara,
2394,22,Sáb,18/01/2025,15:00,Leicester City,,,,Fulham,,King Power Stadium,,Cara a cara,
2395,22,Sáb,18/01/2025,17:30,Arsenal,,,,Aston Villa,,Emirates Stadium,,Cara a cara,
2396,22,Dom,19/01/2025,14:00,Manchester Utd,,,,Brighton,,Old Trafford,,Cara a cara,
2397,22,Dom,19/01/2025,14:00,Nott'ham Forest,,,,Southampton,,The City Ground,,Cara a cara,
2398,22,Dom,19/01/2025,14:00,Everton,,,,Tottenham,,Goodison Park,,Cara a cara,
2399,22,Dom,19/01/2025,16:30,Ipswich Town,,,,Manchester City,,Portman Road Stadium,,Cara a cara,
2400,22,Lun,20/01/2025,20:00,Chelsea,,,,Wolves,,Stamford Bridge,,Cara a cara,
2401,,,,,,,,,,,,,,
2402,23,Sáb,25/01/2025,15:00,Wolves,,,,Arsenal,,Molineux Stadium,,Cara a cara,
2403,23,Sáb,25/01/2025,15:00,Southampton,,,,Newcastle Utd,,St Mary's Stadium,,Cara a cara,
2404,23,Sáb,25/01/2025,15:00,Brighton,,,,Everton,,The American Express Stadium,,Cara a cara,
2405,23,Sáb,25/01/2025,15:00,Liverpool,,,,Ipswich Town,,Anfield,,Cara a cara,
2406,23,Sáb,25/01/2025,15:00,Bournemouth,,,,Nott'ham Forest,,Vitality Stadium,,Cara a cara,
2407,23,Sáb,25/01/2025,17:30,Manchester City,,,,Chelsea,,Etihad Stadium,,Cara a cara,
2408,23,Dom,26/01/2025,14:00,Crystal Palace,,,,Brentford,,Selhurst Park,,Cara a cara,
2409,23,Dom,26/01/2025,14:00,Tottenham,,,,Leicester City,,Tottenham Hotspur Stadium,,Cara a cara,
2410,23,Dom,26/01/2025,16:30,Aston Villa,,,,West Ham,,Villa Park,,Cara a cara,
2411,23,Dom,26/01/2025,19:00,Fulham,,,,Manchester Utd,,Craven Cottage,,Cara a cara,
2412,,,,,,,,,,,,,,
2413,24,Sáb,01/02/2025,12:30,Nott'ham Forest,,,,Brighton,,The City Ground,,Cara a cara,
2414,24,Sáb,01/02/2025,15:00,Ipswich Town,,,,Southampton,,Portman Road Stadium,,Cara a cara,
2415,24,Sáb,01/02/2025,15:00,Everton,,,,Leicester City,,Goodison Park,,Cara a cara,
2416,24,Sáb,01/02/2025,15:00,Newcastle Utd,,,,Fulham,,St James' Park,,Cara a cara,
2417,24,Sáb,01/02/2025,15:00,Bournemouth,,,,Liverpool,,Vitality Stadium,,Cara a cara,
2418,24,Sáb,01/02/2025,17:30,Wolves,,,,Aston Villa,,Molineux Stadium,,Cara a cara,
2419,24,Dom,02/02/2025,14:00,Brentford,,,,Tottenham,,Gtech Community Stadium,,Cara a cara,
2420,24,Dom,02/02/2025,14:00,Manchester Utd,,,,Crystal Palace,,Old Trafford,,Cara a cara,
2421,24,Dom,02/02/2025,16:30,Arsenal,,,,Manchester City,,Emirates Stadium,,Cara a cara,
2422,24,Lun,03/02/2025,20:00,Chelsea,,,,West Ham,,Stamford Bridge,,Cara a cara,
2423,,,,,,,,,,,,,,
2424,25,Vie,14/02/2025,20:00,Brighton,,,,Chelsea,,The American Express Stadium,,Cara a cara,
2425,25,Sáb,15/02/2025,12:30,Leicester City,,,,Arsenal,,King Power Stadium,,Cara a cara,
2426,25,Sáb,15/02/2025,15:00,Aston Villa,,,,Ipswich Town,,Villa Park,,Cara a cara,
2427,25,Sáb,15/02/2025,15:00,Fulham,,,,Nott'ham Forest,,Craven Cottage,,Cara a cara,
2428,25,Sáb,15/02/2025,15:00,West Ham,,,,Brentford,,London Stadium,,Cara a cara,
2429,25,Sáb,15/02/2025,15:00,Manchester City,,,,Newcastle Utd,,Etihad Stadium,,Cara a cara,
2430,25,Sáb,15/02/2025,15:00,Southampton,,,,Bournemouth,,St Mary's Stadium,,Cara a cara,
2431,25,Sáb,15/02/2025,17:30,Crystal Palace,,,,Everton,,Selhurst Park,,Cara a cara,
2432,25,Dom,16/02/2025,14:00,Liverpool,,,,Wolves,,Anfield,,Cara a cara,
2433,25,Dom,16/02/2025,16:30,Tottenham,,,,Manchester Utd,,Tottenham Hotspur Stadium,,Cara a cara,
2434,,,,,,,,,,,,,,
2435,26,Vie,21/02/2025,20:00,Leicester City,,,,Brentford,,King Power Stadium,,Cara a cara,
2436,26,Sáb,22/02/2025,12:30,Everton,,,,Manchester Utd,,Goodison Park,,Cara a cara,
2437,26,Sáb,22/02/2025,15:00,Fulham,,,,Crystal Palace,,Craven Cottage,,Cara a cara,
2438,26,Sáb,22/02/2025,15:00,Ipswich Town,,,,Tottenham,,Portman Road Stadium,,Cara a cara,
2439,26,Sáb,22/02/2025,15:00,Bournemouth,,,,Wolves,,Vitality Stadium,,Cara a cara,
2440,26,Sáb,22/02/2025,15:00,Arsenal,,,,West Ham,,Emirates Stadium,,Cara a cara,
2441,26,Sáb,22/02/2025,15:00,Southampton,,,,Brighton,,St Mary's Stadium,,Cara a cara,
2442,26,Sáb,22/02/2025,17:30,Aston Villa,,,,Chelsea,,Villa Park,,Cara a cara,
2443,26,Dom,23/02/2025,14:00,Newcastle Utd,,,,Nott'ham Forest,,St James' Park,,Cara a cara,
2444,26,Dom,23/02/2025,16:30,Manchester City,,,,Liverpool,,Etihad Stadium,,Cara a cara,
2445,,,,,,,,,,,,,,
2446,27,Mar,25/02/2025,19:45,West Ham,,,,Leicester City,,London Stadium,,Cara a cara,
2447,27,Mar,25/02/2025,19:45,Brentford,,,,Everton,,Gtech Community Stadium,,Cara a cara,
2448,27,Mar,25/02/2025,19:45,Tottenham,,,,Manchester City,,Tottenham Hotspur Stadium,,Cara a cara,
2449,27,Mar,25/02/2025,19:45,Wolves,,,,Fulham,,Molineux Stadium,,Cara a cara,
2450,27,Mar,25/02/2025,19:45,Nott'ham Forest,,,,Arsenal,,The City Ground,,Cara a cara,
2451,27,Mar,25/02/2025,19:45,Brighton,,,,Bournemouth,,The American Express Stadium,,Cara a cara,
2452,27,Mar,25/02/2025,20:00,Crystal Palace,,,,Aston Villa,,Selhurst Park,,Cara a cara,
2453,27,Mié,26/02/2025,19:45,Chelsea,,,,Southampton,,Stamford Bridge,,Cara a cara,
2454,27,Mié,26/02/2025,20:00,Liverpool,,,,Newcastle Utd,,Anfield,,Cara a cara,
2455,27,Mié,26/02/2025,20:00,Manchester Utd,,,,Ipswich Town,,Old Trafford,,Cara a cara,
2457,28,Sáb,08/03/2025,15:00,Liverpool,,,,Southampton,,Anfield,,Cara a cara,
2458,28,Sáb,08/03/2025,15:00,Chelsea,,,,Leicester City,,Stamford Bridge,,Cara a cara,
2459,28,Sáb,08/03/2025,15:00,Wolves,,,,Everton,,Molineux Stadium,,Cara a cara,
2460,28,Sáb,08/03/2025,15:00,West Ham,,,,Newcastle Utd,,London Stadium,,Cara a cara,
2461,28,Sáb,08/03/2025,15:00,Tottenham,,,,Bournemouth,,Tottenham Hotspur Stadium,,Cara a cara,
2462,28,Sáb,08/03/2025,15:00,Manchester Utd,,,,Arsenal,,Old Trafford,,Cara a cara,
2463,28,Sáb,08/03/2025,15:00,Crystal Palace,,,,Ipswich Town,,Selhurst Park,,Cara a cara,
2464,28,Sáb,08/03/2025,15:00,Nott'ham Forest,,,,Manchester City,,The City Ground,,Cara a cara,
2465,28,Sáb,08/03/2025,15:00,Brighton,,,,Fulham,,The American Express Stadium,,Cara a cara,
2466,28,Sáb,08/03/2025,15:00,Brentford,,,,Aston Villa,,Gtech Community Stadium,,Cara a cara,
2468,29,Sáb,15/03/2025,15:00,Arsenal,,,,Chelsea,,Emirates Stadium,,Cara a cara,
2469,29,Sáb,15/03/2025,15:00,Aston Villa,,,,Liverpool,,Villa Park,,Cara a cara,
2470,29,Sáb,15/03/2025,15:00,Fulham,,,,Tottenham,,Craven Cottage,,Cara a cara,
2471,29,Sáb,15/03/2025,15:00,Newcastle Utd,,,,Crystal Palace,,St James' Park,,Cara a cara,
2472,29,Sáb,15/03/2025,15:00,Leicester City,,,,Manchester Utd,,King Power Stadium,,Cara a cara,
2473,29,Sáb,15/03/2025,15:00,Manchester City,,,,Brighton,,Etihad Stadium,,Cara a cara,
2474,29,Sáb,15/03/2025,15:00,Ipswich Town,,,,Nott'ham Forest,,Portman Road Stadium,,Cara a cara,
2475,29,Sáb,15/03/2025,15:00,Everton,,,,West Ham,,Goodison Park,,Cara a cara,
2476,29,Sáb,15/03/2025,15:00,Southampton,,,,Wolves,,St Mary's Stadium,,Cara a cara,
2477,29,Sáb,15/03/2025,15:00,Bournemouth,,,,Brentford,,Vitality Stadium,,Cara a cara,
2479,30,Mar,01/04/2025,19:45,Brighton,,,,Aston Villa,,The American Express Stadium,,Cara a cara,
2480,30,Mar,01/04/2025,19:45,Bournemouth,,,,Ipswich Town,,Vitality Stadium,,Cara a cara,
2481,30,Mar,01/04/2025,19:45,Wolves,,,,West Ham,,Molineux Stadium,,Cara a cara,
2482,30,Mar,01/04/2025,19:45,Arsenal,,,,Fulham,,Emirates Stadium,,Cara a cara,
2483,30,Mar,01/04/2025,19:45,Nott'ham Forest,,,,Manchester Utd,,The City Ground,,Cara a cara,
2484,30,Mié,02/04/2025,19:45,Southampton,,,,Crystal Palace,,St Mary's Stadium,,Cara a cara,
2485,30,Mié,02/04/2025,19:45,Chelsea,,,,Tottenham,,Stamford Bridge,,Cara a cara,
2486,30,Mié,02/04/2025,19:45,Manchester City,,,,Leicester City,,Etihad Stadium,,Cara a cara,
2487,30,Mié,02/04/2025,19:45,Newcastle Utd,,,,Brentford,,St James' Park,,Cara a cara,
2488,30,Mié,02/04/2025,20:00,Liverpool,,,,Everton,,Anfield,,Cara a cara,
2490,31,Sáb,05/04/2025,15:00,West Ham,,,,Bournemouth,,London Stadium,,Cara a cara,
2491,31,Sáb,05/04/2025,15:00,Manchester Utd,,,,Manchester City,,Old Trafford,,Cara a cara,
2492,31,Sáb,05/04/2025,15:00,Brentford,,,,Chelsea,,Gtech Community Stadium,,Cara a cara,
2493,31,Sáb,05/04/2025,15:00,Aston Villa,,,,Nott'ham Forest,,Villa Park,,Cara a cara,
2494,31,Sáb,05/04/2025,15:00,Everton,,,,Arsenal,,Goodison Park,,Cara a cara,
2495,31,Sáb,05/04/2025,15:00,Fulham,,,,Liverpool,,Craven Cottage,,Cara a cara,
2496,31,Sáb,05/04/2025,15:00,Ipswich Town,,,,Wolves,,Portman Road Stadium,,Cara a cara,
2497,31,Sáb,05/04/2025,15:00,Leicester City,,,,Newcastle Utd,,King Power Stadium,,Cara a cara,
2498,31,Sáb,05/04/2025,15:00,Crystal Palace,,,,Brighton,,Selhurst Park,,Cara a cara,
2499,31,Sáb,05/04/2025,15:00,Tottenham,,,,Southampton,,Tottenham Hotspur Stadium,,Cara a cara,
2501,32,Sáb,12/04/2025,15:00,Bournemouth,,,,Fulham,,Vitality Stadium,,Cara a cara,
2502,32,Sáb,12/04/2025,15:00,Newcastle Utd,,,,Manchester Utd,,St James' Park,,Cara a cara,
2503,32,Sáb,12/04/2025,15:00,Arsenal,,,,Brentford,,Emirates Stadium,,Cara a cara,
2504,32,Sáb,12/04/2025,15:00,Liverpool,,,,West Ham,,Anfield,,Cara a cara,
2505,32,Sáb,12/04/2025,15:00,Wolves,,,,Tottenham,,Molineux Stadium,,Cara a cara,
2506,32,Sáb,12/04/2025,15:00,Brighton,,,,Leicester City,,The American Express Stadium,,Cara a cara,
2507,32,Sáb,12/04/2025,15:00,Manchester City,,,,Crystal Palace,,Etihad Stadium,,Cara a cara,
2508,32,Sáb,12/04/2025,15:00,Nott'ham Forest,,,,Everton,,The City Ground,,Cara a cara,
2509,32,Sáb,12/04/2025,15:00,Chelsea,,,,Ipswich Town,,Stamford Bridge,,Cara a cara,
2510,32,Sáb,12/04/2025,15:00,Southampton,,,,Aston Villa,,St Mary's Stadium,,Cara a cara,
2512,33,Sáb,19/04/2025,15:00,Leicester City,,,,Liverpool,,King Power Stadium,,Cara a cara,
2513,33,Sáb,19/04/2025,15:00,Ipswich Town,,,,Arsenal,,Portman Road Stadium,,Cara a cara,
2514,33,Sáb,19/04/2025,15:00,Brentford,,,,Brighton,,Gtech Community Stadium,,Cara a cara,
2515,33,Sáb,19/04/2025,15:00,Aston Villa,,,,Newcastle Utd,,Villa Park,,Cara a cara,
2516,33,Sáb,19/04/2025,15:00,Tottenham,,,,Nott'ham Forest,,Tottenham Hotspur Stadium,,Cara a cara,
2517,33,Sáb,19/04/2025,15:00,West Ham,,,,Southampton,,London Stadium,,Cara a cara,
2518,33,Sáb,19/04/2025,15:00,Crystal Palace,,,,Bournemouth,,Selhurst Park,,Cara a cara,
2519,33,Sáb,19/04/2025,15:00,Everton,,,,Manchester City,,Goodison Park,,Cara a cara,
2520,33,Sáb,19/04/2025,15:00,Fulham,,,,Chelsea,,Craven Cottage,,Cara a cara,
2521,33,Sáb,19/04/2025,15:00,Manchester Utd,,,,Wolves,,Old Trafford,,Cara a cara,
2523,34,Sáb,26/04/2025,15:00,Chelsea,,,,Everton,,Stamford Bridge,,Cara a cara,
2524,34,Sáb,26/04/2025,15:00,Wolves,,,,Leicester City,,Molineux Stadium,,Cara a cara,
2525,34,Sáb,26/04/2025,15:00,Newcastle Utd,,,,Ipswich Town,,St James' Park,,Cara a cara,
2526,34,Sáb,26/04/2025,15:00,Manchester City,,,,Aston Villa,,Etihad Stadium,,Cara a cara,
2527,34,Sáb,26/04/2025,15:00,Liverpool,,,,Tottenham,,Anfield,,Cara a cara,
2528,34,Sáb,26/04/2025,15:00,Arsenal,,,,Crystal Palace,,Emirates Stadium,,Cara a cara,
2529,34,Sáb,26/04/2025,15:00,Bournemouth,,,,Manchester Utd,,Vitality Stadium,,Cara a cara,
2530,34,Sáb,26/04/2025,15:00,Southampton,,,,Fulham,,St Mary's Stadium,,Cara a cara,
2531,34,Sáb,26/04/2025,15:00,Nott'ham Forest,,,,Brentford,,The City Ground,,Cara a cara,
2532,34,Sáb,26/04/2025,15:00,Brighton,,,,West Ham,,The American Express Stadium,,Cara a cara,
2534,35,Sáb,03/05/2025,15:00,Chelsea,,,,Liverpool,,Stamford Bridge,,Cara a cara,
2535,35,Sáb,03/05/2025,15:00,Brentford,,,,Manchester Utd,,Gtech Community Stadium,,Cara a cara,
2536,35,Sáb,03/05/2025,15:00,Manchester City,,,,Wolves,,Etihad Stadium,,Cara a cara,
2537,35,Sáb,03/05/2025,15:00,West Ham,,,,Tottenham,,London Stadium,,Cara a cara,
2538,35,Sáb,03/05/2025,15:00,Crystal Palace,,,,Nott'ham Forest,,Selhurst Park,,Cara a cara,
2539,35,Sáb,03/05/2025,15:00,Arsenal,,,,Bournemouth,,Emirates Stadium,,Cara a cara,
2540,35,Sáb,03/05/2025,15:00,Everton,,,,Ipswich Town,,Goodison Park,,Cara a cara,
2541,35,Sáb,03/05/2025,15:00,Aston Villa,,,,Fulham,,Villa Park,,Cara a cara,
2542,35,Sáb,03/05/2025,15:00,Brighton,,,,Newcastle Utd,,The American Express Stadium,,Cara a cara,
2543,35,Sáb,03/05/2025,15:00,Leicester City,,,,Southampton,,King Power Stadium,,Cara a cara,
2545,36,Sáb,10/05/2025,15:00,Liverpool,,,,Arsenal,,Anfield,,Cara a cara,
2546,36,Sáb,10/05/2025,15:00,Southampton,,,,Manchester City,,St Mary's Stadium,,Cara a cara,
2547,36,Sáb,10/05/2025,15:00,Tottenham,,,,Crystal Palace,,Tottenham Hotspur Stadium,,Cara a cara,
2548,36,Sáb,10/05/2025,15:00,Fulham,,,,Everton,,Craven Cottage,,Cara a cara,
2549,36,Sáb,10/05/2025,15:00,Newcastle Utd,,,,Chelsea,,St James' Park,,Cara a cara,
2550,36,Sáb,10/05/2025,15:00,Nott'ham Forest,,,,Leicester City,,The City Ground,,Cara a cara,
2551,36,Sáb,10/05/2025,15:00,Manchester Utd,,,,West Ham,,Old Trafford,,Cara a cara,
2552,36,Sáb,10/05/2025,15:00,Bournemouth,,,,Aston Villa,,Vitality Stadium,,Cara a cara,
2553,36,Sáb,10/05/2025,15:00,Ipswich Town,,,,Brentford,,Portman Road Stadium,,Cara a cara,
2554,36,Sáb,10/05/2025,15:00,Wolves,,,,Brighton,,Molineux Stadium,,Cara a cara,
2556,37,Dom,18/05/2025,15:00,Brentford,,,,Fulham,,Gtech Community Stadium,,Cara a cara,
2557,37,Dom,18/05/2025,15:00,Arsenal,,,,Newcastle Utd,,Emirates Stadium,,Cara a cara,
2558,37,Dom,18/05/2025,15:00,Brighton,,,,Liverpool,,The American Express Stadium,,Cara a cara,
2559,37,Dom,18/05/2025,15:00,Leicester City,,,,Ipswich Town,,King Power Stadium,,Cara a cara,
2560,37,Dom,18/05/2025,15:00,West Ham,,,,Nott'ham Forest,,London Stadium,,Cara a cara,
2561,37,Dom,18/05/2025,15:00,Everton,,,,Southampton,,Goodison Park,,Cara a cara,
2562,37,Dom,18/05/2025,15:00,Aston Villa,,,,Tottenham,,Villa Park,,Cara a cara,
2563,37,Dom,18/05/2025,15:00,Chelsea,,,,Manchester Utd,,Stamford Bridge,,Cara a cara,
2564,37,Dom,18/05/2025,15:00,Manchester City,,,,Bournemouth,,Etihad Stadium,,Cara a cara,
2565,37,Dom,18/05/2025,15:00,Crystal Palace,,,,Wolves,,Selhurst Park,,Cara a cara,
2567,38,Dom,25/05/2025,16:00,Southampton,,,,Arsenal,,St Mary's Stadium,,Cara a cara,
2568,38,Dom,25/05/2025,16:00,Liverpool,,,,Crystal Palace,,Anfield,,Cara a cara,
2569,38,Dom,25/05/2025,16:00,Ipswich Town,,,,West Ham,,Portman Road Stadium,,Cara a cara,
2570,38,Dom,25/05/2025,16:00,Bournemouth,,,,Leicester City,,Vitality Stadium,,Cara a cara,
2571,38,Dom,25/05/2025,16:00,Newcastle Utd,,,,Everton,,St James' Park,,Cara a cara,
2572,38,Dom,25/05/2025,16:00,Fulham,,,,Manchester City,,Craven Cottage,,Cara a cara,
2573,38,Dom,25/05/2025,16:00,Nott'ham Forest,,,,Chelsea,,The City Ground,,Cara a cara,
2574,38,Dom,25/05/2025,16:00,Manchester Utd,,,,Aston Villa,,Old Trafford,,Cara a cara,
2575,38,Dom,25/05/2025,16:00,Wolves,,,,Brentford,,Molineux Stadium,,Cara a cara,
2576,38,Dom,25/05/2025,16:00,Tottenham,,,,Brighton,,Tottenham Hotspur Stadium,,Cara a cara,
