,index,Sem.,Día,Fecha,Hora,Local,xG,xG.1,Visitante,Asistencia,Sedes,Árbitro,Informe del partido,Goles Local,Goles Visitante
0,0,1,Vie,09/08/2019,20:00,Liverpool,1.8,0.9,Norwich City,53333,Anfield,Michael Oliver,Informe del partido,4,1
1,1,1,Sáb,10/08/2019,12:30,West Ham,1.1,3.2,Manchester City,59870,London Stadium,Mike Dean,Informe del partido,0,5
2,2,1,Sáb,10/08/2019,15:00,Burnley,0.9,1.2,Southampton,19784,Turf Moor,Graham Scott,Informe del partido,3,0
3,3,1,Sáb,10/08/2019,15:00,Watford,0.7,0.8,Brighton,20245,Vicarage Road Stadium,Craig Pawson,Informe del partido,0,3
4,4,1,Sáb,10/08/2019,15:00,Crystal Palace,0.9,1.1,Everton,25151,Selhurst Park,Jonathan Moss,Informe del partido,0,0
5,5,1,Sáb,10/08/2019,15:00,Bournemouth,1.3,1.3,Sheffield Utd,10714,Vitality Stadium,Kevin Friend,Informe del partido,1,1
6,6,1,Sáb,10/08/2019,17:30,Tottenham,2.4,0.7,Aston Villa,60407,Tottenham Hotspur Stadium,Chris Kavanagh,Informe del partido,3,1
7,7,1,Dom,11/08/2019,14:00,Newcastle Utd,0.4,1.1,Arsenal,47635,St. James' Park,Martin Atkinson,Informe del partido,0,1
8,8,1,Dom,11/08/2019,14:00,Leicester City,0.7,0.7,Wolves,32015,King Power Stadium,Andre Marriner,Informe del partido,0,0
9,9,1,Dom,11/08/2019,16:30,Manchester Utd,2.2,1,Chelsea,73620,Old Trafford,Anthony Taylor,Informe del partido,4,0
10,10,2,Sáb,17/08/2019,12:30,Arsenal,0.8,1.5,Burnley,60214,Emirates Stadium,Mike Dean,Informe del partido,2,1
11,11,2,Sáb,17/08/2019,15:00,Norwich City,1.7,0.9,Newcastle Utd,27059,Carrow Road,Stuart Attwell,Informe del partido,3,1
12,12,2,Sáb,17/08/2019,15:00,Aston Villa,2,1.6,Bournemouth,40996,Villa Park,Martin Atkinson,Informe del partido,1,2
13,13,2,Sáb,17/08/2019,15:00,Brighton,2,0.8,West Ham,30459,The American Express Community Stadium,Anthony Taylor,Informe del partido,1,1
14,14,2,Sáb,17/08/2019,15:00,Southampton,1.9,1.3,Liverpool,31712,St. Mary's Stadium,Andre Marriner,Informe del partido,1,2
15,15,2,Sáb,17/08/2019,15:00,Everton,0.7,1.2,Watford,39066,Goodison Park,Lee Mason,Informe del partido,1,0
16,16,2,Sáb,17/08/2019,17:30,Manchester City,2.9,0.1,Tottenham,54503,Etihad Stadium,Michael Oliver,Informe del partido,2,2
17,17,2,Dom,18/08/2019,14:00,Sheffield Utd,2.2,0.3,Crystal Palace,30197,Bramall Lane,David Coote,Informe del partido,1,0
18,18,2,Dom,18/08/2019,16:30,Chelsea,1.1,0.8,Leicester City,40629,Stamford Bridge,Oliver Langford,Informe del partido,1,1
19,19,2,Lun,19/08/2019,20:00,Wolves,0.3,1.2,Manchester Utd,31314,Molineux Stadium,Jonathan Moss,Informe del partido,1,1
20,20,3,Vie,23/08/2019,20:00,Aston Villa,1,1.3,Everton,41922,Villa Park,Michael Oliver,Informe del partido,2,0
21,21,3,Sáb,24/08/2019,12:30,Norwich City,1.1,1.5,Chelsea,27032,Carrow Road,Martin Atkinson,Informe del partido,2,3
22,22,3,Sáb,24/08/2019,15:00,Sheffield Utd,0.3,0.8,Leicester City,30079,Bramall Lane,Andy Madley,Informe del partido,1,2
23,23,3,Sáb,24/08/2019,15:00,Manchester Utd,2.5,1.1,Crystal Palace,73454,Old Trafford,Paul Tierney,Informe del partido,1,2
24,24,3,Sáb,24/08/2019,15:00,Watford,2.3,3.5,West Ham,20035,Vicarage Road Stadium,Chris Kavanagh,Informe del partido,1,3
25,25,3,Sáb,24/08/2019,15:00,Brighton,0.8,1.7,Southampton,30019,The American Express Community Stadium,Kevin Friend,Informe del partido,0,2
26,26,3,Sáb,24/08/2019,17:30,Liverpool,2.5,1,Arsenal,53298,Anfield,Anthony Taylor,Informe del partido,3,1
27,27,3,Dom,25/08/2019,14:00,Bournemouth,2.2,3,Manchester City,10486,Vitality Stadium,Andre Marriner,Informe del partido,1,3
28,28,3,Dom,25/08/2019,16:30,Wolves,1.5,1.6,Burnley,30522,Molineux Stadium,Craig Pawson,Informe del partido,1,1
29,29,3,Dom,25/08/2019,16:30,Tottenham,1.1,0.8,Newcastle Utd,59245,Tottenham Hotspur Stadium,Mike Dean,Informe del partido,0,1
30,30,4,Sáb,31/08/2019,12:30,Southampton,0.9,1.5,Manchester Utd,30499,St. Mary's Stadium,Mike Dean,Informe del partido,1,1
31,31,4,Sáb,31/08/2019,15:00,West Ham,2,1.4,Norwich City,59950,London Stadium,Paul Tierney,Informe del partido,2,0
32,32,4,Sáb,31/08/2019,15:00,Crystal Palace,1.4,0.4,Aston Villa,25248,Selhurst Park,Kevin Friend,Informe del partido,1,0
33,33,4,Sáb,31/08/2019,15:00,Leicester City,2,0.6,Bournemouth,31613,King Power Stadium,Peter Bankes,Informe del partido,3,1
34,34,4,Sáb,31/08/2019,15:00,Chelsea,2,1.1,Sheffield Utd,40560,Stamford Bridge,Stuart Attwell,Informe del partido,2,2
35,35,4,Sáb,31/08/2019,15:00,Newcastle Utd,1,1,Watford,44157,St. James' Park,Graham Scott,Informe del partido,1,1
36,36,4,Sáb,31/08/2019,15:00,Manchester City,1.9,0.9,Brighton,54386,Etihad Stadium,Jonathan Moss,Informe del partido,4,0
37,37,4,Sáb,31/08/2019,17:30,Burnley,0.9,1,Liverpool,21762,Turf Moor,Chris Kavanagh,Informe del partido,0,3
38,38,4,Dom,01/09/2019,14:00,Everton,1.3,2,Wolves,39374,Goodison Park,Anthony Taylor,Informe del partido,3,2
39,39,4,Dom,01/09/2019,16:30,Arsenal,2.4,2,Tottenham,60333,Emirates Stadium,Martin Atkinson,Informe del partido,2,2
40,40,5,Sáb,14/09/2019,12:30,Liverpool,3,0.3,Newcastle Utd,51430,Anfield,Andre Marriner,Informe del partido,3,1
41,41,5,Sáb,14/09/2019,15:00,Wolves,1.7,2.7,Chelsea,31534,Molineux Stadium,Graham Scott,Informe del partido,2,5
42,42,5,Sáb,14/09/2019,15:00,Brighton,1.4,0.4,Burnley,29398,The American Express Community Stadium,Michael Oliver,Informe del partido,1,1
43,43,5,Sáb,14/09/2019,15:00,Tottenham,1,0.6,Crystal Palace,59812,Tottenham Hotspur Stadium,Craig Pawson,Informe del partido,4,0
44,44,5,Sáb,14/09/2019,15:00,Manchester Utd,1.2,0.6,Leicester City,73689,Old Trafford,Martin Atkinson,Informe del partido,1,0
45,45,5,Sáb,14/09/2019,15:00,Sheffield Utd,1.8,1.6,Southampton,30985,Bramall Lane,Lee Mason,Informe del partido,0,1
46,46,5,Sáb,14/09/2019,17:30,Norwich City,1.5,2.3,Manchester City,27035,Carrow Road,Kevin Friend,Informe del partido,3,2
47,47,5,Dom,15/09/2019,14:00,Bournemouth,1.4,1.5,Everton,10416,Vitality Stadium,Paul Tierney,Informe del partido,3,1
48,48,5,Dom,15/09/2019,16:30,Watford,2.7,0.8,Arsenal,21360,Vicarage Road Stadium,Anthony Taylor,Informe del partido,2,2
49,49,5,Lun,16/09/2019,20:00,Aston Villa,1.3,0.6,West Ham,42010,Villa Park,Mike Dean,Informe del partido,0,0
50,50,6,Vie,20/09/2019,20:00,Southampton,2.5,1.2,Bournemouth,30168,St. Mary's Stadium,Chris Kavanagh,Informe del partido,1,3
51,51,6,Sáb,21/09/2019,12:30,Leicester City,1.3,1.1,Tottenham,32129,King Power Stadium,Paul Tierney,Informe del partido,2,1
52,52,6,Sáb,21/09/2019,15:00,Manchester City,5.9,0.4,Watford,54273,Etihad Stadium,Mike Dean,Informe del partido,8,0
53,53,6,Sáb,21/09/2019,15:00,Everton,1,0.5,Sheffield Utd,39354,Goodison Park,Simon Hooper,Informe del partido,0,2
54,54,6,Sáb,21/09/2019,15:00,Burnley,2,0.8,Norwich City,19712,Turf Moor,David Coote,Informe del partido,2,0
55,55,6,Sáb,21/09/2019,17:30,Newcastle Utd,0.9,1.4,Brighton,43316,St. James' Park,Martin Atkinson,Informe del partido,0,0
56,56,6,Dom,22/09/2019,14:00,Crystal Palace,0.9,1.5,Wolves,25122,Selhurst Park,Stuart Attwell,Informe del partido,1,1
57,57,6,Dom,22/09/2019,14:00,West Ham,0.4,0.9,Manchester Utd,59936,London Stadium,Anthony Taylor,Informe del partido,2,0
58,58,6,Dom,22/09/2019,16:30,Chelsea,1.3,0.6,Liverpool,40638,Stamford Bridge,Michael Oliver,Informe del partido,1,2
59,59,6,Dom,22/09/2019,16:30,Arsenal,2.4,1.5,Aston Villa,60331,Emirates Stadium,Jonathan Moss,Informe del partido,3,2
60,60,7,Sáb,28/09/2019,12:30,Sheffield Utd,1.3,1.9,Liverpool,31774,Bramall Lane,Anthony Taylor,Informe del partido,0,1
61,61,7,Sáb,28/09/2019,15:00,Chelsea,3.7,0.6,Brighton,40683,Stamford Bridge,Chris Kavanagh,Informe del partido,2,0
62,62,7,Sáb,28/09/2019,15:00,Tottenham,1,1.5,Southampton,59645,Tottenham Hotspur Stadium,Graham Scott,Informe del partido,2,1
63,63,7,Sáb,28/09/2019,15:00,Aston Villa,1,1.5,Burnley,41546,Villa Park,Lee Mason,Informe del partido,2,2
64,64,7,Sáb,28/09/2019,15:00,Crystal Palace,1.5,0.7,Norwich City,25477,Selhurst Park,Jonathan Moss,Informe del partido,2,0
65,65,7,Sáb,28/09/2019,15:00,Wolves,1.4,1.4,Watford,30711,Molineux Stadium,Paul Tierney,Informe del partido,2,0
66,66,7,Sáb,28/09/2019,15:00,Bournemouth,1.9,1.6,West Ham,10729,Vitality Stadium,Stuart Attwell,Informe del partido,2,2
67,67,7,Sáb,28/09/2019,17:30,Everton,2.4,2.8,Manchester City,39222,Goodison Park,Michael Oliver,Informe del partido,1,3
68,68,7,Dom,29/09/2019,16:30,Leicester City,1.6,0.1,Newcastle Utd,32168,King Power Stadium,Craig Pawson,Informe del partido,5,0
69,69,7,Lun,30/09/2019,20:00,Manchester Utd,0.9,1.9,Arsenal,73201,Old Trafford,Kevin Friend,Informe del partido,1,1
70,70,8,Sáb,05/10/2019,12:30,Brighton,2.4,0.4,Tottenham,30610,The American Express Community Stadium,Jonathan Moss,Informe del partido,3,0
71,71,8,Sáb,05/10/2019,15:00,Watford,1.4,0.4,Sheffield Utd,20811,Vicarage Road Stadium,Andre Marriner,Informe del partido,0,0
72,72,8,Sáb,05/10/2019,15:00,Burnley,0.6,1.3,Everton,20650,Turf Moor,Graham Scott,Informe del partido,1,0
73,73,8,Sáb,05/10/2019,15:00,Liverpool,3.5,0.1,Leicester City,53322,Anfield,Chris Kavanagh,Informe del partido,2,1
74,74,8,Sáb,05/10/2019,15:00,Norwich City,2.6,3,Aston Villa,27045,Carrow Road,Andy Madley,Informe del partido,1,5
75,75,8,Sáb,05/10/2019,17:30,West Ham,1.4,2.1,Crystal Palace,59912,London Stadium,Michael Oliver,Informe del partido,1,2
76,76,8,Dom,06/10/2019,14:00,Manchester City,1.4,1,Wolves,54435,Etihad Stadium,Craig Pawson,Informe del partido,0,2
77,77,8,Dom,06/10/2019,14:00,Southampton,1.4,1.7,Chelsea,31473,St. Mary's Stadium,Paul Tierney,Informe del partido,1,4
78,78,8,Dom,06/10/2019,14:00,Arsenal,1.2,0.6,Bournemouth,60326,Emirates Stadium,Martin Atkinson,Informe del partido,1,0
79,79,8,Dom,06/10/2019,16:30,Newcastle Utd,0.8,0.9,Manchester Utd,51198,St. James' Park,Mike Dean,Informe del partido,1,0
80,80,9,Sáb,19/10/2019,12:30,Everton,2.1,0.8,West Ham,39263,Goodison Park,Paul Tierney,Informe del partido,2,0
81,81,9,Sáb,19/10/2019,15:00,Aston Villa,3,1.2,Brighton,41826,Villa Park,David Coote,Informe del partido,2,1
82,82,9,Sáb,19/10/2019,15:00,Leicester City,1,1.5,Burnley,32105,King Power Stadium,Jonathan Moss,Informe del partido,2,1
83,83,9,Sáb,19/10/2019,15:00,Tottenham,1,0.7,Watford,58754,Tottenham Hotspur Stadium,Chris Kavanagh,Informe del partido,1,1
84,84,9,Sáb,19/10/2019,15:00,Wolves,0.9,1.4,Southampton,30915,Molineux Stadium,Peter Bankes,Informe del partido,1,1
85,85,9,Sáb,19/10/2019,15:00,Chelsea,2,0.4,Newcastle Utd,40513,Stamford Bridge,Andre Marriner,Informe del partido,1,0
86,86,9,Sáb,19/10/2019,15:00,Bournemouth,0.7,0.4,Norwich City,10669,Vitality Stadium,Lee Mason,Informe del partido,0,0
87,87,9,Sáb,19/10/2019,17:30,Crystal Palace,0.9,3.5,Manchester City,25480,Selhurst Park,Anthony Taylor,Informe del partido,0,2
88,88,9,Dom,20/10/2019,16:30,Manchester Utd,0.7,1.2,Liverpool,73737,Old Trafford,Martin Atkinson,Informe del partido,1,1
89,89,9,Lun,21/10/2019,20:00,Sheffield Utd,0.9,1,Arsenal,30775,Bramall Lane,Mike Dean,Informe del partido,1,0
90,90,10,Vie,25/10/2019,20:00,Southampton,0.3,4.6,Leicester City,28762,St. Mary's Stadium,Andre Marriner,Informe del partido,0,9
91,91,10,Sáb,26/10/2019,12:30,Manchester City,2.9,1,Aston Villa,54506,Etihad Stadium,Graham Scott,Informe del partido,3,0
92,92,10,Sáb,26/10/2019,15:00,Watford,0.8,1,Bournemouth,20821,Vicarage Road Stadium,Mike Dean,Informe del partido,0,0
93,93,10,Sáb,26/10/2019,15:00,West Ham,2.3,1,Sheffield Utd,59878,London Stadium,David Coote,Informe del partido,1,1
94,94,10,Sáb,26/10/2019,15:00,Brighton,1.2,0.9,Everton,30529,The American Express Community Stadium,Andy Madley,Informe del partido,3,2
95,95,10,Sáb,26/10/2019,17:30,Burnley,2.1,0.9,Chelsea,20975,Turf Moor,Michael Oliver,Informe del partido,2,4
96,96,10,Dom,27/10/2019,14:00,Newcastle Utd,1,2.1,Wolves,46019,St. James' Park,Kevin Friend,Informe del partido,1,1
97,97,10,Dom,27/10/2019,16:30,Arsenal,1.3,1.6,Crystal Palace,60345,Emirates Stadium,Martin Atkinson,Informe del partido,2,2
98,98,10,Dom,27/10/2019,16:30,Liverpool,2.6,1.2,Tottenham,53222,Anfield,Anthony Taylor,Informe del partido,2,1
99,99,10,Dom,27/10/2019,16:30,Norwich City,1,4.2,Manchester Utd,27108,Carrow Road,Stuart Attwell,Informe del partido,1,3
100,100,11,Sáb,02/11/2019,12:30,Bournemouth,1.9,0.8,Manchester Utd,10669,Vitality Stadium,Chris Kavanagh,Informe del partido,1,0
101,101,11,Sáb,02/11/2019,15:00,Sheffield Utd,2.3,0.8,Burnley,31131,Bramall Lane,Simon Hooper,Informe del partido,3,0
102,102,11,Sáb,02/11/2019,15:00,Brighton,2.7,0.4,Norwich City,30539,The American Express Community Stadium,Kevin Friend,Informe del partido,2,0
103,103,11,Sáb,02/11/2019,15:00,Aston Villa,0.4,2.4,Liverpool,41878,Villa Park,Jonathan Moss,Informe del partido,1,2
104,104,11,Sáb,02/11/2019,15:00,Arsenal,0.9,1.8,Wolves,60383,Emirates Stadium,Michael Oliver,Informe del partido,1,1
105,105,11,Sáb,02/11/2019,15:00,West Ham,1.8,1.5,Newcastle Utd,59907,London Stadium,Stuart Attwell,Informe del partido,2,3
106,106,11,Sáb,02/11/2019,15:00,Manchester City,2.9,0.9,Southampton,53922,Etihad Stadium,Lee Mason,Informe del partido,2,1
107,107,11,Sáb,02/11/2019,17:30,Watford,1.3,2.1,Chelsea,21011,Vicarage Road Stadium,Anthony Taylor,Informe del partido,1,2
108,108,11,Dom,03/11/2019,14:00,Crystal Palace,0.5,1.1,Leicester City,25480,Selhurst Park,Paul Tierney,Informe del partido,0,2
109,109,11,Dom,03/11/2019,16:30,Everton,1.1,0.6,Tottenham,39001,Goodison Park,Martin Atkinson,Informe del partido,1,1
110,110,12,Vie,08/11/2019,20:00,Norwich City,0.7,1.3,Watford,27074,Carrow Road,Andre Marriner,Informe del partido,0,2
111,111,12,Sáb,09/11/2019,12:30,Chelsea,3.6,0.2,Crystal Palace,40525,Stamford Bridge,Mike Dean,Informe del partido,2,0
112,112,12,Sáb,09/11/2019,15:00,Southampton,0.9,1.8,Everton,29754,St. Mary's Stadium,Paul Tierney,Informe del partido,1,2
113,113,12,Sáb,09/11/2019,15:00,Burnley,2.1,0.5,West Ham,20255,Turf Moor,Kevin Friend,Informe del partido,3,0
114,114,12,Sáb,09/11/2019,15:00,Newcastle Utd,2.4,1.8,Bournemouth,44424,St. James' Park,Martin Atkinson,Informe del partido,2,1
115,115,12,Sáb,09/11/2019,15:00,Tottenham,1.8,0.9,Sheffield Utd,59781,Tottenham Hotspur Stadium,Graham Scott,Informe del partido,1,1
116,116,12,Sáb,09/11/2019,17:30,Leicester City,1.2,1,Arsenal,32209,King Power Stadium,Chris Kavanagh,Informe del partido,2,0
117,117,12,Dom,10/11/2019,14:00,Manchester Utd,3.6,0.8,Brighton,73556,Old Trafford,Jonathan Moss,Informe del partido,3,1
118,118,12,Dom,10/11/2019,14:00,Wolves,2.4,0.6,Aston Villa,31607,Molineux Stadium,Anthony Taylor,Informe del partido,2,1
119,119,12,Dom,10/11/2019,16:30,Liverpool,1.1,1.3,Manchester City,53324,Anfield,Michael Oliver,Informe del partido,3,1
120,120,13,Sáb,23/11/2019,12:30,West Ham,0.7,2.1,Tottenham,59930,London Stadium,Michael Oliver,Informe del partido,2,3
121,121,13,Sáb,23/11/2019,15:00,Crystal Palace,1,1.4,Liverpool,25486,Selhurst Park,Kevin Friend,Informe del partido,1,2
122,122,13,Sáb,23/11/2019,15:00,Arsenal,1.8,2.4,Southampton,60295,Emirates Stadium,Stuart Attwell,Informe del partido,2,2
123,123,13,Sáb,23/11/2019,15:00,Bournemouth,0.6,1.1,Wolves,10539,Vitality Stadium,Simon Hooper,Informe del partido,1,2
124,124,13,Sáb,23/11/2019,15:00,Everton,0.9,1.7,Norwich City,39241,Goodison Park,Anthony Taylor,Informe del partido,0,2
125,125,13,Sáb,23/11/2019,15:00,Brighton,0.6,3.6,Leicester City,30640,The American Express Community Stadium,Mike Dean,Informe del partido,0,2
126,126,13,Sáb,23/11/2019,15:00,Watford,1,1.9,Burnley,19711,Vicarage Road Stadium,Paul Tierney,Informe del partido,0,3
127,127,13,Sáb,23/11/2019,17:30,Manchester City,1,0.9,Chelsea,54486,Etihad Stadium,Martin Atkinson,Informe del partido,2,1
128,128,13,Dom,24/11/2019,16:30,Sheffield Utd,1.3,1.3,Manchester Utd,32024,Bramall Lane,Andre Marriner,Informe del partido,3,3
129,129,13,Lun,25/11/2019,20:00,Aston Villa,2.3,0.6,Newcastle Utd,41821,Villa Park,Lee Mason,Informe del partido,2,0
130,130,14,Sáb,30/11/2019,12:30,Newcastle Utd,0.3,2.4,Manchester City,49937,St. James' Park,Chris Kavanagh,Informe del partido,2,2
131,131,14,Sáb,30/11/2019,15:00,Tottenham,2.3,1.1,Bournemouth,59626,Tottenham Hotspur Stadium,Lee Mason,Informe del partido,3,2
132,132,14,Sáb,30/11/2019,15:00,Liverpool,1.3,0.8,Brighton,53319,Anfield,Martin Atkinson,Informe del partido,2,1
133,133,14,Sáb,30/11/2019,15:00,Burnley,1.9,0.7,Crystal Palace,19818,Turf Moor,Peter Bankes,Informe del partido,0,2
134,134,14,Sáb,30/11/2019,15:00,Chelsea,2.3,0.9,West Ham,40595,Stamford Bridge,Jonathan Moss,Informe del partido,0,1
135,135,14,Sáb,30/11/2019,17:30,Southampton,2.1,0.6,Watford,26929,St. Mary's Stadium,Michael Oliver,Informe del partido,2,1
136,136,14,Dom,01/12/2019,14:00,Norwich City,0.8,1.9,Arsenal,27067,Carrow Road,Paul Tierney,Informe del partido,2,2
137,137,14,Dom,01/12/2019,14:00,Wolves,1.3,1.5,Sheffield Utd,31642,Molineux Stadium,David Coote,Informe del partido,1,1
138,138,14,Dom,01/12/2019,16:30,Leicester City,2.2,1.1,Everton,32144,King Power Stadium,Graham Scott,Informe del partido,2,1
139,139,14,Dom,01/12/2019,16:30,Manchester Utd,1.7,1.2,Aston Villa,73381,Old Trafford,Craig Pawson,Informe del partido,2,2
140,140,15,Mar,03/12/2019,19:30,Crystal Palace,0.3,0.4,Bournemouth,23497,Selhurst Park,Anthony Taylor,Informe del partido,1,0
141,141,15,Mar,03/12/2019,20:15,Burnley,0.6,2.2,Manchester City,20101,Turf Moor,Jonathan Moss,Informe del partido,1,4
142,142,15,Mié,04/12/2019,19:30,Wolves,1.5,0.6,West Ham,31217,Molineux Stadium,Andre Marriner,Informe del partido,2,0
143,143,15,Mié,04/12/2019,19:30,Southampton,1.7,0.9,Norwich City,27019,St. Mary's Stadium,Kevin Friend,Informe del partido,2,1
144,144,15,Mié,04/12/2019,19:30,Chelsea,1.8,1,Aston Villa,40628,Stamford Bridge,Chris Kavanagh,Informe del partido,2,1
145,145,15,Mié,04/12/2019,19:30,Manchester Utd,1.4,0.9,Tottenham,73252,Old Trafford,Paul Tierney,Informe del partido,2,1
146,146,15,Mié,04/12/2019,19:30,Leicester City,2.4,0.2,Watford,31763,King Power Stadium,Craig Pawson,Informe del partido,2,0
147,147,15,Mié,04/12/2019,20:15,Liverpool,2,1.5,Everton,53094,Anfield,Mike Dean,Informe del partido,5,2
148,148,15,Jue,05/12/2019,19:30,Sheffield Utd,1.1,0.5,Newcastle Utd,30409,Bramall Lane,Stuart Attwell,Informe del partido,0,2
149,149,15,Jue,05/12/2019,20:15,Arsenal,0.9,1.7,Brighton,60164,Emirates Stadium,Graham Scott,Informe del partido,1,2
150,150,16,Sáb,07/12/2019,12:30,Everton,1.8,1.1,Chelsea,39114,Goodison Park,Craig Pawson,Informe del partido,3,1
151,151,16,Sáb,07/12/2019,15:00,Tottenham,2.6,0.9,Burnley,58401,Tottenham Hotspur Stadium,Kevin Friend,Informe del partido,5,0
152,152,16,Sáb,07/12/2019,15:00,Watford,1.4,0.2,Crystal Palace,20070,Vicarage Road Stadium,Martin Atkinson,Informe del partido,0,0
153,153,16,Sáb,07/12/2019,15:00,Bournemouth,0.1,2.4,Liverpool,10832,Vitality Stadium,Chris Kavanagh,Informe del partido,0,3
154,154,16,Sáb,07/12/2019,17:30,Manchester City,2.2,1.4,Manchester Utd,54403,Etihad Stadium,Anthony Taylor,Informe del partido,1,2
155,155,16,Dom,08/12/2019,14:00,Norwich City,0.7,0.8,Sheffield Utd,26881,Carrow Road,Simon Hooper,Informe del partido,1,2
156,156,16,Dom,08/12/2019,14:00,Aston Villa,1.2,4.6,Leicester City,41908,Villa Park,Michael Oliver,Informe del partido,1,4
157,157,16,Dom,08/12/2019,14:00,Newcastle Utd,0.9,1.7,Southampton,42303,St. James' Park,David Coote,Informe del partido,2,1
158,158,16,Dom,08/12/2019,16:30,Brighton,1.2,1.5,Wolves,30189,The American Express Community Stadium,Jonathan Moss,Informe del partido,2,2
159,159,16,Lun,09/12/2019,20:00,West Ham,0.6,1.4,Arsenal,59936,London Stadium,Mike Dean,Informe del partido,1,3
160,160,17,Sáb,14/12/2019,12:30,Liverpool,1.4,1,Watford,53311,Anfield,Andre Marriner,Informe del partido,2,0
161,161,17,Sáb,14/12/2019,15:00,Leicester City,1.1,1.1,Norwich City,32101,King Power Stadium,Andy Madley,Informe del partido,1,1
162,162,17,Sáb,14/12/2019,15:00,Burnley,1.4,1,Newcastle Utd,19798,Turf Moor,Tim Robinson,Informe del partido,1,0
163,163,17,Sáb,14/12/2019,15:00,Sheffield Utd,1.7,1.1,Aston Villa,30396,Bramall Lane,Peter Bankes,Informe del partido,2,0
164,164,17,Sáb,14/12/2019,15:00,Chelsea,2.1,1,Bournemouth,40243,Stamford Bridge,Graham Scott,Informe del partido,0,1
165,165,17,Sáb,14/12/2019,17:30,Southampton,0.9,0.9,West Ham,27701,St. Mary's Stadium,Martin Atkinson,Informe del partido,0,1
166,166,17,Dom,15/12/2019,14:00,Manchester Utd,1.4,0.3,Everton,63328,Old Trafford,Michael Oliver,Informe del partido,1,1
167,167,17,Dom,15/12/2019,14:00,Wolves,0.9,0.9,Tottenham,31674,Molineux Stadium,Stuart Attwell,Informe del partido,1,2
168,168,17,Dom,15/12/2019,16:30,Arsenal,0.5,1.3,Manchester City,60031,Emirates Stadium,Paul Tierney,Informe del partido,0,3
169,169,17,Lun,16/12/2019,19:45,Crystal Palace,0.7,2.3,Brighton,24175,Selhurst Park,Craig Pawson,Informe del partido,1,1
170,170,18,Sáb,21/12/2019,12:30,Everton,0.5,0.6,Arsenal,39336,Goodison Park,Kevin Friend,Informe del partido,0,0
171,171,18,Sáb,21/12/2019,15:00,Norwich City,1.3,1.4,Wolves,27053,Carrow Road,Peter Bankes,Informe del partido,1,2
172,172,18,Sáb,21/12/2019,15:00,Brighton,0.5,1.3,Sheffield Utd,30505,The American Express Community Stadium,Robert Jones,Informe del partido,0,1
173,173,18,Sáb,21/12/2019,15:00,Newcastle Utd,0.5,1.3,Crystal Palace,45453,St. James' Park,Simon Hooper,Informe del partido,1,0
174,174,18,Sáb,21/12/2019,15:00,Aston Villa,1.1,2.8,Southampton,41834,Villa Park,Craig Pawson,Informe del partido,1,3
175,175,18,Sáb,21/12/2019,15:00,Bournemouth,0.1,0.2,Burnley,10020,Vitality Stadium,Martin Atkinson,Informe del partido,0,1
176,176,18,Sáb,21/12/2019,17:30,Manchester City,3.3,1.1,Leicester City,54415,Etihad Stadium,Mike Dean,Informe del partido,3,1
177,177,18,Dom,22/12/2019,14:00,Watford,1.5,1.8,Manchester Utd,21488,Vicarage Road Stadium,Lee Mason,Informe del partido,2,0
178,178,18,Dom,22/12/2019,16:30,Tottenham,0.3,1.3,Chelsea,61104,Tottenham Hotspur Stadium,Anthony Taylor,Informe del partido,0,2
179,179,19,Jue,26/12/2019,12:30,Tottenham,0.8,1,Brighton,56308,Tottenham Hotspur Stadium,Graham Scott,Informe del partido,2,1
180,180,19,Jue,26/12/2019,15:00,Aston Villa,0.6,1.2,Norwich City,41289,Villa Park,Chris Kavanagh,Informe del partido,1,0
181,181,19,Jue,26/12/2019,15:00,Crystal Palace,2.7,0.9,West Ham,25462,Selhurst Park,Andre Marriner,Informe del partido,2,1
182,182,19,Jue,26/12/2019,15:00,Bournemouth,2,1.4,Arsenal,10234,Vitality Stadium,Stuart Attwell,Informe del partido,1,1
183,183,19,Jue,26/12/2019,15:00,Sheffield Utd,2.4,0.6,Watford,30222,Bramall Lane,David Coote,Informe del partido,1,1
184,184,19,Jue,26/12/2019,15:00,Everton,1.4,0.3,Burnley,39177,Goodison Park,Anthony Taylor,Informe del partido,1,0
185,185,19,Jue,26/12/2019,15:00,Chelsea,0.7,1.1,Southampton,40651,Stamford Bridge,Jonathan Moss,Informe del partido,0,2
186,186,19,Jue,26/12/2019,17:30,Manchester Utd,1.9,0.8,Newcastle Utd,73206,Old Trafford,Kevin Friend,Informe del partido,4,1
187,187,19,Jue,26/12/2019,20:00,Leicester City,0.1,3.2,Liverpool,32211,King Power Stadium,Michael Oliver,Informe del partido,0,4
188,188,19,Vie,27/12/2019,19:45,Wolves,2.6,1.5,Manchester City,31737,Molineux Stadium,Martin Atkinson,Informe del partido,3,2
189,189,20,Sáb,28/12/2019,12:30,Brighton,0.8,0.5,Bournemouth,30441,The American Express Community Stadium,Paul Tierney,Informe del partido,2,0
190,190,20,Sáb,28/12/2019,15:00,Watford,2.8,0.6,Aston Villa,21348,Vicarage Road Stadium,Simon Hooper,Informe del partido,3,0
191,191,20,Sáb,28/12/2019,15:00,Newcastle Utd,1.8,2.9,Everton,52211,St. James' Park,Lee Mason,Informe del partido,1,2
192,192,20,Sáb,28/12/2019,15:00,Southampton,1.4,0.3,Crystal Palace,31108,St. Mary's Stadium,Andy Madley,Informe del partido,1,1
193,193,20,Sáb,28/12/2019,17:30,West Ham,1,2.5,Leicester City,59919,London Stadium,David Coote,Informe del partido,1,2
194,194,20,Sáb,28/12/2019,17:30,Norwich City,0.2,1.9,Tottenham,27072,Carrow Road,Kevin Friend,Informe del partido,2,2
195,195,20,Sáb,28/12/2019,19:45,Burnley,0.5,2.2,Manchester Utd,21924,Turf Moor,Mike Dean,Informe del partido,0,2
196,196,20,Dom,29/12/2019,14:00,Arsenal,0.5,1.4,Chelsea,60309,Emirates Stadium,Craig Pawson,Informe del partido,1,2
197,197,20,Dom,29/12/2019,16:30,Liverpool,1.2,0.5,Wolves,53326,Anfield,Anthony Taylor,Informe del partido,1,0
198,198,20,Dom,29/12/2019,18:00,Manchester City,1.1,1.1,Sheffield Utd,54512,Etihad Stadium,Chris Kavanagh,Informe del partido,2,0
199,199,21,Mié,01/01/2020,12:30,Brighton,1.3,1.3,Chelsea,30559,The American Express Community Stadium,Stuart Attwell,Informe del partido,1,1
200,200,21,Mié,01/01/2020,12:30,Burnley,2.2,1.3,Aston Villa,19561,Turf Moor,Michael Oliver,Informe del partido,1,2
201,201,21,Mié,01/01/2020,15:00,Newcastle Utd,0.7,2.6,Leicester City,52178,St. James' Park,Martin Atkinson,Informe del partido,0,3
202,202,21,Mié,01/01/2020,15:00,Southampton,1.3,0.9,Tottenham,30976,St. Mary's Stadium,Mike Dean,Informe del partido,1,0
203,203,21,Mié,01/01/2020,15:00,Watford,1.1,1.2,Wolves,20584,Vicarage Road Stadium,Andy Madley,Informe del partido,2,1
204,204,21,Mié,01/01/2020,17:30,Norwich City,1.4,1.3,Crystal Palace,27021,Carrow Road,Jonathan Moss,Informe del partido,1,1
205,205,21,Mié,01/01/2020,17:30,West Ham,2.4,0.6,Bournemouth,59917,London Stadium,Graham Scott,Informe del partido,4,0
206,206,21,Mié,01/01/2020,17:30,Manchester City,1.5,1,Everton,54407,Etihad Stadium,Andre Marriner,Informe del partido,2,1
207,207,21,Mié,01/01/2020,20:00,Arsenal,1.5,0.7,Manchester Utd,60328,Emirates Stadium,Chris Kavanagh,Informe del partido,2,0
208,208,21,Jue,02/01/2020,20:00,Liverpool,2.8,0.6,Sheffield Utd,53321,Anfield,Paul Tierney,Informe del partido,2,0
209,209,22,Vie,10/01/2020,20:00,Sheffield Utd,1.4,0.7,West Ham,30124,Bramall Lane,Michael Oliver,Informe del partido,1,0
210,210,22,Sáb,11/01/2020,12:30,Crystal Palace,0.6,1.4,Arsenal,25468,Selhurst Park,Paul Tierney,Informe del partido,1,1
211,211,22,Sáb,11/01/2020,15:00,Chelsea,2.7,0.8,Burnley,40396,Stamford Bridge,Kevin Friend,Informe del partido,3,0
212,212,22,Sáb,11/01/2020,15:00,Everton,1.7,1.3,Brighton,38772,Goodison Park,David Coote,Informe del partido,1,0
213,213,22,Sáb,11/01/2020,15:00,Leicester City,0.7,2.1,Southampton,32115,King Power Stadium,Lee Mason,Informe del partido,1,2
214,214,22,Sáb,11/01/2020,15:00,Wolves,1.6,0.2,Newcastle Utd,31570,Molineux Stadium,Peter Bankes,Informe del partido,1,1
215,215,22,Sáb,11/01/2020,15:00,Manchester Utd,2.9,0.3,Norwich City,73271,Old Trafford,Anthony Taylor,Informe del partido,4,0
216,216,22,Sáb,11/01/2020,17:30,Tottenham,1.2,1.2,Liverpool,61023,Tottenham Hotspur Stadium,Martin Atkinson,Informe del partido,0,1
217,217,22,Dom,12/01/2020,14:00,Bournemouth,0.4,2,Watford,10384,Vitality Stadium,Mike Dean,Informe del partido,0,3
218,218,22,Dom,12/01/2020,16:30,Aston Villa,1.1,2.8,Manchester City,41823,Villa Park,Jonathan Moss,Informe del partido,1,6
219,219,23,Sáb,18/01/2020,12:30,Watford,2.5,1.9,Tottenham,21366,Vicarage Road Stadium,Michael Oliver,Informe del partido,0,0
220,220,23,Sáb,18/01/2020,15:00,Arsenal,1.4,0.8,Sheffield Utd,60310,Emirates Stadium,Mike Dean,Informe del partido,1,1
221,221,23,Sáb,18/01/2020,15:00,Norwich City,1.8,0.7,Bournemouth,26781,Carrow Road,Paul Tierney,Informe del partido,1,0
222,222,23,Sáb,18/01/2020,15:00,Manchester City,2.6,0.4,Crystal Palace,54439,Etihad Stadium,Graham Scott,Informe del partido,2,2
223,223,23,Sáb,18/01/2020,15:00,Southampton,0.7,2.4,Wolves,31152,St. Mary's Stadium,Darren England,Informe del partido,2,3
224,224,23,Sáb,18/01/2020,15:00,Brighton,1.1,0.6,Aston Villa,30551,The American Express Community Stadium,Andy Madley,Informe del partido,1,1
225,225,23,Sáb,18/01/2020,15:00,West Ham,1.3,1.7,Everton,59915,London Stadium,Andre Marriner,Informe del partido,1,1
226,226,23,Sáb,18/01/2020,17:30,Newcastle Utd,0.6,2.4,Chelsea,52217,St. James' Park,Chris Kavanagh,Informe del partido,1,0
227,227,23,Dom,19/01/2020,14:00,Burnley,1.4,2.5,Leicester City,19788,Turf Moor,Anthony Taylor,Informe del partido,2,1
228,228,23,Dom,19/01/2020,16:30,Liverpool,1.9,1.3,Manchester Utd,52916,Anfield,Craig Pawson,Informe del partido,2,0
229,229,24,Mar,21/01/2020,19:30,Crystal Palace,0.6,1.1,Southampton,23739,Selhurst Park,Andre Marriner,Informe del partido,0,2
230,230,24,Mar,21/01/2020,19:30,Everton,1.8,1.3,Newcastle Utd,38822,Goodison Park,Simon Hooper,Informe del partido,2,2
231,231,24,Mar,21/01/2020,19:30,Aston Villa,1.3,1.8,Watford,40867,Villa Park,Martin Atkinson,Informe del partido,2,1
232,232,24,Mar,21/01/2020,19:30,Sheffield Utd,0.8,2.8,Manchester City,31285,Bramall Lane,Lee Mason,Informe del partido,0,1
233,233,24,Mar,21/01/2020,19:30,Bournemouth,1.4,1.8,Brighton,10065,Vitality Stadium,Kevin Friend,Informe del partido,3,1
234,234,24,Mar,21/01/2020,20:15,Chelsea,2.9,0.4,Arsenal,40577,Stamford Bridge,Stuart Attwell,Informe del partido,2,2
235,235,24,Mié,22/01/2020,19:30,Leicester City,2.8,1.6,West Ham,31968,King Power Stadium,David Coote,Informe del partido,4,1
236,236,24,Mié,22/01/2020,19:30,Tottenham,2.1,1.5,Norwich City,58182,Tottenham Hotspur Stadium,Chris Kavanagh,Informe del partido,2,1
237,237,24,Mié,22/01/2020,20:15,Manchester Utd,1.4,0.6,Burnley,73198,Old Trafford,Jonathan Moss,Informe del partido,0,2
238,238,24,Jue,23/01/2020,20:00,Wolves,1.8,1.1,Liverpool,31746,Molineux Stadium,Michael Oliver,Informe del partido,1,2
239,239,18,Mié,29/01/2020,19:45,West Ham,0.7,2.8,Liverpool,59959,London Stadium,Jonathan Moss,Informe del partido,0,2
240,240,25,Sáb,01/02/2020,12:30,Leicester City,1.4,0.6,Chelsea,32186,King Power Stadium,Lee Mason,Informe del partido,2,2
241,241,25,Sáb,01/02/2020,15:00,West Ham,0.8,1.9,Brighton,59952,London Stadium,Michael Oliver,Informe del partido,3,3
242,242,25,Sáb,01/02/2020,15:00,Watford,0.9,2.2,Everton,21229,Vicarage Road Stadium,Craig Pawson,Informe del partido,2,3
243,243,25,Sáb,01/02/2020,15:00,Crystal Palace,0.8,0.7,Sheffield Utd,25170,Selhurst Park,Andy Madley,Informe del partido,0,1
244,244,25,Sáb,01/02/2020,15:00,Liverpool,3.2,0.8,Southampton,53291,Anfield,Kevin Friend,Informe del partido,4,0
245,245,25,Sáb,01/02/2020,15:00,Bournemouth,2.2,1.7,Aston Villa,10722,Vitality Stadium,Anthony Taylor,Informe del partido,2,1
246,246,25,Sáb,01/02/2020,15:00,Newcastle Utd,1,2.2,Norwich City,52204,St. James' Park,Martin Atkinson,Informe del partido,0,0
247,247,25,Sáb,01/02/2020,17:30,Manchester Utd,1,1.3,Wolves,73363,Old Trafford,Paul Tierney,Informe del partido,0,0
248,248,25,Dom,02/02/2020,14:00,Burnley,1.9,1.2,Arsenal,21048,Turf Moor,Chris Kavanagh,Informe del partido,0,0
249,249,25,Dom,02/02/2020,16:30,Tottenham,0.3,2.4,Manchester City,61022,Tottenham Hotspur Stadium,Mike Dean,Informe del partido,2,0
250,250,26,Sáb,08/02/2020,12:30,Everton,2.5,1.1,Crystal Palace,38987,Goodison Park,David Coote,Informe del partido,3,1
251,251,26,Sáb,08/02/2020,17:30,Brighton,0.8,0.2,Watford,30443,The American Express Community Stadium,Kevin Friend,Informe del partido,1,1
252,252,26,Dom,09/02/2020,14:00,Sheffield Utd,1.9,1.4,Bournemouth,30361,Bramall Lane,Jonathan Moss,Informe del partido,2,1
253,253,26,Vie,14/02/2020,20:00,Wolves,1,0.7,Leicester City,31682,Molineux Stadium,Mike Dean,Informe del partido,0,0
254,254,26,Sáb,15/02/2020,12:30,Southampton,0.8,0.8,Burnley,26302,St. Mary's Stadium,Simon Hooper,Informe del partido,1,2
255,255,26,Sáb,15/02/2020,17:30,Norwich City,0.3,2,Liverpool,27110,Carrow Road,Stuart Attwell,Informe del partido,0,1
256,256,26,Dom,16/02/2020,14:00,Aston Villa,1.8,3.4,Tottenham,41874,Villa Park,Martin Atkinson,Informe del partido,2,3
257,257,26,Dom,16/02/2020,16:30,Arsenal,2.6,0.9,Newcastle Utd,60188,Emirates Stadium,Lee Mason,Informe del partido,4,0
258,258,26,Lun,17/02/2020,20:00,Chelsea,0.9,0.6,Manchester Utd,40504,Stamford Bridge,Anthony Taylor,Informe del partido,0,2
259,259,26,Mié,19/02/2020,19:30,Manchester City,2.1,0.1,West Ham,52159,Etihad Stadium,Kevin Friend,Informe del partido,2,0
260,260,27,Sáb,22/02/2020,12:30,Chelsea,1.7,0.2,Tottenham,40608,Stamford Bridge,Michael Oliver,Informe del partido,2,1
261,261,27,Sáb,22/02/2020,15:00,Crystal Palace,1.6,0.2,Newcastle Utd,25486,Selhurst Park,Peter Bankes,Informe del partido,1,0
262,262,27,Sáb,22/02/2020,15:00,Southampton,2.6,0.5,Aston Villa,31478,St. Mary's Stadium,Craig Pawson,Informe del partido,2,0
263,263,27,Sáb,22/02/2020,15:00,Burnley,3.2,1.8,Bournemouth,18227,Turf Moor,Mike Dean,Informe del partido,3,0
264,264,27,Sáb,22/02/2020,15:00,Sheffield Utd,1.6,1.2,Brighton,31888,Bramall Lane,Graham Scott,Informe del partido,1,1
265,265,27,Sáb,22/02/2020,17:30,Leicester City,0.8,2.4,Manchester City,32068,King Power Stadium,Paul Tierney,Informe del partido,0,1
266,266,27,Dom,23/02/2020,14:00,Wolves,2.9,0.4,Norwich City,31046,Molineux Stadium,Chris Kavanagh,Informe del partido,3,0
267,267,27,Dom,23/02/2020,14:00,Manchester Utd,2.4,0.3,Watford,73347,Old Trafford,Martin Atkinson,Informe del partido,3,0
268,268,27,Dom,23/02/2020,16:30,Arsenal,1.3,2.7,Everton,60296,Emirates Stadium,Stuart Attwell,Informe del partido,3,2
269,269,27,Lun,24/02/2020,20:00,Liverpool,2.4,0.7,West Ham,53313,Anfield,Jonathan Moss,Informe del partido,3,2
270,270,28,Vie,28/02/2020,20:00,Norwich City,0.6,1.3,Leicester City,27010,Carrow Road,Craig Pawson,Informe del partido,1,0
271,271,28,Sáb,29/02/2020,12:30,Brighton,2.2,2.5,Crystal Palace,30124,The American Express Community Stadium,Martin Atkinson,Informe del partido,0,1
272,272,28,Sáb,29/02/2020,15:00,West Ham,2.3,0.7,Southampton,59962,London Stadium,Anthony Taylor,Informe del partido,3,1
273,273,28,Sáb,29/02/2020,15:00,Bournemouth,1.4,1.9,Chelsea,10667,Vitality Stadium,Andre Marriner,Informe del partido,2,2
274,274,28,Sáb,29/02/2020,15:00,Newcastle Utd,1.1,0.7,Burnley,52219,St. James' Park,Andy Madley,Informe del partido,0,0
275,275,28,Sáb,29/02/2020,17:30,Watford,2.3,0.3,Liverpool,21634,Vicarage Road Stadium,Michael Oliver,Informe del partido,3,0
276,276,28,Dom,01/03/2020,14:00,Tottenham,1.7,2.6,Wolves,58064,Tottenham Hotspur Stadium,Stuart Attwell,Informe del partido,2,3
277,277,28,Dom,01/03/2020,14:00,Everton,2.1,1.1,Manchester Utd,39374,Goodison Park,Chris Kavanagh,Informe del partido,1,1
278,278,29,Sáb,07/03/2020,12:30,Liverpool,1.8,1.4,Bournemouth,53323,Anfield,Paul Tierney,Informe del partido,2,1
279,279,29,Sáb,07/03/2020,15:00,Wolves,0.8,0.3,Brighton,31490,Molineux Stadium,Andre Marriner,Informe del partido,0,0
280,280,29,Sáb,07/03/2020,15:00,Crystal Palace,0.8,0.6,Watford,25461,Selhurst Park,Anthony Taylor,Informe del partido,1,0
281,281,29,Sáb,07/03/2020,15:00,Southampton,0.6,2.8,Newcastle Utd,30096,St. Mary's Stadium,Graham Scott,Informe del partido,0,1
282,282,29,Sáb,07/03/2020,15:00,Arsenal,1.2,1.5,West Ham,60335,Emirates Stadium,Martin Atkinson,Informe del partido,1,0
283,283,29,Sáb,07/03/2020,15:00,Sheffield Utd,0.9,2.4,Norwich City,31379,Bramall Lane,Simon Hooper,Informe del partido,1,0
284,284,29,Sáb,07/03/2020,17:30,Burnley,3,1.2,Tottenham,20496,Turf Moor,Jonathan Moss,Informe del partido,1,1
285,285,29,Dom,08/03/2020,14:00,Chelsea,1.8,0.5,Everton,40694,Stamford Bridge,Kevin Friend,Informe del partido,4,0
286,286,29,Dom,08/03/2020,16:30,Manchester Utd,1.6,0.6,Manchester City,73288,Old Trafford,Mike Dean,Informe del partido,2,0
287,287,29,Lun,09/03/2020,20:00,Leicester City,2.1,0.5,Aston Villa,32125,King Power Stadium,Michael Oliver,Informe del partido,4,0
288,288,28,Mié,17/06/2020,18:00,Aston Villa,1.4,0.3,Sheffield Utd,,Villa Park,Michael Oliver,Informe del partido,0,0
289,289,28,Mié,17/06/2020,20:15,Manchester City,2.6,0.3,Arsenal,,Etihad Stadium,Anthony Taylor,Informe del partido,3,0
290,290,30,Vie,19/06/2020,18:00,Norwich City,0.6,1.7,Southampton,,Carrow Road,Kevin Friend,Informe del partido,0,3
291,291,30,Vie,19/06/2020,20:15,Tottenham,0.4,1.7,Manchester Utd,,Tottenham Hotspur Stadium,Jonathan Moss,Informe del partido,1,1
292,292,30,Sáb,20/06/2020,12:30,Watford,1.3,1,Leicester City,,Vicarage Road Stadium,Craig Pawson,Informe del partido,1,1
293,293,30,Sáb,20/06/2020,15:00,Brighton,1,0.8,Arsenal,,The American Express Community Stadium,Martin Atkinson,Informe del partido,2,1
294,294,30,Sáb,20/06/2020,17:30,West Ham,0.5,1,Wolves,,London Stadium,Anthony Taylor,Informe del partido,0,2
295,295,30,Sáb,20/06/2020,19:45,Bournemouth,0.5,0.8,Crystal Palace,,Vitality Stadium,Stuart Attwell,Informe del partido,0,2
296,296,30,Dom,21/06/2020,14:00,Newcastle Utd,2,0.6,Sheffield Utd,,St. James' Park,David Coote,Informe del partido,3,0
297,297,30,Dom,21/06/2020,16:15,Aston Villa,1,1.1,Chelsea,,Villa Park,Paul Tierney,Informe del partido,1,2
298,298,30,Dom,21/06/2020,19:00,Everton,0.9,0.7,Liverpool,,Goodison Park,Mike Dean,Informe del partido,0,0
299,299,30,Lun,22/06/2020,20:00,Manchester City,2.4,0,Burnley,,Etihad Stadium,Andre Marriner,Informe del partido,5,0
300,300,31,Mar,23/06/2020,18:00,Leicester City,0.6,1.1,Brighton,,King Power Stadium,Lee Mason,Informe del partido,0,0
301,301,31,Mar,23/06/2020,20:15,Tottenham,2.3,1.2,West Ham,,Tottenham Hotspur Stadium,Craig Pawson,Informe del partido,2,0
302,302,31,Mié,24/06/2020,18:00,Norwich City,0.4,0.8,Everton,,Carrow Road,Andy Madley,Informe del partido,0,1
303,303,31,Mié,24/06/2020,18:00,Wolves,1.7,0.1,Bournemouth,,Molineux Stadium,Michael Oliver,Informe del partido,1,0
304,304,31,Mié,24/06/2020,18:00,Manchester Utd,2.4,0.1,Sheffield Utd,,Old Trafford,Anthony Taylor,Informe del partido,3,0
305,305,31,Mié,24/06/2020,18:00,Newcastle Utd,0.9,1.6,Aston Villa,,St. James' Park,Chris Kavanagh,Informe del partido,1,1
306,306,31,Mié,24/06/2020,20:15,Liverpool,2.4,0.1,Crystal Palace,,Anfield,Martin Atkinson,Informe del partido,4,0
307,307,31,Jue,25/06/2020,18:00,Southampton,0.9,1.9,Arsenal,,St. Mary's Stadium,Graham Scott,Informe del partido,0,2
308,308,31,Jue,25/06/2020,18:00,Burnley,0.9,0.7,Watford,,Turf Moor,Mike Dean,Informe del partido,1,0
309,309,31,Jue,25/06/2020,20:15,Chelsea,3.2,0.8,Manchester City,,Stamford Bridge,Stuart Attwell,Informe del partido,2,1
310,310,32,Sáb,27/06/2020,12:30,Aston Villa,0.6,0.7,Wolves,,Villa Park,Craig Pawson,Informe del partido,0,1
311,311,32,Dom,28/06/2020,16:30,Watford,0.5,1.3,Southampton,,Vicarage Road Stadium,Michael Oliver,Informe del partido,1,3
312,312,32,Lun,29/06/2020,20:00,Crystal Palace,0.9,0.4,Burnley,,Selhurst Park,Simon Hooper,Informe del partido,0,1
313,313,32,Mar,30/06/2020,20:15,Brighton,0.4,1,Manchester Utd,,The American Express Community Stadium,Andre Marriner,Informe del partido,0,3
314,314,32,Mié,01/07/2020,18:00,Bournemouth,1.6,1.8,Newcastle Utd,,Vitality Stadium,Kevin Friend,Informe del partido,1,4
315,315,32,Mié,01/07/2020,18:00,Everton,1.2,1.8,Leicester City,,Goodison Park,David Coote,Informe del partido,2,1
316,316,32,Mié,01/07/2020,18:00,Arsenal,1.5,0.3,Norwich City,,Emirates Stadium,Peter Bankes,Informe del partido,4,0
317,317,32,Mié,01/07/2020,20:15,West Ham,2.2,1.6,Chelsea,,London Stadium,Martin Atkinson,Informe del partido,3,2
318,318,32,Jue,02/07/2020,18:00,Sheffield Utd,1.6,1.1,Tottenham,,Bramall Lane,Chris Kavanagh,Informe del partido,3,1
319,319,32,Jue,02/07/2020,20:15,Manchester City,2.4,1.1,Liverpool,,Etihad Stadium,Anthony Taylor,Informe del partido,4,0
320,320,33,Sáb,04/07/2020,12:30,Norwich City,0.6,1,Brighton,,Carrow Road,Stuart Attwell,Informe del partido,0,1
321,321,33,Sáb,04/07/2020,15:00,Leicester City,2.8,0.8,Crystal Palace,,King Power Stadium,Jonathan Moss,Informe del partido,3,0
322,322,33,Sáb,04/07/2020,15:00,Manchester Utd,2.5,1.8,Bournemouth,,Old Trafford,Mike Dean,Informe del partido,5,2
323,323,33,Sáb,04/07/2020,17:30,Wolves,1.2,1.3,Arsenal,,Molineux Stadium,Michael Oliver,Informe del partido,0,2
324,324,33,Sáb,04/07/2020,20:00,Chelsea,2.5,0.6,Watford,,Stamford Bridge,Kevin Friend,Informe del partido,3,0
325,325,33,Dom,05/07/2020,12:00,Burnley,1.3,1.1,Sheffield Utd,,Turf Moor,Peter Bankes,Informe del partido,1,1
326,326,33,Dom,05/07/2020,14:15,Newcastle Utd,1.4,2.1,West Ham,,St. James' Park,Craig Pawson,Informe del partido,2,2
327,327,33,Dom,05/07/2020,16:30,Liverpool,0.7,0.7,Aston Villa,,Anfield,Paul Tierney,Informe del partido,2,0
328,328,33,Dom,05/07/2020,19:00,Southampton,0.6,3.2,Manchester City,,St. Mary's Stadium,Andre Marriner,Informe del partido,1,0
329,329,33,Lun,06/07/2020,20:00,Tottenham,0.5,0.5,Everton,,Tottenham Hotspur Stadium,Graham Scott,Informe del partido,1,0
330,330,34,Mar,07/07/2020,18:00,Crystal Palace,1.5,1.9,Chelsea,,Selhurst Park,David Coote,Informe del partido,2,3
331,331,34,Mar,07/07/2020,18:00,Watford,1.2,1.2,Norwich City,,Vicarage Road Stadium,Anthony Taylor,Informe del partido,2,1
332,332,34,Mar,07/07/2020,20:15,Arsenal,1.1,0.9,Leicester City,,Emirates Stadium,Chris Kavanagh,Informe del partido,1,1
333,333,34,Mié,08/07/2020,18:00,Manchester City,2.8,0.3,Newcastle Utd,,Etihad Stadium,Andy Madley,Informe del partido,5,0
334,334,34,Mié,08/07/2020,18:00,West Ham,1.6,0.9,Burnley,,London Stadium,Michael Oliver,Informe del partido,0,1
335,335,34,Mié,08/07/2020,18:00,Sheffield Utd,0.5,0.4,Wolves,,Bramall Lane,Martin Atkinson,Informe del partido,1,0
336,336,34,Mié,08/07/2020,20:15,Brighton,2.4,2.5,Liverpool,,The American Express Community Stadium,Craig Pawson,Informe del partido,1,3
337,337,34,Jue,09/07/2020,18:00,Everton,1,2.4,Southampton,,Goodison Park,Lee Mason,Informe del partido,1,1
338,338,34,Jue,09/07/2020,18:00,Bournemouth,1.4,0.5,Tottenham,,Vitality Stadium,Paul Tierney,Informe del partido,0,0
339,339,34,Jue,09/07/2020,20:15,Aston Villa,0.5,2.3,Manchester Utd,,Villa Park,Jonathan Moss,Informe del partido,0,3
340,340,35,Sáb,11/07/2020,12:30,Norwich City,0.6,3.5,West Ham,,Carrow Road,Kevin Friend,Informe del partido,0,4
341,341,35,Sáb,11/07/2020,12:30,Watford,3.4,1.3,Newcastle Utd,,Vicarage Road Stadium,Craig Pawson,Informe del partido,2,1
342,342,35,Sáb,11/07/2020,15:00,Liverpool,1.7,0.4,Burnley,,Anfield,David Coote,Informe del partido,1,1
343,343,35,Sáb,11/07/2020,17:30,Sheffield Utd,2.3,1.2,Chelsea,,Bramall Lane,Andre Marriner,Informe del partido,3,0
344,344,35,Sáb,11/07/2020,20:00,Brighton,0.2,4.4,Manchester City,,The American Express Community Stadium,Graham Scott,Informe del partido,0,5
345,345,35,Dom,12/07/2020,12:00,Wolves,2.6,0.3,Everton,,Molineux Stadium,Anthony Taylor,Informe del partido,3,0
346,346,35,Dom,12/07/2020,14:15,Aston Villa,1.7,1.2,Crystal Palace,,Villa Park,Martin Atkinson,Informe del partido,2,0
347,347,35,Dom,12/07/2020,16:30,Tottenham,2,0.6,Arsenal,,Tottenham Hotspur Stadium,Michael Oliver,Informe del partido,2,1
348,348,35,Dom,12/07/2020,19:00,Bournemouth,2.5,1.5,Leicester City,,Vitality Stadium,Stuart Attwell,Informe del partido,4,1
349,349,35,Lun,13/07/2020,20:00,Manchester Utd,1.5,1.6,Southampton,,Old Trafford,Chris Kavanagh,Informe del partido,2,2
350,350,36,Mar,14/07/2020,20:15,Chelsea,2.5,0.1,Norwich City,,Stamford Bridge,Jonathan Moss,Informe del partido,1,0
351,351,36,Mié,15/07/2020,18:00,Newcastle Utd,1.1,1.5,Tottenham,,St. James' Park,David Coote,Informe del partido,1,3
352,352,36,Mié,15/07/2020,18:00,Burnley,1.9,1.2,Wolves,,Turf Moor,Mike Dean,Informe del partido,1,1
353,353,36,Mié,15/07/2020,18:00,Manchester City,0.7,1.6,Bournemouth,,Etihad Stadium,Lee Mason,Informe del partido,2,1
354,354,36,Mié,15/07/2020,20:15,Arsenal,0.8,2.1,Liverpool,,Emirates Stadium,Paul Tierney,Informe del partido,2,1
355,355,36,Jue,16/07/2020,18:00,Leicester City,2.6,0.7,Sheffield Utd,,King Power Stadium,Michael Oliver,Informe del partido,2,0
356,356,36,Jue,16/07/2020,18:00,Everton,0.9,1.3,Aston Villa,,Goodison Park,Anthony Taylor,Informe del partido,1,1
357,357,36,Jue,16/07/2020,20:15,Crystal Palace,0.6,2.2,Manchester Utd,,Selhurst Park,Graham Scott,Informe del partido,0,2
358,358,36,Jue,16/07/2020,20:15,Southampton,2.5,0.7,Brighton,,St. Mary's Stadium,Andre Marriner,Informe del partido,1,1
359,359,36,Vie,17/07/2020,20:00,West Ham,0.9,1.5,Watford,,London Stadium,Martin Atkinson,Informe del partido,3,1
360,360,37,Sáb,18/07/2020,17:30,Norwich City,0.3,1.8,Burnley,,Carrow Road,Kevin Friend,Informe del partido,0,2
361,361,37,Dom,19/07/2020,14:00,Bournemouth,0.5,2.5,Southampton,,Vitality Stadium,Craig Pawson,Informe del partido,0,2
362,362,37,Dom,19/07/2020,16:00,Tottenham,0.8,1.7,Leicester City,,Tottenham Hotspur Stadium,Anthony Taylor,Informe del partido,3,0
363,363,37,Lun,20/07/2020,18:00,Brighton,0.8,0.9,Newcastle Utd,,The American Express Community Stadium,Simon Hooper,Informe del partido,0,0
364,364,37,Lun,20/07/2020,18:00,Sheffield Utd,0.5,0.4,Everton,,Bramall Lane,Stuart Attwell,Informe del partido,0,1
365,365,37,Lun,20/07/2020,20:15,Wolves,1.5,0.4,Crystal Palace,,Molineux Stadium,Peter Bankes,Informe del partido,2,0
366,366,37,Mar,21/07/2020,18:00,Watford,0.1,3.3,Manchester City,,Vicarage Road Stadium,Michael Oliver,Informe del partido,0,4
367,367,37,Mar,21/07/2020,20:15,Aston Villa,0.6,0.6,Arsenal,,Villa Park,Chris Kavanagh,Informe del partido,1,0
368,368,37,Mié,22/07/2020,18:00,Manchester Utd,0.6,1.5,West Ham,,Old Trafford,Paul Tierney,Informe del partido,1,1
369,369,37,Mié,22/07/2020,20:15,Liverpool,1.7,2.4,Chelsea,,Anfield,Andre Marriner,Informe del partido,5,3
370,370,38,Dom,26/07/2020,16:00,Everton,1.7,1.5,Bournemouth,,Goodison Park,Chris Kavanagh,Informe del partido,1,3
371,371,38,Dom,26/07/2020,16:00,Leicester City,0.8,1.3,Manchester Utd,,King Power Stadium,Martin Atkinson,Informe del partido,0,2
372,372,38,Dom,26/07/2020,16:00,Southampton,1.7,1.4,Sheffield Utd,,St. Mary's Stadium,Peter Bankes,Informe del partido,3,1
373,373,38,Dom,26/07/2020,16:00,Arsenal,2.3,3.7,Watford,,Emirates Stadium,Mike Dean,Informe del partido,3,2
374,374,38,Dom,26/07/2020,16:00,Crystal Palace,0.8,0.3,Tottenham,,Selhurst Park,Andre Marriner,Informe del partido,1,1
375,375,38,Dom,26/07/2020,16:00,Manchester City,3.2,1,Norwich City,,Etihad Stadium,Craig Pawson,Informe del partido,5,0
376,376,38,Dom,26/07/2020,16:00,Chelsea,1.4,0.2,Wolves,,Stamford Bridge,Stuart Attwell,Informe del partido,2,0
377,377,38,Dom,26/07/2020,16:00,West Ham,0.9,1,Aston Villa,,London Stadium,Michael Oliver,Informe del partido,1,1
378,378,38,Dom,26/07/2020,16:00,Newcastle Utd,0.1,0.6,Liverpool,,St. James' Park,Anthony Taylor,Informe del partido,1,3
379,379,38,Dom,26/07/2020,16:00,Burnley,1.7,1.2,Brighton,,Turf Moor,Jonathan Moss,Informe del partido,1,2
380,380,1,Sáb,12/09/2020,12:30,Fulham,0.1,1.9,Arsenal,,Craven Cottage,Chris Kavanagh,Informe del partido,0,3
381,381,1,Sáb,12/09/2020,15:00,Crystal Palace,1.1,0.9,Southampton,,Selhurst Park,Jonathan Moss,Informe del partido,1,0
382,382,1,Sáb,12/09/2020,17:30,Liverpool,2.7,0.3,Leeds United,,Anfield,Michael Oliver,Informe del partido,4,3
383,383,1,Sáb,12/09/2020,20:00,West Ham,1,1.6,Newcastle Utd,,London Stadium,Stuart Attwell,Informe del partido,0,2
384,384,1,Dom,13/09/2020,14:00,West Brom,0.4,2.8,Leicester City,,The Hawthorns,Anthony Taylor,Informe del partido,0,3
385,385,1,Dom,13/09/2020,16:30,Tottenham,1.1,1.2,Everton,,Tottenham Hotspur Stadium,Martin Atkinson,Informe del partido,0,1
386,386,1,Lun,14/09/2020,18:00,Sheffield Utd,1,1.4,Wolves,,Bramall Lane,Mike Dean,Informe del partido,0,2
387,387,1,Lun,14/09/2020,20:15,Brighton,1.1,1.2,Chelsea,,The American Express Community Stadium,Craig Pawson,Informe del partido,1,3
388,388,2,Sáb,19/09/2020,12:30,Everton,3.9,0.3,West Brom,,Goodison Park,Mike Dean,Informe del partido,5,2
389,389,2,Sáb,19/09/2020,15:00,Leeds United,1.4,1.7,Fulham,,Elland Road,Anthony Taylor,Informe del partido,4,3
390,390,2,Sáb,19/09/2020,17:30,Manchester Utd,1.2,1.6,Crystal Palace,,Old Trafford,Martin Atkinson,Informe del partido,1,3
391,391,2,Sáb,19/09/2020,20:00,Arsenal,1.1,2,West Ham,,Emirates Stadium,Michael Oliver,Informe del partido,2,1
392,392,2,Dom,20/09/2020,12:00,Southampton,2,2.1,Tottenham,,St. Mary's Stadium,David Coote,Informe del partido,2,5
393,393,2,Dom,20/09/2020,14:00,Newcastle Utd,0.5,1.8,Brighton,,St. James' Park,Kevin Friend,Informe del partido,0,3
394,394,2,Dom,20/09/2020,16:30,Chelsea,0.9,2.1,Liverpool,,Stamford Bridge,Paul Tierney,Informe del partido,0,2
395,395,2,Dom,20/09/2020,19:00,Leicester City,1.2,1.4,Burnley,,King Power Stadium,Lee Mason,Informe del partido,4,2
396,396,2,Lun,21/09/2020,18:00,Aston Villa,1,0.9,Sheffield Utd,,Villa Park,Graham Scott,Informe del partido,1,0
397,397,2,Lun,21/09/2020,20:15,Wolves,0.6,1.9,Manchester City,,Molineux Stadium,Andre Marriner,Informe del partido,1,3
398,398,3,Sáb,26/09/2020,12:30,Brighton,2.5,1.5,Manchester Utd,,The American Express Community Stadium,Chris Kavanagh,Informe del partido,2,3
399,399,3,Sáb,26/09/2020,15:00,Crystal Palace,0.4,1.9,Everton,,Selhurst Park,Kevin Friend,Informe del partido,1,2
400,400,3,Sáb,26/09/2020,17:30,West Brom,0.6,2,Chelsea,,The Hawthorns,Jonathan Moss,Informe del partido,3,3
401,401,3,Sáb,26/09/2020,20:00,Burnley,0.5,0.6,Southampton,,Turf Moor,Andre Marriner,Informe del partido,0,1
402,402,3,Dom,27/09/2020,12:00,Sheffield Utd,1.4,1.2,Leeds United,,Bramall Lane,Paul Tierney,Informe del partido,0,1
403,403,3,Dom,27/09/2020,14:00,Tottenham,2.9,1,Newcastle Utd,,Tottenham Hotspur Stadium,Peter Bankes,Informe del partido,1,1
404,404,3,Dom,27/09/2020,16:30,Manchester City,0.9,2.9,Leicester City,,Etihad Stadium,Michael Oliver,Informe del partido,2,5
405,405,3,Dom,27/09/2020,19:00,West Ham,2.4,0.5,Wolves,,London Stadium,Martin Atkinson,Informe del partido,4,0
406,406,3,Lun,28/09/2020,17:45,Fulham,0.7,1.4,Aston Villa,,Craven Cottage,Stuart Attwell,Informe del partido,0,3
407,407,3,Lun,28/09/2020,20:00,Liverpool,2.7,1.3,Arsenal,,Anfield,Craig Pawson,Informe del partido,3,1
408,408,4,Sáb,03/10/2020,12:30,Chelsea,2.7,0.2,Crystal Palace,,Stamford Bridge,Michael Oliver,Informe del partido,4,0
409,409,4,Sáb,03/10/2020,15:00,Everton,1.6,1.3,Brighton,,Goodison Park,Simon Hooper,Informe del partido,4,2
410,410,4,Sáb,03/10/2020,17:30,Leeds United,2.4,1.2,Manchester City,,Elland Road,Mike Dean,Informe del partido,1,1
411,411,4,Sáb,03/10/2020,20:00,Newcastle Utd,1.8,0.4,Burnley,,St. James' Park,David Coote,Informe del partido,3,1
412,412,4,Dom,04/10/2020,12:00,Southampton,1.2,0.2,West Brom,,St. Mary's Stadium,Chris Kavanagh,Informe del partido,2,0
413,413,4,Dom,04/10/2020,12:00,Leicester City,0.6,2,West Ham,,King Power Stadium,Andy Madley,Informe del partido,0,3
414,414,4,Dom,04/10/2020,14:00,Arsenal,0.6,0.2,Sheffield Utd,,Emirates Stadium,Lee Mason,Informe del partido,2,1
415,415,4,Dom,04/10/2020,14:00,Wolves,1.2,0.9,Fulham,,Molineux Stadium,Darren England,Informe del partido,1,0
416,416,4,Dom,04/10/2020,16:30,Manchester Utd,0.9,3.4,Tottenham,,Old Trafford,Anthony Taylor,Informe del partido,1,6
417,417,4,Dom,04/10/2020,19:15,Aston Villa,2.7,1.8,Liverpool,,Villa Park,Martin Atkinson,Informe del partido,7,2
418,418,5,Sáb,17/10/2020,12:30,Everton,1.2,2.6,Liverpool,,Goodison Park,Michael Oliver,Informe del partido,2,2
419,419,5,Sáb,17/10/2020,15:00,Chelsea,1.8,1.9,Southampton,,Stamford Bridge,Peter Bankes,Informe del partido,3,3
420,420,5,Sáb,17/10/2020,17:30,Manchester City,1.3,0.9,Arsenal,,Etihad Stadium,Chris Kavanagh,Informe del partido,1,0
421,421,5,Sáb,17/10/2020,20:00,Newcastle Utd,0.9,2.3,Manchester Utd,,St. James' Park,Craig Pawson,Informe del partido,1,4
422,422,5,Dom,18/10/2020,12:00,Sheffield Utd,1.7,1.5,Fulham,,Bramall Lane,Andre Marriner,Informe del partido,1,1
423,423,5,Dom,18/10/2020,14:00,Crystal Palace,0.8,1.7,Brighton,,Selhurst Park,Stuart Attwell,Informe del partido,1,1
424,424,5,Dom,18/10/2020,16:30,Tottenham,1.7,1.9,West Ham,,Tottenham Hotspur Stadium,Paul Tierney,Informe del partido,3,3
425,425,5,Dom,18/10/2020,19:15,Leicester City,0.6,0.7,Aston Villa,,King Power Stadium,Jonathan Moss,Informe del partido,0,1
426,426,5,Lun,19/10/2020,17:30,West Brom,0.8,1.1,Burnley,,The Hawthorns,Anthony Taylor,Informe del partido,0,0
427,427,5,Lun,19/10/2020,20:00,Leeds United,1,0.4,Wolves,,Elland Road,David Coote,Informe del partido,0,1
428,428,6,Vie,23/10/2020,20:00,Aston Villa,1.4,2.7,Leeds United,,Villa Park,Paul Tierney,Informe del partido,0,3
429,429,6,Sáb,24/10/2020,12:30,West Ham,0.3,1,Manchester City,,London Stadium,Anthony Taylor,Informe del partido,1,1
430,430,6,Sáb,24/10/2020,15:00,Fulham,1.1,2.5,Crystal Palace,,Craven Cottage,Graham Scott,Informe del partido,1,2
431,431,6,Sáb,24/10/2020,17:30,Manchester Utd,0.6,0.2,Chelsea,,Old Trafford,Martin Atkinson,Informe del partido,0,0
432,432,6,Sáb,24/10/2020,20:00,Liverpool,2.3,1.6,Sheffield Utd,,Anfield,Mike Dean,Informe del partido,2,1
433,433,6,Dom,25/10/2020,14:00,Southampton,0.7,0.4,Everton,,St. Mary's Stadium,Kevin Friend,Informe del partido,2,0
434,434,6,Dom,25/10/2020,16:30,Wolves,0.7,0.3,Newcastle Utd,,Molineux Stadium,Lee Mason,Informe del partido,1,1
435,435,6,Dom,25/10/2020,19:15,Arsenal,0.7,0.7,Leicester City,,Emirates Stadium,Craig Pawson,Informe del partido,0,1
436,436,6,Lun,26/10/2020,17:30,Brighton,0.5,0.4,West Brom,,The American Express Community Stadium,Jonathan Moss,Informe del partido,1,1
437,437,6,Lun,26/10/2020,20:00,Burnley,1,0.6,Tottenham,,Turf Moor,Michael Oliver,Informe del partido,0,1
438,438,7,Vie,30/10/2020,20:00,Wolves,1.3,0.7,Crystal Palace,,Molineux Stadium,Martin Atkinson,Informe del partido,2,0
439,439,7,Sáb,31/10/2020,12:30,Sheffield Utd,0.5,1.6,Manchester City,,Bramall Lane,Michael Oliver,Informe del partido,0,1
440,440,7,Sáb,31/10/2020,15:00,Burnley,0.5,0.9,Chelsea,,Turf Moor,David Coote,Informe del partido,0,3
441,441,7,Sáb,31/10/2020,17:30,Liverpool,1.7,0.3,West Ham,,Anfield,Kevin Friend,Informe del partido,2,1
442,442,7,Dom,01/11/2020,12:00,Aston Villa,1.9,0.7,Southampton,,Villa Park,Darren England,Informe del partido,3,4
443,443,7,Dom,01/11/2020,14:00,Newcastle Utd,2.9,1.5,Everton,,St. James' Park,Stuart Attwell,Informe del partido,2,1
444,444,7,Dom,01/11/2020,16:30,Manchester Utd,0.4,1,Arsenal,,Old Trafford,Mike Dean,Informe del partido,0,1
445,445,7,Dom,01/11/2020,19:15,Tottenham,1.7,0.3,Brighton,,Tottenham Hotspur Stadium,Graham Scott,Informe del partido,2,1
446,446,7,Lun,02/11/2020,17:30,Fulham,1.5,0.5,West Brom,,Craven Cottage,Simon Hooper,Informe del partido,2,0
447,447,7,Lun,02/11/2020,20:00,Leeds United,2.1,2.9,Leicester City,,Elland Road,Andre Marriner,Informe del partido,1,4
448,448,8,Vie,06/11/2020,17:30,Brighton,1.5,0.5,Burnley,,The American Express Community Stadium,Mike Dean,Informe del partido,0,0
449,449,8,Vie,06/11/2020,20:00,Southampton,0.7,0.3,Newcastle Utd,,St. Mary's Stadium,Peter Bankes,Informe del partido,2,0
450,450,8,Sáb,07/11/2020,12:30,Everton,0.4,1.5,Manchester Utd,,Goodison Park,Paul Tierney,Informe del partido,1,3
451,451,8,Sáb,07/11/2020,15:00,Crystal Palace,0.9,0.8,Leeds United,,Selhurst Park,Chris Kavanagh,Informe del partido,4,1
452,452,8,Sáb,07/11/2020,17:30,Chelsea,2.2,0.4,Sheffield Utd,,Stamford Bridge,Jonathan Moss,Informe del partido,4,1
453,453,8,Sáb,07/11/2020,20:00,West Ham,1.3,1.7,Fulham,,London Stadium,Robert Jones,Informe del partido,1,0
454,454,8,Dom,08/11/2020,12:00,West Brom,0.8,1.9,Tottenham,,The Hawthorns,Andy Madley,Informe del partido,0,1
455,455,8,Dom,08/11/2020,14:00,Leicester City,2,0.8,Wolves,,King Power Stadium,Anthony Taylor,Informe del partido,1,0
456,456,8,Dom,08/11/2020,16:30,Manchester City,1.4,1.2,Liverpool,,Etihad Stadium,Craig Pawson,Informe del partido,1,1
457,457,8,Dom,08/11/2020,19:15,Arsenal,1.5,1.8,Aston Villa,,Emirates Stadium,Martin Atkinson,Informe del partido,0,3
458,458,9,Sáb,21/11/2020,12:30,Newcastle Utd,0.3,1.5,Chelsea,,St. James' Park,Craig Pawson,Informe del partido,0,2
459,459,9,Sáb,21/11/2020,15:00,Aston Villa,1.5,1.4,Brighton,,Villa Park,Michael Oliver,Informe del partido,1,2
460,460,9,Sáb,21/11/2020,17:30,Tottenham,0.7,1.4,Manchester City,,Tottenham Hotspur Stadium,Mike Dean,Informe del partido,2,0
461,461,9,Sáb,21/11/2020,20:00,Manchester Utd,2.4,0.6,West Brom,,Old Trafford,David Coote,Informe del partido,1,0
462,462,9,Dom,22/11/2020,12:00,Fulham,1.9,2,Everton,,Craven Cottage,Andy Madley,Informe del partido,2,3
463,463,9,Dom,22/11/2020,14:00,Sheffield Utd,0.9,2.1,West Ham,,Bramall Lane,Martin Atkinson,Informe del partido,0,1
464,464,9,Dom,22/11/2020,16:30,Leeds United,1.8,0.9,Arsenal,,Elland Road,Anthony Taylor,Informe del partido,0,0
465,465,9,Dom,22/11/2020,19:15,Liverpool,3.1,1.6,Leicester City,,Anfield,Chris Kavanagh,Informe del partido,3,0
466,466,9,Lun,23/11/2020,17:30,Burnley,1.5,1.5,Crystal Palace,,Turf Moor,Kevin Friend,Informe del partido,1,0
467,467,9,Lun,23/11/2020,20:00,Wolves,1.5,1,Southampton,,Molineux Stadium,Andre Marriner,Informe del partido,1,1
468,468,10,Vie,27/11/2020,20:00,Crystal Palace,0.6,1.3,Newcastle Utd,,Selhurst Park,Graham Scott,Informe del partido,0,2
469,469,10,Sáb,28/11/2020,12:30,Brighton,2.3,0.2,Liverpool,,The American Express Community Stadium,Stuart Attwell,Informe del partido,1,1
470,470,10,Sáb,28/11/2020,15:00,Manchester City,1.7,0.5,Burnley,,Etihad Stadium,Lee Mason,Informe del partido,5,0
471,471,10,Sáb,28/11/2020,17:30,Everton,1.2,2.9,Leeds United,,Goodison Park,Chris Kavanagh,Informe del partido,0,1
472,472,10,Sáb,28/11/2020,20:00,West Brom,1.2,2.9,Sheffield Utd,,The Hawthorns,Mike Dean,Informe del partido,1,0
473,473,10,Dom,29/11/2020,14:00,Southampton,0.5,2.1,Manchester Utd,,St. Mary's Stadium,Jonathan Moss,Informe del partido,2,3
474,474,10,Dom,29/11/2020,16:30,Chelsea,0.8,0.2,Tottenham,,Stamford Bridge,Paul Tierney,Informe del partido,0,0
475,475,10,Dom,29/11/2020,19:15,Arsenal,1.5,1.8,Wolves,,Emirates Stadium,Michael Oliver,Informe del partido,1,2
476,476,10,Lun,30/11/2020,17:30,Leicester City,1.2,2.2,Fulham,,King Power Stadium,Simon Hooper,Informe del partido,1,2
477,477,10,Lun,30/11/2020,20:00,West Ham,0.4,2.5,Aston Villa,,London Stadium,Peter Bankes,Informe del partido,2,1
478,478,11,Sáb,05/12/2020,12:30,Burnley,0.8,2.2,Everton,,Turf Moor,Anthony Taylor,Informe del partido,1,1
479,479,11,Sáb,05/12/2020,15:00,Manchester City,2.9,0.3,Fulham,,Etihad Stadium,Jonathan Moss,Informe del partido,2,0
480,480,11,Sáb,05/12/2020,17:30,West Ham,2,1.7,Manchester Utd,2000,London Stadium,Andre Marriner,Informe del partido,1,3
481,481,11,Sáb,05/12/2020,20:00,Chelsea,4.1,0.8,Leeds United,2000,Stamford Bridge,Kevin Friend,Informe del partido,3,1
482,482,11,Dom,06/12/2020,12:00,West Brom,0.7,1.6,Crystal Palace,,The Hawthorns,Paul Tierney,Informe del partido,1,5
483,483,11,Dom,06/12/2020,14:15,Sheffield Utd,0.2,1.4,Leicester City,,Bramall Lane,Stuart Attwell,Informe del partido,1,2
484,484,11,Dom,06/12/2020,16:30,Tottenham,0.3,0.6,Arsenal,2000,Tottenham Hotspur Stadium,Martin Atkinson,Informe del partido,2,0
485,485,11,Dom,06/12/2020,19:15,Liverpool,1.2,0.4,Wolves,2000,Anfield,Craig Pawson,Informe del partido,4,0
486,486,11,Lun,07/12/2020,20:00,Brighton,1.9,1.4,Southampton,2000,The American Express Community Stadium,David Coote,Informe del partido,1,2
487,487,12,Vie,11/12/2020,20:00,Leeds United,1.6,1.3,West Ham,,Elland Road,Michael Oliver,Informe del partido,1,2
488,488,12,Sáb,12/12/2020,12:30,Wolves,1.1,1.4,Aston Villa,,Molineux Stadium,Mike Dean,Informe del partido,0,1
489,489,12,Sáb,12/12/2020,15:00,Newcastle Utd,0.8,0.6,West Brom,,St. James' Park,Darren England,Informe del partido,2,1
490,490,12,Sáb,12/12/2020,17:30,Manchester Utd,0.6,1.3,Manchester City,,Old Trafford,Chris Kavanagh,Informe del partido,0,0
491,491,12,Sáb,12/12/2020,20:00,Everton,1.2,0.7,Chelsea,2000,Goodison Park,Jonathan Moss,Informe del partido,1,0
492,492,12,Dom,13/12/2020,12:00,Southampton,2,0.3,Sheffield Utd,2000,St. Mary's Stadium,Andy Madley,Informe del partido,3,0
493,493,12,Dom,13/12/2020,14:15,Crystal Palace,1.6,0.9,Tottenham,2000,Selhurst Park,Kevin Friend,Informe del partido,1,1
494,494,12,Dom,13/12/2020,16:30,Fulham,1.5,1.8,Liverpool,2000,Craven Cottage,Andre Marriner,Informe del partido,1,1
495,495,12,Dom,13/12/2020,19:15,Leicester City,1.5,0.9,Brighton,,King Power Stadium,Martin Atkinson,Informe del partido,3,0
496,496,12,Dom,13/12/2020,19:15,Arsenal,1.6,1.4,Burnley,2000,Emirates Stadium,Graham Scott,Informe del partido,0,1
497,497,13,Mar,15/12/2020,18:00,Wolves,0.5,1,Chelsea,,Molineux Stadium,Stuart Attwell,Informe del partido,2,1
498,498,13,Mar,15/12/2020,20:00,Manchester City,2.2,0.4,West Brom,,Etihad Stadium,Peter Bankes,Informe del partido,1,1
499,499,13,Mié,16/12/2020,18:00,Arsenal,0.6,1.2,Southampton,,Emirates Stadium,Paul Tierney,Informe del partido,1,1
500,500,13,Mié,16/12/2020,18:00,Leicester City,0.8,1.4,Everton,,King Power Stadium,Lee Mason,Informe del partido,0,2
501,501,13,Mié,16/12/2020,18:00,Leeds United,2.7,1.5,Newcastle Utd,,Elland Road,Simon Hooper,Informe del partido,5,2
502,502,13,Mié,16/12/2020,20:00,Liverpool,1,1.1,Tottenham,2000,Anfield,Anthony Taylor,Informe del partido,2,1
503,503,13,Mié,16/12/2020,20:00,West Ham,0.4,1.1,Crystal Palace,,London Stadium,David Coote,Informe del partido,1,1
504,504,13,Mié,16/12/2020,20:00,Fulham,1,0.5,Brighton,,Craven Cottage,Robert Jones,Informe del partido,0,0
505,505,13,Jue,17/12/2020,18:00,Aston Villa,1.5,0.3,Burnley,,Villa Park,Craig Pawson,Informe del partido,0,0
506,506,13,Jue,17/12/2020,20:00,Sheffield Utd,1.5,1.9,Manchester Utd,,Bramall Lane,Michael Oliver,Informe del partido,2,3
507,507,14,Sáb,19/12/2020,12:30,Crystal Palace,0.3,2.5,Liverpool,,Selhurst Park,Jonathan Moss,Informe del partido,0,7
508,508,14,Sáb,19/12/2020,15:00,Southampton,0.7,0.9,Manchester City,,St. Mary's Stadium,Mike Dean,Informe del partido,0,1
509,509,14,Sáb,19/12/2020,17:30,Everton,0.6,1.4,Arsenal,,Goodison Park,Andre Marriner,Informe del partido,2,1
510,510,14,Sáb,19/12/2020,20:00,Newcastle Utd,1.4,1,Fulham,,St. James' Park,Graham Scott,Informe del partido,1,1
511,511,14,Dom,20/12/2020,12:00,Brighton,2.8,0.5,Sheffield Utd,,The American Express Community Stadium,Peter Bankes,Informe del partido,1,1
512,512,14,Dom,20/12/2020,14:15,Tottenham,0.7,1.7,Leicester City,,Tottenham Hotspur Stadium,Craig Pawson,Informe del partido,0,2
513,513,14,Dom,20/12/2020,16:30,Manchester Utd,3.6,1.8,Leeds United,,Old Trafford,Anthony Taylor,Informe del partido,6,2
514,514,14,Dom,20/12/2020,19:15,West Brom,0,2.4,Aston Villa,,The Hawthorns,Martin Atkinson,Informe del partido,0,3
515,515,14,Lun,21/12/2020,17:30,Burnley,1.7,1.5,Wolves,,Turf Moor,Lee Mason,Informe del partido,2,1
516,516,14,Lun,21/12/2020,20:00,Chelsea,2,0.4,West Ham,,Stamford Bridge,Chris Kavanagh,Informe del partido,3,0
517,517,15,Sáb,26/12/2020,12:30,Leicester City,0.9,1.7,Manchester Utd,,King Power Stadium,Mike Dean,Informe del partido,2,2
518,518,15,Sáb,26/12/2020,15:00,Aston Villa,3.9,0.9,Crystal Palace,,Villa Park,Anthony Taylor,Informe del partido,3,0
519,519,15,Sáb,26/12/2020,15:00,Fulham,0.7,0.2,Southampton,,Craven Cottage,Darren England,Informe del partido,0,0
520,520,15,Sáb,26/12/2020,17:30,Arsenal,2,2.6,Chelsea,,Emirates Stadium,Michael Oliver,Informe del partido,3,1
521,521,15,Sáb,26/12/2020,20:00,Sheffield Utd,1.4,0.7,Everton,,Bramall Lane,David Coote,Informe del partido,0,1
522,522,15,Sáb,26/12/2020,20:00,Manchester City,3,0.3,Newcastle Utd,,Etihad Stadium,Andre Marriner,Informe del partido,2,0
523,523,15,Dom,27/12/2020,12:00,Leeds United,1.9,1.5,Burnley,,Elland Road,Robert Jones,Informe del partido,1,0
524,524,15,Dom,27/12/2020,14:15,West Ham,1.3,1.1,Brighton,,London Stadium,Simon Hooper,Informe del partido,2,2
525,525,15,Dom,27/12/2020,16:30,Liverpool,1.5,0.6,West Brom,2000,Anfield,Kevin Friend,Informe del partido,1,1
526,526,15,Dom,27/12/2020,19:15,Wolves,0.9,0.4,Tottenham,,Molineux Stadium,Paul Tierney,Informe del partido,1,1
527,527,16,Lun,28/12/2020,15:00,Crystal Palace,0.5,1.9,Leicester City,,Selhurst Park,Graham Scott,Informe del partido,1,1
528,528,16,Lun,28/12/2020,17:30,Chelsea,1.7,0.7,Aston Villa,,Stamford Bridge,Stuart Attwell,Informe del partido,1,1
529,529,16,Mar,29/12/2020,18:00,West Brom,0.5,1.2,Leeds United,,The Hawthorns,Lee Mason,Informe del partido,0,5
530,530,16,Mar,29/12/2020,18:00,Southampton,0.6,1.2,West Ham,,St. Mary's Stadium,Andy Madley,Informe del partido,0,0
531,531,16,Mar,29/12/2020,18:00,Burnley,1,0.7,Sheffield Utd,,Turf Moor,Chris Kavanagh,Informe del partido,1,0
532,532,16,Mar,29/12/2020,18:00,Brighton,0.8,1.1,Arsenal,,The American Express Community Stadium,Martin Atkinson,Informe del partido,0,1
533,533,16,Mar,29/12/2020,20:00,Manchester Utd,1.5,0.5,Wolves,,Old Trafford,Jonathan Moss,Informe del partido,1,0
534,534,16,Mié,30/12/2020,20:00,Newcastle Utd,0.5,1.4,Liverpool,,St. James' Park,Paul Tierney,Informe del partido,0,0
535,535,17,Vie,01/01/2021,17:30,Everton,0.4,1.3,West Ham,,Goodison Park,Kevin Friend,Informe del partido,0,1
536,536,17,Vie,01/01/2021,20:00,Manchester Utd,2.1,1.4,Aston Villa,,Old Trafford,Michael Oliver,Informe del partido,2,1
537,537,17,Sáb,02/01/2021,12:30,Tottenham,2.6,1.1,Leeds United,,Tottenham Hotspur Stadium,David Coote,Informe del partido,3,0
538,538,17,Sáb,02/01/2021,15:00,Crystal Palace,0.6,0.4,Sheffield Utd,,Selhurst Park,Stuart Attwell,Informe del partido,2,0
539,539,17,Sáb,02/01/2021,17:30,Brighton,2.2,1.6,Wolves,,The American Express Community Stadium,Andy Madley,Informe del partido,3,3
540,540,17,Sáb,02/01/2021,20:00,West Brom,1,3.7,Arsenal,,The Hawthorns,Martin Atkinson,Informe del partido,0,4
541,541,17,Dom,03/01/2021,14:15,Newcastle Utd,0.5,0.6,Leicester City,,St. James' Park,Robert Jones,Informe del partido,1,2
542,542,17,Dom,03/01/2021,16:30,Chelsea,0.8,2.7,Manchester City,,Stamford Bridge,Anthony Taylor,Informe del partido,1,3
543,543,17,Lun,04/01/2021,20:00,Southampton,0.4,1.5,Liverpool,,St. Mary's Stadium,Andre Marriner,Informe del partido,1,0
544,544,18,Mar,12/01/2021,18:00,Sheffield Utd,2.1,0.6,Newcastle Utd,,Bramall Lane,Andy Madley,Informe del partido,1,0
545,545,1,Mar,12/01/2021,20:15,Burnley,0.9,1.2,Manchester Utd,,Turf Moor,Kevin Friend,Informe del partido,0,1
546,546,18,Mar,12/01/2021,20:15,Wolves,0.7,0.6,Everton,,Molineux Stadium,Martin Atkinson,Informe del partido,1,2
547,547,18,Mié,13/01/2021,18:00,Manchester City,2,0.2,Brighton,,Etihad Stadium,Darren England,Informe del partido,1,0
548,548,16,Mié,13/01/2021,20:15,Tottenham,2.4,1.1,Fulham,,Tottenham Hotspur Stadium,Paul Tierney,Informe del partido,1,1
549,549,18,Jue,14/01/2021,20:00,Arsenal,0.4,0.8,Crystal Palace,,Emirates Stadium,Andre Marriner,Informe del partido,0,0
550,550,19,Sáb,16/01/2021,12:30,Wolves,1.5,2.4,West Brom,,Molineux Stadium,Michael Oliver,Informe del partido,2,3
551,551,19,Sáb,16/01/2021,15:00,West Ham,1.7,0.5,Burnley,,London Stadium,Chris Kavanagh,Informe del partido,1,0
552,552,19,Sáb,16/01/2021,15:00,Leeds United,0.3,1.4,Brighton,,Elland Road,Kevin Friend,Informe del partido,0,1
553,553,19,Sáb,16/01/2021,17:30,Fulham,0.7,1.6,Chelsea,,Craven Cottage,Peter Bankes,Informe del partido,0,1
554,554,19,Sáb,16/01/2021,20:00,Leicester City,2.2,0.6,Southampton,,King Power Stadium,Stuart Attwell,Informe del partido,2,0
555,555,19,Dom,17/01/2021,14:00,Sheffield Utd,0.9,1,Tottenham,,Bramall Lane,Andre Marriner,Informe del partido,1,3
556,556,19,Dom,17/01/2021,16:30,Liverpool,1.2,1.1,Manchester Utd,,Anfield,Paul Tierney,Informe del partido,0,0
557,557,19,Dom,17/01/2021,19:15,Manchester City,0.7,0.1,Crystal Palace,,Etihad Stadium,Lee Mason,Informe del partido,4,0
558,558,19,Lun,18/01/2021,20:00,Arsenal,2.4,0.2,Newcastle Utd,,Emirates Stadium,David Coote,Informe del partido,3,0
559,559,18,Mar,19/01/2021,18:00,West Ham,2,0.5,West Brom,,London Stadium,Graham Scott,Informe del partido,2,1
560,560,18,Mar,19/01/2021,20:15,Leicester City,1.4,0.7,Chelsea,,King Power Stadium,Craig Pawson,Informe del partido,2,0
561,561,1,Mié,20/01/2021,18:00,Manchester City,3.4,0.6,Aston Villa,,Etihad Stadium,Jonathan Moss,Informe del partido,2,0
562,562,18,Mié,20/01/2021,20:15,Fulham,0.9,1.7,Manchester Utd,,Craven Cottage,Martin Atkinson,Informe del partido,1,2
563,563,18,Jue,21/01/2021,20:00,Liverpool,1.6,1.1,Burnley,,Anfield,Mike Dean,Informe del partido,0,1
564,564,11,Sáb,23/01/2021,20:00,Aston Villa,2.3,0.5,Newcastle Utd,,Villa Park,Simon Hooper,Informe del partido,2,0
565,565,20,Mar,26/01/2021,18:00,Newcastle Utd,1.4,0.7,Leeds United,,St. James' Park,Anthony Taylor,Informe del partido,1,2
566,566,20,Mar,26/01/2021,18:00,Crystal Palace,0.7,2.8,West Ham,,Selhurst Park,Stuart Attwell,Informe del partido,2,3
567,567,20,Mar,26/01/2021,20:15,West Brom,0.5,1.8,Manchester City,,The Hawthorns,Chris Kavanagh,Informe del partido,0,5
568,568,20,Mar,26/01/2021,20:15,Southampton,0.8,2.2,Arsenal,,St. Mary's Stadium,Kevin Friend,Informe del partido,1,3
569,569,20,Mié,27/01/2021,18:00,Chelsea,0.7,0.5,Wolves,,Stamford Bridge,Andy Madley,Informe del partido,0,0
570,570,20,Mié,27/01/2021,18:00,Burnley,0.5,2.2,Aston Villa,,Turf Moor,Paul Tierney,Informe del partido,3,2
571,571,20,Mié,27/01/2021,19:30,Brighton,1.8,0.5,Fulham,,The American Express Community Stadium,Craig Pawson,Informe del partido,0,0
572,572,20,Mié,27/01/2021,20:15,Everton,0.5,1.2,Leicester City,,Goodison Park,Mike Dean,Informe del partido,1,1
573,573,20,Mié,27/01/2021,20:15,Manchester Utd,1.1,1,Sheffield Utd,,Old Trafford,Peter Bankes,Informe del partido,1,2
574,574,20,Jue,28/01/2021,20:00,Tottenham,0.1,2.5,Liverpool,,Tottenham Hotspur Stadium,Martin Atkinson,Informe del partido,1,3
575,575,21,Sáb,30/01/2021,12:30,Everton,0.8,1.7,Newcastle Utd,,Goodison Park,Stuart Attwell,Informe del partido,0,2
576,576,21,Sáb,30/01/2021,15:00,Crystal Palace,1.4,0.4,Wolves,,Selhurst Park,Simon Hooper,Informe del partido,1,0
577,577,21,Sáb,30/01/2021,15:00,Manchester City,1.5,0.2,Sheffield Utd,,Etihad Stadium,David Coote,Informe del partido,1,0
578,578,21,Sáb,30/01/2021,15:00,West Brom,1,1.3,Fulham,,The Hawthorns,Anthony Taylor,Informe del partido,2,2
579,579,21,Sáb,30/01/2021,17:30,Arsenal,0.9,1.6,Manchester Utd,,Emirates Stadium,Michael Oliver,Informe del partido,0,0
580,580,21,Sáb,30/01/2021,20:00,Southampton,1.9,0.6,Aston Villa,,St. Mary's Stadium,Lee Mason,Informe del partido,0,1
581,581,21,Dom,31/01/2021,12:00,Chelsea,1.2,0.2,Burnley,,Stamford Bridge,Graham Scott,Informe del partido,2,0
582,582,21,Dom,31/01/2021,14:00,Leicester City,1.8,2.1,Leeds United,,King Power Stadium,Chris Kavanagh,Informe del partido,1,3
583,583,21,Dom,31/01/2021,16:30,West Ham,0.8,2,Liverpool,,London Stadium,Jonathan Moss,Informe del partido,1,3
584,584,21,Dom,31/01/2021,19:15,Brighton,1.6,0.4,Tottenham,,The American Express Community Stadium,Peter Bankes,Informe del partido,1,0
585,585,22,Mar,02/02/2021,18:00,Sheffield Utd,1.3,1.6,West Brom,,Bramall Lane,Paul Tierney,Informe del partido,2,1
586,586,22,Mar,02/02/2021,18:00,Wolves,1.5,0.8,Arsenal,,Molineux Stadium,Craig Pawson,Informe del partido,2,1
587,587,22,Mar,02/02/2021,20:15,Manchester Utd,4.7,0.5,Southampton,,Old Trafford,Mike Dean,Informe del partido,9,0
588,588,22,Mar,02/02/2021,20:15,Newcastle Utd,1.9,0.7,Crystal Palace,,St. James' Park,Darren England,Informe del partido,1,2
589,589,22,Mié,03/02/2021,18:00,Burnley,0.1,2,Manchester City,,Turf Moor,Martin Atkinson,Informe del partido,0,2
590,590,22,Mié,03/02/2021,18:00,Fulham,0.6,1.4,Leicester City,,Craven Cottage,Robert Jones,Informe del partido,0,2
591,591,22,Mié,03/02/2021,19:30,Leeds United,1.3,1.6,Everton,,Elland Road,Michael Oliver,Informe del partido,1,2
592,592,22,Mié,03/02/2021,20:15,Liverpool,1,1.3,Brighton,,Anfield,Kevin Friend,Informe del partido,0,1
593,593,22,Mié,03/02/2021,20:15,Aston Villa,0.7,1.7,West Ham,,Villa Park,Andy Madley,Informe del partido,1,3
594,594,22,Jue,04/02/2021,20:00,Tottenham,0.6,1.6,Chelsea,,Tottenham Hotspur Stadium,Andre Marriner,Informe del partido,0,1
595,595,23,Sáb,06/02/2021,12:30,Aston Villa,1.2,0.8,Arsenal,,Villa Park,Chris Kavanagh,Informe del partido,1,0
596,596,23,Sáb,06/02/2021,15:00,Burnley,1.8,0.5,Brighton,,Turf Moor,Anthony Taylor,Informe del partido,1,1
597,597,23,Sáb,06/02/2021,15:00,Newcastle Utd,0.7,1.3,Southampton,,St. James' Park,Craig Pawson,Informe del partido,3,2
598,598,23,Sáb,06/02/2021,17:30,Fulham,1.5,1,West Ham,,Craven Cottage,Mike Dean,Informe del partido,0,0
599,599,23,Sáb,06/02/2021,20:00,Manchester Utd,1.8,1.5,Everton,,Old Trafford,Jonathan Moss,Informe del partido,3,3
600,600,23,Dom,07/02/2021,12:00,Tottenham,1.5,0.6,West Brom,,Tottenham Hotspur Stadium,Stuart Attwell,Informe del partido,2,0
601,601,23,Dom,07/02/2021,14:00,Wolves,1.1,0.8,Leicester City,,Molineux Stadium,Martin Atkinson,Informe del partido,0,0
602,602,23,Dom,07/02/2021,16:30,Liverpool,1.2,3.5,Manchester City,,Anfield,Michael Oliver,Informe del partido,1,4
603,603,23,Dom,07/02/2021,19:15,Sheffield Utd,0.6,1.6,Chelsea,,Bramall Lane,Kevin Friend,Informe del partido,1,2
604,604,23,Lun,08/02/2021,20:00,Leeds United,1.9,0.4,Crystal Palace,,Elland Road,Andre Marriner,Informe del partido,2,0
605,605,24,Sáb,13/02/2021,12:30,Leicester City,1.9,1.7,Liverpool,,King Power Stadium,Anthony Taylor,Informe del partido,3,1
606,606,24,Sáb,13/02/2021,15:00,Crystal Palace,0.5,1.4,Burnley,,Selhurst Park,Michael Oliver,Informe del partido,0,3
607,607,24,Sáb,13/02/2021,17:30,Manchester City,2.2,0.3,Tottenham,,Etihad Stadium,Paul Tierney,Informe del partido,3,0
608,608,24,Sáb,13/02/2021,20:00,Brighton,2.2,0.1,Aston Villa,,The American Express Community Stadium,Darren England,Informe del partido,0,0
609,609,24,Dom,14/02/2021,12:00,Southampton,0.8,1.1,Wolves,,St. Mary's Stadium,Graham Scott,Informe del partido,1,2
610,610,24,Dom,14/02/2021,14:00,West Brom,1,0.5,Manchester Utd,,The Hawthorns,Craig Pawson,Informe del partido,1,1
611,611,24,Dom,14/02/2021,16:30,Arsenal,2.3,0.9,Leeds United,,Emirates Stadium,Stuart Attwell,Informe del partido,4,2
612,612,24,Dom,14/02/2021,19:00,Everton,0.3,2.5,Fulham,,Goodison Park,Andy Madley,Informe del partido,0,2
613,613,24,Lun,15/02/2021,18:00,West Ham,1.9,0.7,Sheffield Utd,,London Stadium,Simon Hooper,Informe del partido,3,0
614,614,24,Lun,15/02/2021,20:00,Chelsea,2.2,0.6,Newcastle Utd,,Stamford Bridge,Peter Bankes,Informe del partido,2,0
615,615,17,Mié,17/02/2021,18:00,Burnley,0.9,0.5,Fulham,,Turf Moor,Jonathan Moss,Informe del partido,1,1
616,616,16,Mié,17/02/2021,20:15,Everton,1,1,Manchester City,,Goodison Park,Andre Marriner,Informe del partido,1,3
617,617,25,Vie,19/02/2021,20:00,Wolves,0.6,1.7,Leeds United,,Molineux Stadium,David Coote,Informe del partido,1,0
618,618,25,Sáb,20/02/2021,12:30,Southampton,0.6,1.2,Chelsea,,St. Mary's Stadium,Anthony Taylor,Informe del partido,1,1
619,619,25,Sáb,20/02/2021,15:00,Burnley,0.5,1.6,West Brom,,Turf Moor,Mike Dean,Informe del partido,0,0
620,620,25,Sáb,20/02/2021,17:30,Liverpool,1.4,1.6,Everton,,Anfield,Chris Kavanagh,Informe del partido,0,2
621,621,25,Sáb,20/02/2021,20:00,Fulham,1.2,0.9,Sheffield Utd,,Craven Cottage,Martin Atkinson,Informe del partido,1,0
622,622,25,Dom,21/02/2021,12:00,West Ham,1.1,1.1,Tottenham,,London Stadium,Craig Pawson,Informe del partido,2,1
623,623,25,Dom,21/02/2021,14:05,Aston Villa,1.4,1.1,Leicester City,,Villa Park,Michael Oliver,Informe del partido,1,2
624,624,25,Dom,21/02/2021,16:30,Arsenal,0.3,1.8,Manchester City,,Emirates Stadium,Jonathan Moss,Informe del partido,0,1
625,625,25,Dom,21/02/2021,19:00,Manchester Utd,1.7,0.4,Newcastle Utd,,Old Trafford,Paul Tierney,Informe del partido,3,1
626,626,25,Lun,22/02/2021,20:00,Brighton,2.4,0.2,Crystal Palace,,The American Express Community Stadium,Kevin Friend,Informe del partido,1,2
627,627,18,Mar,23/02/2021,18:00,Leeds United,1.3,0.9,Southampton,,Elland Road,Andre Marriner,Informe del partido,3,0
628,628,26,Sáb,27/02/2021,12:30,Manchester City,0.5,1.5,West Ham,,Etihad Stadium,Michael Oliver,Informe del partido,2,1
629,629,26,Sáb,27/02/2021,15:00,West Brom,0.8,2.9,Brighton,,The Hawthorns,Lee Mason,Informe del partido,1,0
630,630,26,Sáb,27/02/2021,17:30,Leeds United,0.9,0.7,Aston Villa,,Elland Road,Peter Bankes,Informe del partido,0,1
631,631,26,Sáb,27/02/2021,20:00,Newcastle Utd,1.7,1.1,Wolves,,St. James' Park,Mike Dean,Informe del partido,1,1
632,632,26,Dom,28/02/2021,12:00,Crystal Palace,0.1,1.4,Fulham,,Selhurst Park,Anthony Taylor,Informe del partido,0,0
633,633,26,Dom,28/02/2021,12:00,Leicester City,0.4,2.3,Arsenal,,King Power Stadium,Paul Tierney,Informe del partido,1,3
634,634,26,Dom,28/02/2021,14:00,Tottenham,2.1,0.7,Burnley,,Tottenham Hotspur Stadium,Kevin Friend,Informe del partido,4,0
635,635,26,Dom,28/02/2021,16:30,Chelsea,1.1,0.4,Manchester Utd,,Stamford Bridge,Stuart Attwell,Informe del partido,0,0
636,636,26,Dom,28/02/2021,19:15,Sheffield Utd,0.7,2.7,Liverpool,,Bramall Lane,Jonathan Moss,Informe del partido,0,2
637,637,26,Lun,01/03/2021,20:00,Everton,1.2,0.6,Southampton,,Goodison Park,Martin Atkinson,Informe del partido,1,0
638,638,29,Mar,02/03/2021,20:00,Manchester City,3.3,0.3,Wolves,,Etihad Stadium,Chris Kavanagh,Informe del partido,4,1
639,639,29,Mié,03/03/2021,18:00,Sheffield Utd,0.9,2.3,Aston Villa,,Bramall Lane,Robert Jones,Informe del partido,1,0
640,640,29,Mié,03/03/2021,18:00,Burnley,1.8,1.2,Leicester City,,Turf Moor,Andy Madley,Informe del partido,1,1
641,641,29,Mié,03/03/2021,20:15,Crystal Palace,0.9,0.9,Manchester Utd,,Selhurst Park,Andre Marriner,Informe del partido,0,0
642,642,29,Jue,04/03/2021,18:00,West Brom,1,1,Everton,,The Hawthorns,Darren England,Informe del partido,0,1
643,643,33,Jue,04/03/2021,18:00,Fulham,0.7,1.6,Tottenham,,Craven Cottage,David Coote,Informe del partido,0,1
644,644,29,Jue,04/03/2021,20:15,Liverpool,0.3,1,Chelsea,,Anfield,Martin Atkinson,Informe del partido,0,1
645,645,27,Sáb,06/03/2021,12:30,Burnley,1.1,2.5,Arsenal,,Turf Moor,Andre Marriner,Informe del partido,1,1
646,646,27,Sáb,06/03/2021,15:00,Sheffield Utd,0.7,1.9,Southampton,,Bramall Lane,Paul Tierney,Informe del partido,0,2
647,647,27,Sáb,06/03/2021,17:30,Aston Villa,0.6,1.6,Wolves,,Villa Park,Andy Madley,Informe del partido,0,0
648,648,27,Sáb,06/03/2021,20:00,Brighton,0.8,0.9,Leicester City,,The American Express Community Stadium,Michael Oliver,Informe del partido,1,2
649,649,27,Dom,07/03/2021,12:00,West Brom,2,0.5,Newcastle Utd,,The Hawthorns,Martin Atkinson,Informe del partido,0,0
650,650,27,Dom,07/03/2021,14:00,Liverpool,0.9,1.3,Fulham,,Anfield,Kevin Friend,Informe del partido,0,1
651,651,27,Dom,07/03/2021,16:30,Manchester City,1.3,1.7,Manchester Utd,,Etihad Stadium,Anthony Taylor,Informe del partido,0,2
652,652,27,Dom,07/03/2021,19:15,Tottenham,2.7,0.5,Crystal Palace,,Tottenham Hotspur Stadium,Stuart Attwell,Informe del partido,4,1
653,653,27,Lun,08/03/2021,18:00,Chelsea,2.4,0.3,Everton,,Stamford Bridge,David Coote,Informe del partido,2,0
654,654,27,Lun,08/03/2021,20:00,West Ham,1.8,1.4,Leeds United,,London Stadium,Mike Dean,Informe del partido,2,0
655,655,33,Mié,10/03/2021,18:00,Manchester City,2.6,1.6,Southampton,,Etihad Stadium,Jonathan Moss,Informe del partido,5,2
656,656,28,Vie,12/03/2021,20:00,Newcastle Utd,1.5,0.9,Aston Villa,,St. James' Park,Paul Tierney,Informe del partido,1,1
657,657,28,Sáb,13/03/2021,12:30,Leeds United,0.4,1,Chelsea,,Elland Road,Kevin Friend,Informe del partido,0,0
658,658,28,Sáb,13/03/2021,15:00,Crystal Palace,1.2,0.8,West Brom,,Selhurst Park,Simon Hooper,Informe del partido,1,0
659,659,28,Sáb,13/03/2021,17:30,Everton,1.5,0.8,Burnley,,Goodison Park,Jonathan Moss,Informe del partido,1,2
660,660,28,Sáb,13/03/2021,20:00,Fulham,0.3,2.2,Manchester City,,Craven Cottage,Andre Marriner,Informe del partido,0,3
661,661,28,Dom,14/03/2021,12:00,Southampton,0.6,0.8,Brighton,,St. Mary's Stadium,Stuart Attwell,Informe del partido,1,2
662,662,28,Dom,14/03/2021,14:00,Leicester City,4,0.1,Sheffield Utd,,King Power Stadium,Peter Bankes,Informe del partido,5,0
663,663,28,Dom,14/03/2021,16:30,Arsenal,1.7,0.4,Tottenham,,Emirates Stadium,Michael Oliver,Informe del partido,2,1
664,664,28,Dom,14/03/2021,19:15,Manchester Utd,1.5,0.6,West Ham,,Old Trafford,Martin Atkinson,Informe del partido,1,0
665,665,28,Lun,15/03/2021,20:00,Wolves,1.1,0.9,Liverpool,,Molineux Stadium,Craig Pawson,Informe del partido,0,1
666,666,29,Vie,19/03/2021,20:00,Fulham,1.6,1.3,Leeds United,,Craven Cottage,David Coote,Informe del partido,1,2
667,667,29,Sáb,20/03/2021,20:00,Brighton,0.9,0.1,Newcastle Utd,,The American Express Community Stadium,Anthony Taylor,Informe del partido,3,0
668,668,29,Dom,21/03/2021,15:00,West Ham,2.4,1.4,Arsenal,,London Stadium,Jonathan Moss,Informe del partido,3,3
669,669,18,Dom,21/03/2021,19:30,Aston Villa,0.4,1.8,Tottenham,,Villa Park,Mike Dean,Informe del partido,0,2
670,670,30,Sáb,03/04/2021,12:30,Chelsea,2.1,1.6,West Brom,,Stamford Bridge,David Coote,Informe del partido,2,5
671,671,30,Sáb,03/04/2021,15:00,Leeds United,2.4,1.1,Sheffield Utd,,Elland Road,Graham Scott,Informe del partido,2,1
672,672,30,Sáb,03/04/2021,17:30,Leicester City,0.3,1.4,Manchester City,,King Power Stadium,Anthony Taylor,Informe del partido,0,2
673,673,30,Sáb,03/04/2021,20:00,Arsenal,0.1,2.4,Liverpool,,Emirates Stadium,Stuart Attwell,Informe del partido,0,3
674,674,30,Dom,04/04/2021,12:00,Southampton,2.2,1.5,Burnley,,St. Mary's Stadium,Andre Marriner,Informe del partido,3,2
675,675,30,Dom,04/04/2021,14:05,Newcastle Utd,3.4,2.7,Tottenham,,St. James' Park,Craig Pawson,Informe del partido,2,2
676,676,30,Dom,04/04/2021,16:30,Aston Villa,1.5,1,Fulham,,Villa Park,Andy Madley,Informe del partido,3,1
677,677,30,Dom,04/04/2021,19:30,Manchester Utd,1.5,1.2,Brighton,,Old Trafford,Mike Dean,Informe del partido,2,1
678,678,30,Lun,05/04/2021,18:00,Everton,2.5,0.7,Crystal Palace,,Goodison Park,Kevin Friend,Informe del partido,1,1
679,679,30,Lun,05/04/2021,20:15,Wolves,2.1,1.3,West Ham,,Molineux Stadium,Michael Oliver,Informe del partido,2,3
680,680,31,Vie,09/04/2021,20:00,Fulham,0.9,0.5,Wolves,,Craven Cottage,Jonathan Moss,Informe del partido,0,1
681,681,31,Sáb,10/04/2021,12:30,Manchester City,2.1,0.1,Leeds United,,Etihad Stadium,Andre Marriner,Informe del partido,1,2
682,682,31,Sáb,10/04/2021,15:00,Liverpool,2.3,0.5,Aston Villa,,Anfield,Paul Tierney,Informe del partido,2,1
683,683,31,Sáb,10/04/2021,17:30,Crystal Palace,0.4,3.1,Chelsea,,Selhurst Park,Michael Oliver,Informe del partido,1,4
684,684,31,Dom,11/04/2021,12:00,Burnley,2,1.2,Newcastle Utd,,Turf Moor,Anthony Taylor,Informe del partido,1,2
685,685,31,Dom,11/04/2021,14:05,West Ham,0.8,0.9,Leicester City,,London Stadium,Mike Dean,Informe del partido,3,2
686,686,31,Dom,11/04/2021,16:30,Tottenham,0.9,2.1,Manchester Utd,,Tottenham Hotspur Stadium,Chris Kavanagh,Informe del partido,1,3
687,687,31,Dom,11/04/2021,19:00,Sheffield Utd,0.3,1.7,Arsenal,,Bramall Lane,Peter Bankes,Informe del partido,0,3
688,688,31,Lun,12/04/2021,18:00,West Brom,3,1.5,Southampton,,The Hawthorns,Simon Hooper,Informe del partido,3,0
689,689,31,Lun,12/04/2021,20:15,Brighton,1.2,0.4,Everton,,The American Express Community Stadium,Darren England,Informe del partido,0,0
690,690,32,Vie,16/04/2021,20:00,Everton,1.8,1.4,Tottenham,,Goodison Park,Michael Oliver,Informe del partido,2,2
691,691,32,Sáb,17/04/2021,12:30,Newcastle Utd,2.2,1.9,West Ham,,St. James' Park,Kevin Friend,Informe del partido,3,2
692,692,32,Sáb,17/04/2021,20:15,Wolves,1.1,0.5,Sheffield Utd,,Molineux Stadium,Robert Jones,Informe del partido,1,0
693,693,32,Dom,18/04/2021,13:30,Arsenal,2.7,0.9,Fulham,,Emirates Stadium,Craig Pawson,Informe del partido,1,1
694,694,32,Dom,18/04/2021,16:00,Manchester Utd,2.5,0.9,Burnley,,Old Trafford,Jonathan Moss,Informe del partido,3,1
695,695,32,Lun,19/04/2021,20:00,Leeds United,2.3,1.4,Liverpool,,Elland Road,Anthony Taylor,Informe del partido,1,1
696,696,32,Mar,20/04/2021,20:15,Chelsea,0.7,0.5,Brighton,,Stamford Bridge,Stuart Attwell,Informe del partido,0,0
697,697,29,Mié,21/04/2021,18:00,Tottenham,1.4,0.8,Southampton,,Tottenham Hotspur Stadium,David Coote,Informe del partido,2,1
698,698,32,Mié,21/04/2021,20:15,Aston Villa,0.7,1.2,Manchester City,,Villa Park,Peter Bankes,Informe del partido,1,2
699,699,32,Jue,22/04/2021,20:00,Leicester City,2.1,0.5,West Brom,,King Power Stadium,Andy Madley,Informe del partido,3,0
700,700,33,Vie,23/04/2021,20:00,Arsenal,0.8,0.5,Everton,,Emirates Stadium,Jonathan Moss,Informe del partido,0,1
701,701,33,Sáb,24/04/2021,12:30,Liverpool,2.4,1,Newcastle Utd,,Anfield,Andre Marriner,Informe del partido,1,1
702,702,33,Sáb,24/04/2021,17:30,West Ham,0.4,2.5,Chelsea,,London Stadium,Chris Kavanagh,Informe del partido,0,1
703,703,33,Sáb,24/04/2021,20:00,Sheffield Utd,0.7,2,Brighton,,Bramall Lane,Kevin Friend,Informe del partido,1,0
704,704,33,Dom,25/04/2021,12:00,Wolves,0.4,2,Burnley,,Molineux Stadium,Darren England,Informe del partido,0,4
705,705,33,Dom,25/04/2021,14:00,Leeds United,0.3,1.2,Manchester Utd,,Elland Road,Craig Pawson,Informe del partido,0,0
706,706,33,Dom,25/04/2021,19:00,Aston Villa,3.2,1.5,West Brom,,Villa Park,Stuart Attwell,Informe del partido,2,2
707,707,33,Lun,26/04/2021,20:00,Leicester City,1.5,0.7,Crystal Palace,,King Power Stadium,Graham Scott,Informe del partido,2,1
708,708,34,Vie,30/04/2021,20:00,Southampton,0.9,1.9,Leicester City,,St. Mary's Stadium,Robert Jones,Informe del partido,1,1
709,709,34,Sáb,01/05/2021,12:30,Crystal Palace,0.9,1.7,Manchester City,,Selhurst Park,David Coote,Informe del partido,0,2
710,710,34,Sáb,01/05/2021,15:00,Brighton,2.3,0.6,Leeds United,,The American Express Community Stadium,Chris Kavanagh,Informe del partido,2,0
711,711,34,Sáb,01/05/2021,17:30,Chelsea,1.7,0.3,Fulham,,Stamford Bridge,Kevin Friend,Informe del partido,2,0
712,712,34,Sáb,01/05/2021,20:00,Everton,1,1.6,Aston Villa,,Goodison Park,Simon Hooper,Informe del partido,1,2
713,713,34,Dom,02/05/2021,14:00,Newcastle Utd,0.3,2,Arsenal,,St. James' Park,Mike Dean,Informe del partido,0,2
714,714,34,Dom,02/05/2021,19:15,Tottenham,2.2,0.5,Sheffield Utd,,Tottenham Hotspur Stadium,Andre Marriner,Informe del partido,4,0
715,715,34,Lun,03/05/2021,18:00,West Brom,1.1,1,Wolves,,The Hawthorns,Paul Tierney,Informe del partido,1,1
716,716,34,Lun,03/05/2021,20:15,Burnley,2,2.3,West Ham,,Turf Moor,Anthony Taylor,Informe del partido,1,2
717,717,35,Vie,07/05/2021,20:00,Leicester City,2.2,2.7,Newcastle Utd,,King Power Stadium,Darren England,Informe del partido,2,4
718,718,35,Sáb,08/05/2021,12:30,Leeds United,2.5,0.9,Tottenham,,Elland Road,Michael Oliver,Informe del partido,3,1
719,719,35,Sáb,08/05/2021,15:00,Sheffield Utd,0.7,2,Crystal Palace,,Bramall Lane,Simon Hooper,Informe del partido,0,2
720,720,35,Sáb,08/05/2021,17:30,Manchester City,1.8,0.7,Chelsea,,Etihad Stadium,Anthony Taylor,Informe del partido,1,2
721,721,35,Sáb,08/05/2021,20:15,Liverpool,1.7,1.1,Southampton,,Anfield,Kevin Friend,Informe del partido,2,0
722,722,35,Dom,09/05/2021,12:00,Wolves,1.1,0.3,Brighton,,Molineux Stadium,Jonathan Moss,Informe del partido,2,1
723,723,35,Dom,09/05/2021,14:05,Aston Villa,0.5,1.7,Manchester Utd,,Villa Park,Chris Kavanagh,Informe del partido,1,3
724,724,35,Dom,09/05/2021,16:30,West Ham,1.3,1.5,Everton,,London Stadium,Stuart Attwell,Informe del partido,0,1
725,725,35,Dom,09/05/2021,19:00,Arsenal,0.9,1.8,West Brom,,Emirates Stadium,Peter Bankes,Informe del partido,3,1
726,726,35,Lun,10/05/2021,20:00,Fulham,1,1.5,Burnley,,Craven Cottage,David Coote,Informe del partido,0,2
727,727,36,Mar,11/05/2021,18:00,Manchester Utd,0.2,0.9,Leicester City,,Old Trafford,Craig Pawson,Informe del partido,1,2
728,728,32,Mar,11/05/2021,20:15,Southampton,1.2,1.5,Crystal Palace,,St. Mary's Stadium,Andy Madley,Informe del partido,3,1
729,729,36,Mié,12/05/2021,20:15,Chelsea,1.8,0.6,Arsenal,,Stamford Bridge,Andre Marriner,Informe del partido,0,1
730,730,19,Jue,13/05/2021,18:00,Aston Villa,0.6,1,Everton,,Villa Park,Martin Atkinson,Informe del partido,0,0
731,731,34,Jue,13/05/2021,20:15,Manchester Utd,1.9,2.7,Liverpool,,Old Trafford,Anthony Taylor,Informe del partido,2,4
732,732,36,Vie,14/05/2021,20:00,Newcastle Utd,2.2,1.5,Manchester City,,St. James' Park,Kevin Friend,Informe del partido,3,4
733,733,36,Sáb,15/05/2021,12:30,Burnley,1.3,1.5,Leeds United,,Turf Moor,Graham Scott,Informe del partido,0,4
734,734,36,Sáb,15/05/2021,15:00,Southampton,1.6,0.8,Fulham,,St. Mary's Stadium,Craig Pawson,Informe del partido,3,1
735,735,36,Sáb,15/05/2021,20:00,Brighton,0.8,1.7,West Ham,,The American Express Community Stadium,Andre Marriner,Informe del partido,1,1
736,736,36,Dom,16/05/2021,12:00,Crystal Palace,1.9,1.4,Aston Villa,,Selhurst Park,David Coote,Informe del partido,3,2
737,737,36,Dom,16/05/2021,14:05,Tottenham,3.2,0.9,Wolves,,Tottenham Hotspur Stadium,Martin Atkinson,Informe del partido,2,0
738,738,36,Dom,16/05/2021,16:30,West Brom,1,1.9,Liverpool,,The Hawthorns,Mike Dean,Informe del partido,1,2
739,739,36,Dom,16/05/2021,19:00,Everton,1.4,1.2,Sheffield Utd,,Goodison Park,Jonathan Moss,Informe del partido,0,1
740,740,37,Mar,18/05/2021,18:00,Manchester Utd,0.9,0.9,Fulham,10000,Old Trafford,Lee Mason,Informe del partido,1,1
741,741,37,Mar,18/05/2021,18:00,Southampton,1.6,1.7,Leeds United,8000,St. Mary's Stadium,Peter Bankes,Informe del partido,0,2
742,742,37,Mar,18/05/2021,19:00,Brighton,1.1,0.9,Manchester City,7945,The American Express Community Stadium,Stuart Attwell,Informe del partido,3,2
743,743,37,Mar,18/05/2021,20:15,Chelsea,3.1,0.8,Leicester City,8000,Stamford Bridge,Mike Dean,Informe del partido,2,1
744,744,37,Mié,19/05/2021,18:00,Newcastle Utd,1.6,0.9,Sheffield Utd,10000,St. James' Park,Robert Jones,Informe del partido,1,0
745,745,37,Mié,19/05/2021,18:00,Tottenham,0.8,1.4,Aston Villa,10000,Tottenham Hotspur Stadium,Craig Pawson,Informe del partido,1,2
746,746,37,Mié,19/05/2021,18:00,Everton,0.7,0.3,Wolves,4988,Goodison Park,Andy Madley,Informe del partido,1,0
747,747,37,Mié,19/05/2021,19:00,Crystal Palace,1,1.8,Arsenal,6500,Selhurst Park,Anthony Taylor,Informe del partido,1,3
748,748,37,Mié,19/05/2021,20:15,Burnley,0.8,2.6,Liverpool,3387,Turf Moor,Chris Kavanagh,Informe del partido,0,3
749,749,37,Mié,19/05/2021,20:15,West Brom,1.1,3.4,West Ham,5371,The Hawthorns,Michael Oliver,Informe del partido,1,3
750,750,38,Dom,23/05/2021,16:00,Aston Villa,1.1,3.3,Chelsea,10000,Villa Park,Stuart Attwell,Informe del partido,2,1
751,751,38,Dom,23/05/2021,16:00,Leicester City,1.9,1.5,Tottenham,8000,King Power Stadium,Anthony Taylor,Informe del partido,2,4
752,752,38,Dom,23/05/2021,16:00,Manchester City,2.5,1.1,Everton,10000,Etihad Stadium,Michael Oliver,Informe del partido,5,0
753,753,38,Dom,23/05/2021,16:00,Sheffield Utd,0.5,1.1,Burnley,5000,Bramall Lane,Kevin Friend,Informe del partido,1,0
754,754,38,Dom,23/05/2021,16:00,Wolves,0.9,2,Manchester Utd,4500,Molineux Stadium,Mike Dean,Informe del partido,1,2
755,755,38,Dom,23/05/2021,16:00,West Ham,1.3,1.5,Southampton,10000,London Stadium,Martin Atkinson,Informe del partido,3,0
756,756,38,Dom,23/05/2021,16:00,Leeds United,2.3,1,West Brom,8000,Elland Road,David Coote,Informe del partido,3,1
757,757,38,Dom,23/05/2021,16:00,Arsenal,0.8,0.2,Brighton,10000,Emirates Stadium,Jonathan Moss,Informe del partido,2,0
758,758,38,Dom,23/05/2021,16:00,Liverpool,1.6,0.6,Crystal Palace,9901,Anfield,Craig Pawson,Informe del partido,2,0
759,759,38,Dom,23/05/2021,16:00,Fulham,1,1.3,Newcastle Utd,2000,Craven Cottage,Chris Kavanagh,Informe del partido,0,2
760,760,1,Vie,13/08/2021,20:00,Brentford,1.2,1.3,Arsenal,16479,Brentford Community Stadium,Michael Oliver,Informe del partido,2,0
761,761,1,Sáb,14/08/2021,12:30,Manchester Utd,1.5,0.5,Leeds United,72732,Old Trafford,Paul Tierney,Informe del partido,5,1
762,762,1,Sáb,14/08/2021,15:00,Leicester City,0.5,1.3,Wolves,31983,King Power Stadium,Craig Pawson,Informe del partido,1,0
763,763,1,Sáb,14/08/2021,15:00,Burnley,1.5,1,Brighton,16910,Turf Moor,David Coote,Informe del partido,1,2
764,764,1,Sáb,14/08/2021,15:00,Chelsea,0.7,0.2,Crystal Palace,38965,Stamford Bridge,Jonathan Moss,Informe del partido,3,0
765,765,1,Sáb,14/08/2021,15:00,Watford,1.2,1.2,Aston Villa,20051,Vicarage Road Stadium,Mike Dean,Informe del partido,3,2
766,766,1,Sáb,14/08/2021,15:00,Everton,2.4,0.8,Southampton,38487,Goodison Park,Andy Madley,Informe del partido,3,1
767,767,1,Sáb,14/08/2021,17:30,Norwich City,1.4,1.6,Liverpool,27023,Carrow Road,Andre Marriner,Informe del partido,0,3
768,768,1,Dom,15/08/2021,14:00,Newcastle Utd,1.8,2.7,West Ham,50673,St. James' Park,Martin Atkinson,Informe del partido,2,4
769,769,1,Dom,15/08/2021,16:30,Tottenham,1,1.8,Manchester City,58262,Tottenham Hotspur Stadium,Anthony Taylor,Informe del partido,1,0
770,770,2,Sáb,21/08/2021,12:30,Liverpool,2.7,0.9,Burnley,52591,Anfield,Mike Dean,Informe del partido,2,0
771,771,2,Sáb,21/08/2021,15:00,Aston Villa,1.2,0.7,Newcastle Utd,41964,Villa Park,David Coote,Informe del partido,2,0
772,772,2,Sáb,21/08/2021,15:00,Manchester City,2.6,0.1,Norwich City,51437,Etihad Stadium,Graham Scott,Informe del partido,5,0
773,773,2,Sáb,21/08/2021,15:00,Leeds United,1.2,1.8,Everton,36293,Elland Road,Darren England,Informe del partido,2,2
774,774,2,Sáb,21/08/2021,15:00,Crystal Palace,0.5,0.9,Brentford,23091,Selhurst Park,Martin Atkinson,Informe del partido,0,0
775,775,2,Sáb,21/08/2021,17:30,Brighton,1.3,0.5,Watford,29485,The American Express Community Stadium,Anthony Taylor,Informe del partido,2,0
776,776,2,Dom,22/08/2021,14:00,Wolves,1.7,1.7,Tottenham,30368,Molineux Stadium,Stuart Attwell,Informe del partido,0,1
777,777,2,Dom,22/08/2021,14:00,Southampton,0.7,1.8,Manchester Utd,32000,St. Mary's Stadium,Craig Pawson,Informe del partido,1,1
778,778,2,Dom,22/08/2021,16:30,Arsenal,0.3,3.1,Chelsea,58729,Emirates Stadium,Paul Tierney,Informe del partido,0,2
779,779,2,Lun,23/08/2021,20:00,West Ham,2.3,0.6,Leicester City,59901,London Stadium,Michael Oliver,Informe del partido,4,1
780,780,3,Sáb,28/08/2021,12:30,Manchester City,4.4,0.2,Arsenal,52276,Etihad Stadium,Martin Atkinson,Informe del partido,5,0
781,781,3,Sáb,28/08/2021,15:00,Norwich City,1.5,1.5,Leicester City,26765,Carrow Road,Robert Jones,Informe del partido,1,2
782,782,3,Sáb,28/08/2021,15:00,West Ham,1.3,1.1,Crystal Palace,59751,London Stadium,Stuart Attwell,Informe del partido,2,2
783,783,3,Sáb,28/08/2021,15:00,Aston Villa,0.7,0.9,Brentford,42045,Villa Park,Peter Bankes,Informe del partido,1,1
784,784,3,Sáb,28/08/2021,15:00,Newcastle Utd,1,3.6,Southampton,44017,St. James' Park,Paul Tierney,Informe del partido,2,2
785,785,3,Sáb,28/08/2021,15:00,Brighton,0.7,1.4,Everton,30548,The American Express Community Stadium,Jonathan Moss,Informe del partido,0,2
786,786,3,Sáb,28/08/2021,17:30,Liverpool,2.5,0.6,Chelsea,54000,Anfield,Anthony Taylor,Informe del partido,1,1
787,787,3,Dom,29/08/2021,14:00,Burnley,1,1.2,Leeds United,20000,Turf Moor,Michael Oliver,Informe del partido,1,1
788,788,3,Dom,29/08/2021,14:00,Tottenham,1,0.8,Watford,57672,Tottenham Hotspur Stadium,Andre Marriner,Informe del partido,1,0
789,789,3,Dom,29/08/2021,16:30,Wolves,2.1,0.6,Manchester Utd,30621,Molineux Stadium,Mike Dean,Informe del partido,0,1
790,790,4,Sáb,11/09/2021,12:30,Crystal Palace,2.1,0.1,Tottenham,26000,Selhurst Park,Jonathan Moss,Informe del partido,3,0
791,791,4,Sáb,11/09/2021,15:00,Watford,0.2,2.2,Wolves,20019,Vicarage Road Stadium,Peter Bankes,Informe del partido,0,2
792,792,4,Sáb,11/09/2021,15:00,Brentford,0.4,0.3,Brighton,16518,Brentford Community Stadium,Graham Scott,Informe del partido,0,1
793,793,4,Sáb,11/09/2021,15:00,Arsenal,2.7,0.7,Norwich City,58000,Emirates Stadium,Michael Oliver,Informe del partido,1,0
794,794,4,Sáb,11/09/2021,15:00,Manchester Utd,2.5,0.4,Newcastle Utd,72732,Old Trafford,Anthony Taylor,Informe del partido,4,1
795,795,4,Sáb,11/09/2021,15:00,Leicester City,0.6,2.8,Manchester City,32087,King Power Stadium,Paul Tierney,Informe del partido,0,1
796,796,4,Sáb,11/09/2021,15:00,Southampton,0.7,0.7,West Ham,30000,St. Mary's Stadium,David Coote,Informe del partido,0,0
797,797,4,Sáb,11/09/2021,17:30,Chelsea,1.3,1.2,Aston Villa,39969,Stamford Bridge,Stuart Attwell,Informe del partido,3,0
798,798,4,Dom,12/09/2021,16:30,Leeds United,1.2,4.3,Liverpool,36507,Elland Road,Craig Pawson,Informe del partido,0,3
799,799,4,Lun,13/09/2021,20:00,Everton,1.4,1,Burnley,30000,Goodison Park,Martin Atkinson,Informe del partido,3,1
800,800,5,Vie,17/09/2021,20:00,Newcastle Utd,1.3,1.5,Leeds United,50407,St. James' Park,Mike Dean,Informe del partido,1,1
801,801,5,Sáb,18/09/2021,12:30,Wolves,0.6,2.5,Brentford,30000,Molineux Stadium,Darren England,Informe del partido,0,2
802,802,5,Sáb,18/09/2021,15:00,Manchester City,1,0.4,Southampton,52698,Etihad Stadium,Jonathan Moss,Informe del partido,0,0
803,803,5,Sáb,18/09/2021,15:00,Liverpool,3.1,0.6,Crystal Palace,52000,Anfield,Andy Madley,Informe del partido,3,0
804,804,5,Sáb,18/09/2021,15:00,Norwich City,1,2.4,Watford,26649,Carrow Road,Robert Jones,Informe del partido,1,3
805,805,5,Sáb,18/09/2021,15:00,Burnley,1,1.1,Arsenal,20000,Turf Moor,Anthony Taylor,Informe del partido,0,1
806,806,5,Sáb,18/09/2021,17:30,Aston Villa,0.8,0.7,Everton,41888,Villa Park,Craig Pawson,Informe del partido,3,0
807,807,5,Dom,19/09/2021,14:00,West Ham,1.6,2,Manchester Utd,60000,London Stadium,Martin Atkinson,Informe del partido,1,2
808,808,5,Dom,19/09/2021,14:00,Brighton,1.7,1.6,Leicester City,31078,The American Express Community Stadium,Stuart Attwell,Informe del partido,2,1
809,809,5,Dom,19/09/2021,16:30,Tottenham,0.5,2.1,Chelsea,60059,Tottenham Hotspur Stadium,Paul Tierney,Informe del partido,0,3
810,810,6,Sáb,25/09/2021,12:30,Manchester Utd,2.2,1,Aston Villa,72922,Old Trafford,Mike Dean,Informe del partido,0,1
811,811,6,Sáb,25/09/2021,12:30,Chelsea,0.2,1.7,Manchester City,40036,Stamford Bridge,Michael Oliver,Informe del partido,0,1
812,812,6,Sáb,25/09/2021,15:00,Leicester City,2.4,0.5,Burnley,31650,King Power Stadium,Chris Kavanagh,Informe del partido,2,2
813,813,6,Sáb,25/09/2021,15:00,Leeds United,1.2,1.6,West Ham,36417,Elland Road,Kevin Friend,Informe del partido,1,2
814,814,6,Sáb,25/09/2021,15:00,Watford,0.9,1.9,Newcastle Utd,20650,Vicarage Road Stadium,Jarred Gillett,Informe del partido,1,1
815,815,6,Sáb,25/09/2021,15:00,Everton,1.9,0.5,Norwich City,38821,Goodison Park,David Coote,Informe del partido,2,0
816,816,6,Sáb,25/09/2021,17:30,Brentford,2.1,2.8,Liverpool,16876,Brentford Community Stadium,Stuart Attwell,Informe del partido,3,3
817,817,6,Dom,26/09/2021,14:00,Southampton,1,1,Wolves,28002,St. Mary's Stadium,Andy Madley,Informe del partido,0,1
818,818,6,Dom,26/09/2021,16:30,Arsenal,1.1,1,Tottenham,59919,Emirates Stadium,Craig Pawson,Informe del partido,3,1
819,819,6,Lun,27/09/2021,20:00,Crystal Palace,1.4,0.8,Brighton,22975,Selhurst Park,Andre Marriner,Informe del partido,1,1
820,820,7,Sáb,02/10/2021,12:30,Manchester Utd,1,1.3,Everton,73128,Old Trafford,Michael Oliver,Informe del partido,1,1
821,821,7,Sáb,02/10/2021,15:00,Wolves,1,0.6,Newcastle Utd,30483,Molineux Stadium,Graham Scott,Informe del partido,2,1
822,822,7,Sáb,02/10/2021,15:00,Burnley,1.2,0.6,Norwich City,17427,Turf Moor,Kevin Friend,Informe del partido,0,0
823,823,7,Sáb,02/10/2021,15:00,Chelsea,3.3,1.3,Southampton,40109,Stamford Bridge,Martin Atkinson,Informe del partido,3,1
824,824,7,Sáb,02/10/2021,15:00,Leeds United,1.3,0.2,Watford,36261,Elland Road,Simon Hooper,Informe del partido,1,0
825,825,7,Sáb,02/10/2021,17:30,Brighton,1.1,0.4,Arsenal,31266,The American Express Community Stadium,Jonathan Moss,Informe del partido,0,0
826,826,7,Dom,03/10/2021,14:00,Tottenham,1.3,1.2,Aston Villa,53076,Tottenham Hotspur Stadium,Chris Kavanagh,Informe del partido,2,1
827,827,7,Dom,03/10/2021,14:00,Crystal Palace,1.5,1.2,Leicester City,25000,Selhurst Park,Anthony Taylor,Informe del partido,2,2
828,828,7,Dom,03/10/2021,14:00,West Ham,1.5,1.2,Brentford,49940,London Stadium,Peter Bankes,Informe del partido,1,2
829,829,7,Dom,03/10/2021,16:30,Liverpool,0.9,1.2,Manchester City,53102,Anfield,Paul Tierney,Informe del partido,2,2
830,830,8,Sáb,16/10/2021,12:30,Watford,0.5,3.3,Liverpool,21085,Vicarage Road Stadium,Jonathan Moss,Informe del partido,0,5
831,831,8,Sáb,16/10/2021,15:00,Leicester City,2.4,1.2,Manchester Utd,32219,King Power Stadium,Craig Pawson,Informe del partido,4,2
832,832,8,Sáb,16/10/2021,15:00,Manchester City,2.1,0.9,Burnley,52711,Etihad Stadium,Martin Atkinson,Informe del partido,2,0
833,833,8,Sáb,16/10/2021,15:00,Southampton,1.9,0.2,Leeds United,30506,St. Mary's Stadium,David Coote,Informe del partido,1,0
834,834,8,Sáb,16/10/2021,15:00,Aston Villa,1,2,Wolves,41951,Villa Park,Michael Oliver,Informe del partido,2,3
835,835,8,Sáb,16/10/2021,15:00,Norwich City,1.2,0.8,Brighton,26777,Carrow Road,Peter Bankes,Informe del partido,0,0
836,836,8,Sáb,16/10/2021,17:30,Brentford,1.4,0.3,Chelsea,16940,Brentford Community Stadium,Anthony Taylor,Informe del partido,0,1
837,837,8,Dom,17/10/2021,14:00,Everton,0.9,1.2,West Ham,39132,Goodison Park,Stuart Attwell,Informe del partido,0,1
838,838,8,Dom,17/10/2021,16:30,Newcastle Utd,0.4,1.7,Tottenham,52214,St. James' Park,Andre Marriner,Informe del partido,2,3
839,839,8,Lun,18/10/2021,20:00,Arsenal,1.7,0.7,Crystal Palace,59475,Emirates Stadium,Mike Dean,Informe del partido,2,2
840,840,9,Vie,22/10/2021,20:00,Arsenal,2.7,1.4,Aston Villa,59496,Emirates Stadium,Craig Pawson,Informe del partido,3,1
841,841,9,Sáb,23/10/2021,12:30,Chelsea,3.1,0.1,Norwich City,40113,Stamford Bridge,Andy Madley,Informe del partido,7,0
842,842,9,Sáb,23/10/2021,15:00,Leeds United,1.6,0.9,Wolves,36475,Elland Road,Robert Jones,Informe del partido,1,1
843,843,9,Sáb,23/10/2021,15:00,Crystal Palace,1.9,0.3,Newcastle Utd,24609,Selhurst Park,Darren England,Informe del partido,1,1
844,844,9,Sáb,23/10/2021,15:00,Everton,1.5,3.7,Watford,38834,Goodison Park,Graham Scott,Informe del partido,2,5
845,845,9,Sáb,23/10/2021,15:00,Southampton,1.6,0.7,Burnley,29145,St. Mary's Stadium,Chris Kavanagh,Informe del partido,2,2
846,846,9,Sáb,23/10/2021,17:30,Brighton,1.3,3.8,Manchester City,31215,The American Express Community Stadium,Kevin Friend,Informe del partido,1,4
847,847,9,Dom,24/10/2021,14:00,West Ham,1.3,0.7,Tottenham,59924,London Stadium,Paul Tierney,Informe del partido,1,0
848,848,9,Dom,24/10/2021,14:00,Brentford,1,1.5,Leicester City,16814,Brentford Community Stadium,Simon Hooper,Informe del partido,1,2
849,849,9,Dom,24/10/2021,16:30,Manchester Utd,1.6,3.4,Liverpool,73088,Old Trafford,Anthony Taylor,Informe del partido,0,5
850,850,10,Sáb,30/10/2021,12:30,Leicester City,1.3,0.7,Arsenal,32209,King Power Stadium,Michael Oliver,Informe del partido,0,2
851,851,10,Sáb,30/10/2021,15:00,Newcastle Utd,0.2,2.2,Chelsea,52208,St. James' Park,Paul Tierney,Informe del partido,0,3
852,852,10,Sáb,30/10/2021,15:00,Liverpool,1.5,1,Brighton,52598,Anfield,Mike Dean,Informe del partido,2,2
853,853,10,Sáb,30/10/2021,15:00,Burnley,2.3,0.8,Brentford,18821,Turf Moor,Jonathan Moss,Informe del partido,3,1
854,854,10,Sáb,30/10/2021,15:00,Watford,1,1.8,Southampton,20869,Vicarage Road Stadium,Peter Bankes,Informe del partido,0,1
855,855,10,Sáb,30/10/2021,15:00,Manchester City,0.7,0.7,Crystal Palace,53014,Etihad Stadium,Andre Marriner,Informe del partido,0,2
856,856,10,Sáb,30/10/2021,17:30,Tottenham,1,1.5,Manchester Utd,60356,Tottenham Hotspur Stadium,Stuart Attwell,Informe del partido,0,3
857,857,10,Dom,31/10/2021,14:00,Norwich City,0.8,0.7,Leeds United,26913,Carrow Road,Anthony Taylor,Informe del partido,1,2
858,858,10,Dom,31/10/2021,16:30,Aston Villa,0.7,2.3,West Ham,41874,Villa Park,Chris Kavanagh,Informe del partido,1,4
859,859,10,Lun,01/11/2021,20:00,Wolves,1.7,1.5,Everton,30617,Molineux Stadium,Martin Atkinson,Informe del partido,2,1
860,860,11,Vie,05/11/2021,20:00,Southampton,0.6,0.6,Aston Villa,30178,St. Mary's Stadium,Andy Madley,Informe del partido,1,0
861,861,11,Sáb,06/11/2021,12:30,Manchester Utd,0.9,1.6,Manchester City,73086,Old Trafford,Michael Oliver,Informe del partido,0,2
862,862,11,Sáb,06/11/2021,15:00,Brentford,2.5,1.2,Norwich City,16837,Brentford Community Stadium,Jarred Gillett,Informe del partido,1,2
863,863,11,Sáb,06/11/2021,15:00,Chelsea,1.8,0.7,Burnley,39798,Stamford Bridge,Andre Marriner,Informe del partido,1,1
864,864,11,Sáb,06/11/2021,15:00,Crystal Palace,1.9,0.3,Wolves,24390,Selhurst Park,Graham Scott,Informe del partido,2,0
865,865,11,Sáb,06/11/2021,17:30,Brighton,1.5,0.3,Newcastle Utd,31267,The American Express Community Stadium,David Coote,Informe del partido,1,1
866,866,11,Dom,07/11/2021,14:00,Everton,0.6,0.7,Tottenham,39059,Goodison Park,Chris Kavanagh,Informe del partido,0,0
867,867,11,Dom,07/11/2021,14:00,Leeds United,1.3,0.7,Leicester City,36478,Elland Road,Darren England,Informe del partido,1,1
868,868,11,Dom,07/11/2021,14:00,Arsenal,1.6,0.5,Watford,59833,Emirates Stadium,Kevin Friend,Informe del partido,1,0
869,869,11,Dom,07/11/2021,16:30,West Ham,1,1.2,Liverpool,59909,London Stadium,Craig Pawson,Informe del partido,3,2
870,870,12,Sáb,20/11/2021,12:30,Leicester City,0.4,2,Chelsea,35497,King Power Stadium,Paul Tierney,Informe del partido,0,3
871,871,12,Sáb,20/11/2021,15:00,Wolves,1.4,0.4,West Ham,30667,Molineux Stadium,Mike Dean,Informe del partido,1,0
872,872,12,Sáb,20/11/2021,15:00,Watford,2.7,1.4,Manchester Utd,21087,Vicarage Road Stadium,Jonathan Moss,Informe del partido,4,1
873,873,12,Sáb,20/11/2021,15:00,Norwich City,0.5,1,Southampton,26885,Carrow Road,Martin Atkinson,Informe del partido,2,1
874,874,12,Sáb,20/11/2021,15:00,Aston Villa,0.7,0.4,Brighton,41925,Villa Park,Anthony Taylor,Informe del partido,2,0
875,875,12,Sáb,20/11/2021,15:00,Newcastle Utd,1.5,0.9,Brentford,52131,St. James' Park,Robert Jones,Informe del partido,3,3
876,876,12,Sáb,20/11/2021,15:00,Burnley,1.5,1.9,Crystal Palace,18028,Turf Moor,Simon Hooper,Informe del partido,3,3
877,877,12,Sáb,20/11/2021,17:30,Liverpool,4.3,0.4,Arsenal,53092,Anfield,Michael Oliver,Informe del partido,4,0
878,878,12,Dom,21/11/2021,14:00,Manchester City,2.5,0.2,Everton,52571,Etihad Stadium,Stuart Attwell,Informe del partido,3,0
879,879,12,Dom,21/11/2021,16:30,Tottenham,2.1,1.4,Leeds United,58989,Tottenham Hotspur Stadium,Andre Marriner,Informe del partido,2,1
880,880,13,Sáb,27/11/2021,12:30,Arsenal,2.5,0.3,Newcastle Utd,59886,Emirates Stadium,Stuart Attwell,Informe del partido,2,0
881,881,13,Sáb,27/11/2021,15:00,Crystal Palace,1,0.5,Aston Villa,25203,Selhurst Park,Michael Salisbury,Informe del partido,1,2
882,882,13,Sáb,27/11/2021,15:00,Liverpool,2.9,1,Southampton,53040,Anfield,Andre Marriner,Informe del partido,4,0
883,883,13,Sáb,27/11/2021,15:00,Norwich City,1.6,0.3,Wolves,26911,Carrow Road,Simon Hooper,Informe del partido,0,0
884,884,13,Sáb,27/11/2021,17:30,Brighton,2.1,0.6,Leeds United,31166,The American Express Community Stadium,Craig Pawson,Informe del partido,0,0
885,885,13,Dom,28/11/2021,14:00,Brentford,1.2,1,Everton,16957,Brentford Community Stadium,Darren England,Informe del partido,1,0
886,886,13,Dom,28/11/2021,14:00,Leicester City,2.1,2.8,Watford,32020,King Power Stadium,Andy Madley,Informe del partido,4,2
887,887,13,Dom,28/11/2021,14:00,Manchester City,2.1,0.2,West Ham,53245,Etihad Stadium,Michael Oliver,Informe del partido,2,1
888,888,13,Dom,28/11/2021,16:30,Chelsea,2.7,0.9,Manchester Utd,40041,Stamford Bridge,Anthony Taylor,Informe del partido,1,1
889,889,14,Mar,30/11/2021,19:30,Newcastle Utd,1.1,1.2,Norwich City,50757,St. James' Park,Andy Madley,Informe del partido,1,1
890,890,14,Mar,30/11/2021,20:15,Leeds United,1.4,1.1,Crystal Palace,35558,Elland Road,Kevin Friend,Informe del partido,1,0
891,891,14,Mié,01/12/2021,19:30,Southampton,1.5,1.5,Leicester City,26951,St. Mary's Stadium,Robert Jones,Informe del partido,2,2
892,892,14,Mié,01/12/2021,19:30,West Ham,1.3,1.3,Brighton,59626,London Stadium,Chris Kavanagh,Informe del partido,1,1
893,893,14,Mié,01/12/2021,19:30,Wolves,0.7,0.2,Burnley,30328,Molineux Stadium,John Brooks,Informe del partido,0,0
894,894,14,Mié,01/12/2021,19:30,Watford,1,0.9,Chelsea,20388,Vicarage Road Stadium,David Coote,Informe del partido,1,2
895,895,14,Mié,01/12/2021,20:15,Aston Villa,0.8,1,Manchester City,41400,Villa Park,Mike Dean,Informe del partido,1,2
896,896,14,Mié,01/12/2021,20:15,Everton,0.7,2.4,Liverpool,39641,Goodison Park,Paul Tierney,Informe del partido,1,4
897,897,14,Jue,02/12/2021,19:30,Tottenham,1.9,0.3,Brentford,54202,Tottenham Hotspur Stadium,Jonathan Moss,Informe del partido,2,0
898,898,14,Jue,02/12/2021,20:15,Manchester Utd,1.9,1.4,Arsenal,73123,Old Trafford,Martin Atkinson,Informe del partido,3,2
899,899,15,Sáb,04/12/2021,12:30,West Ham,1.8,1.1,Chelsea,59942,London Stadium,Andre Marriner,Informe del partido,3,2
900,900,15,Sáb,04/12/2021,15:00,Newcastle Utd,1,0.6,Burnley,51948,St. James' Park,Paul Tierney,Informe del partido,1,0
901,901,15,Sáb,04/12/2021,15:00,Southampton,1.6,1.6,Brighton,28706,St. Mary's Stadium,Anthony Taylor,Informe del partido,1,1
902,902,15,Sáb,04/12/2021,15:00,Wolves,0.1,2.7,Liverpool,30729,Molineux Stadium,Chris Kavanagh,Informe del partido,0,1
903,903,15,Sáb,04/12/2021,17:30,Watford,0.8,3.1,Manchester City,20673,Vicarage Road Stadium,Simon Hooper,Informe del partido,1,3
904,904,15,Dom,05/12/2021,14:00,Leeds United,1.2,1,Brentford,35639,Elland Road,David Coote,Informe del partido,2,2
905,905,15,Dom,05/12/2021,14:00,Tottenham,1.6,1.2,Norwich City,57088,Tottenham Hotspur Stadium,Jarred Gillett,Informe del partido,3,0
906,906,15,Dom,05/12/2021,14:00,Manchester Utd,0.9,0.5,Crystal Palace,73172,Old Trafford,Craig Pawson,Informe del partido,1,0
907,907,15,Dom,05/12/2021,16:30,Aston Villa,2.1,1.1,Leicester City,41572,Villa Park,Michael Oliver,Informe del partido,2,1
908,908,15,Lun,06/12/2021,20:00,Everton,0.9,1,Arsenal,38906,Goodison Park,Mike Dean,Informe del partido,2,1
909,909,16,Vie,10/12/2021,20:00,Brentford,1.6,0.5,Watford,16861,Brentford Community Stadium,Michael Oliver,Informe del partido,2,1
910,910,16,Sáb,11/12/2021,12:30,Manchester City,3.2,0.2,Wolves,52613,Etihad Stadium,Jonathan Moss,Informe del partido,1,0
911,911,16,Sáb,11/12/2021,15:00,Liverpool,2.2,0.2,Aston Villa,53093,Anfield,Stuart Attwell,Informe del partido,1,0
912,912,16,Sáb,11/12/2021,15:00,Arsenal,1.8,0.6,Southampton,59653,Emirates Stadium,Jarred Gillett,Informe del partido,3,0
913,913,16,Sáb,11/12/2021,15:00,Chelsea,2.5,1.4,Leeds United,39959,Stamford Bridge,Chris Kavanagh,Informe del partido,3,2
914,914,16,Sáb,11/12/2021,17:30,Norwich City,1.2,2,Manchester Utd,27606,Carrow Road,Darren England,Informe del partido,0,1
915,915,16,Dom,12/12/2021,14:00,Burnley,0.8,0.8,West Ham,18065,Turf Moor,Graham Scott,Informe del partido,0,0
916,916,16,Dom,12/12/2021,14:00,Leicester City,2.6,1,Newcastle Utd,31959,King Power Stadium,Peter Bankes,Informe del partido,4,0
917,917,16,Dom,12/12/2021,16:30,Crystal Palace,1.8,1,Everton,24066,Selhurst Park,Andy Madley,Informe del partido,3,1
918,918,17,Mar,14/12/2021,19:45,Norwich City,0.5,2,Aston Villa,26836,Carrow Road,David Coote,Informe del partido,0,2
919,919,17,Mar,14/12/2021,20:00,Manchester City,3.1,0.3,Leeds United,52401,Etihad Stadium,Paul Tierney,Informe del partido,7,0
920,920,17,Mié,15/12/2021,19:30,Brighton,1.2,1,Wolves,30362,The American Express Community Stadium,Tony Harrington,Informe del partido,0,1
921,921,17,Mié,15/12/2021,19:30,Crystal Palace,1.2,0.6,Southampton,22861,Selhurst Park,Simon Hooper,Informe del partido,2,2
922,922,17,Mié,15/12/2021,20:00,Arsenal,2.8,0.4,West Ham,59777,Emirates Stadium,Anthony Taylor,Informe del partido,2,0
923,923,17,Jue,16/12/2021,19:45,Chelsea,2.9,0.6,Everton,13933,Stamford Bridge,Michael Oliver,Informe del partido,1,1
924,924,17,Jue,16/12/2021,20:00,Liverpool,2.7,0.3,Newcastle Utd,52951,Anfield,Mike Dean,Informe del partido,3,1
925,925,18,Sáb,18/12/2021,17:30,Leeds United,1.6,3.5,Arsenal,36166,Elland Road,Andre Marriner,Informe del partido,1,4
926,926,18,Dom,19/12/2021,14:00,Wolves,0.2,0.9,Chelsea,30631,Molineux Stadium,David Coote,Informe del partido,0,0
927,927,18,Dom,19/12/2021,14:15,Newcastle Utd,0.3,2.9,Manchester City,52127,St. James' Park,Martin Atkinson,Informe del partido,0,4
928,928,18,Dom,19/12/2021,16:30,Tottenham,3,1.1,Liverpool,45421,Tottenham Hotspur Stadium,Paul Tierney,Informe del partido,2,2
929,929,19,Dom,26/12/2021,15:00,West Ham,1.6,1.2,Southampton,41027,London Stadium,Kevin Friend,Informe del partido,2,3
930,930,19,Dom,26/12/2021,15:00,Manchester City,3.6,2.7,Leicester City,53226,Etihad Stadium,Chris Kavanagh,Informe del partido,6,3
931,931,19,Dom,26/12/2021,15:00,Norwich City,0.1,2.5,Arsenal,26940,Carrow Road,Graham Scott,Informe del partido,0,5
932,932,19,Dom,26/12/2021,15:00,Tottenham,2.3,0.2,Crystal Palace,40539,Tottenham Hotspur Stadium,Jonathan Moss,Informe del partido,3,0
933,933,19,Dom,26/12/2021,17:30,Aston Villa,0.4,2.6,Chelsea,41907,Villa Park,Martin Atkinson,Informe del partido,1,3
934,934,19,Dom,26/12/2021,20:00,Brighton,0.8,0.7,Brentford,30141,The American Express Community Stadium,Darren England,Informe del partido,2,0
935,935,19,Lun,27/12/2021,20:00,Newcastle Utd,1.3,1.6,Manchester Utd,52178,St. James' Park,Craig Pawson,Informe del partido,1,1
936,936,20,Mar,28/12/2021,15:00,Southampton,0.4,2.3,Tottenham,31304,St. Mary's Stadium,Anthony Taylor,Informe del partido,1,1
937,937,20,Mar,28/12/2021,15:00,Crystal Palace,1.9,0.9,Norwich City,24433,Selhurst Park,Paul Tierney,Informe del partido,3,0
938,938,20,Mar,28/12/2021,15:00,Watford,1.6,3.6,West Ham,20073,Vicarage Road Stadium,Darren England,Informe del partido,1,4
939,939,20,Mar,28/12/2021,20:00,Leicester City,0.4,2.3,Liverpool,32230,King Power Stadium,Michael Oliver,Informe del partido,1,0
940,940,20,Mié,29/12/2021,19:30,Chelsea,0.7,0.9,Brighton,40080,Stamford Bridge,Mike Dean,Informe del partido,1,1
941,941,20,Mié,29/12/2021,20:15,Brentford,0.4,1.1,Manchester City,17009,Brentford Community Stadium,David Coote,Informe del partido,0,1
942,942,20,Jue,30/12/2021,20:15,Manchester Utd,2.4,1.1,Burnley,73121,Old Trafford,Jonathan Moss,Informe del partido,3,1
943,943,21,Sáb,01/01/2022,12:30,Arsenal,0.8,2,Manchester City,59757,Emirates Stadium,Stuart Attwell,Informe del partido,1,2
944,944,21,Sáb,01/01/2022,15:00,Watford,0.3,2.2,Tottenham,20391,Vicarage Road Stadium,Robert Jones,Informe del partido,0,1
945,945,21,Sáb,01/01/2022,17:30,Crystal Palace,2.4,2.2,West Ham,24351,Selhurst Park,Darren England,Informe del partido,2,3
946,946,21,Dom,02/01/2022,14:00,Leeds United,1.9,1,Burnley,36083,Elland Road,Paul Tierney,Informe del partido,3,1
947,947,21,Dom,02/01/2022,14:00,Brentford,0.6,0.8,Aston Villa,16876,Brentford Community Stadium,Craig Pawson,Informe del partido,2,1
948,948,21,Dom,02/01/2022,14:00,Everton,1.6,1.7,Brighton,38203,Goodison Park,John Brooks,Informe del partido,2,3
949,949,21,Dom,02/01/2022,16:30,Chelsea,1.2,1.3,Liverpool,40072,Stamford Bridge,Anthony Taylor,Informe del partido,2,2
950,950,21,Lun,03/01/2022,17:30,Manchester Utd,0.8,0.7,Wolves,73045,Old Trafford,Mike Dean,Informe del partido,0,1
951,951,18,Mar,11/01/2022,19:45,Southampton,1.4,0.5,Brentford,27383,St. Mary's Stadium,Stuart Attwell,Informe del partido,4,1
952,952,18,Mié,12/01/2022,19:45,West Ham,2.5,0.3,Norwich City,59775,London Stadium,Simon Hooper,Informe del partido,2,0
953,953,22,Vie,14/01/2022,20:00,Brighton,2,0.2,Crystal Palace,30675,The American Express Community Stadium,Robert Jones,Informe del partido,1,1
954,954,22,Sáb,15/01/2022,12:30,Manchester City,1,0.3,Chelsea,53319,Etihad Stadium,Craig Pawson,Informe del partido,1,0
955,955,22,Sáb,15/01/2022,15:00,Norwich City,1,0.6,Everton,26629,Carrow Road,Andy Madley,Informe del partido,2,1
956,956,22,Sáb,15/01/2022,15:00,Newcastle Utd,1.2,1.4,Watford,52223,St. James' Park,Paul Tierney,Informe del partido,1,1
957,957,22,Sáb,15/01/2022,15:00,Wolves,2.5,0.8,Southampton,30057,Molineux Stadium,Michael Salisbury,Informe del partido,3,1
958,958,22,Sáb,15/01/2022,17:30,Aston Villa,1.9,1,Manchester Utd,41968,Villa Park,David Coote,Informe del partido,2,2
959,959,22,Dom,16/01/2022,14:00,West Ham,2.4,2.2,Leeds United,59951,London Stadium,Mike Dean,Informe del partido,2,3
960,960,22,Dom,16/01/2022,14:00,Liverpool,2.7,0.7,Brentford,52824,Anfield,Jonathan Moss,Informe del partido,3,0
961,961,24,Mar,18/01/2022,20:00,Brighton,0.7,0.7,Chelsea,30880,The American Express Community Stadium,Kevin Friend,Informe del partido,1,1
962,962,17,Mié,19/01/2022,19:30,Leicester City,1.2,3.1,Tottenham,31986,King Power Stadium,Jonathan Moss,Informe del partido,2,3
963,963,17,Mié,19/01/2022,20:00,Brentford,2.3,2.3,Manchester Utd,17094,Brentford Community Stadium,Andre Marriner,Informe del partido,1,3
964,964,23,Vie,21/01/2022,20:00,Watford,1.2,1.1,Norwich City,20782,Vicarage Road Stadium,Mike Dean,Informe del partido,0,3
965,965,23,Sáb,22/01/2022,12:30,Everton,1.6,0.8,Aston Villa,38203,Goodison Park,Craig Pawson,Informe del partido,0,1
966,966,23,Sáb,22/01/2022,15:00,Leeds United,0.7,0.9,Newcastle Utd,36405,Elland Road,Chris Kavanagh,Informe del partido,0,1
967,967,23,Sáb,22/01/2022,15:00,Manchester Utd,1.9,0.3,West Ham,73130,Old Trafford,Jonathan Moss,Informe del partido,1,0
968,968,23,Sáb,22/01/2022,15:00,Brentford,1.1,0.2,Wolves,16982,Brentford Community Stadium,Peter Bankes,Informe del partido,1,2
969,969,23,Sáb,22/01/2022,17:30,Southampton,0.8,1.8,Manchester City,31178,St. Mary's Stadium,Simon Hooper,Informe del partido,1,1
970,970,23,Dom,23/01/2022,14:00,Crystal Palace,2.2,1.9,Liverpool,25002,Selhurst Park,Kevin Friend,Informe del partido,1,3
971,971,23,Dom,23/01/2022,14:00,Arsenal,1.2,0.4,Burnley,59255,Emirates Stadium,David Coote,Informe del partido,0,0
972,972,23,Dom,23/01/2022,14:00,Leicester City,1.4,1.1,Brighton,31231,King Power Stadium,Martin Atkinson,Informe del partido,1,1
973,973,23,Dom,23/01/2022,16:30,Chelsea,1.2,0.5,Tottenham,40020,Stamford Bridge,Paul Tierney,Informe del partido,2,0
974,974,17,Sáb,05/02/2022,18:00,Burnley,0.6,0.8,Watford,19527,Turf Moor,Craig Pawson,Informe del partido,0,0
975,975,24,Mar,08/02/2022,19:45,West Ham,0.8,0.3,Watford,59581,London Stadium,Martin Atkinson,Informe del partido,1,0
976,976,24,Mar,08/02/2022,19:45,Newcastle Utd,1.9,0.7,Everton,52186,St. James' Park,Anthony Taylor,Informe del partido,3,1
977,977,24,Mar,08/02/2022,20:00,Burnley,0.4,1.8,Manchester Utd,21233,Turf Moor,Mike Dean,Informe del partido,1,1
978,978,24,Mié,09/02/2022,19:45,Tottenham,1.4,2.2,Southampton,54012,Tottenham Hotspur Stadium,David Coote,Informe del partido,2,3
979,979,24,Mié,09/02/2022,19:45,Norwich City,0.4,1.3,Crystal Palace,26652,Carrow Road,Paul Tierney,Informe del partido,1,1
980,980,24,Mié,09/02/2022,19:45,Manchester City,1.9,0.4,Brentford,51658,Etihad Stadium,Darren England,Informe del partido,2,0
981,981,24,Mié,09/02/2022,20:00,Aston Villa,1.6,1.8,Leeds United,41927,Villa Park,Jarred Gillett,Informe del partido,3,3
982,982,24,Jue,10/02/2022,19:45,Liverpool,1.8,0.5,Leicester City,53050,Anfield,Chris Kavanagh,Informe del partido,2,0
983,983,24,Jue,10/02/2022,19:45,Wolves,0.8,1.8,Arsenal,31523,Molineux Stadium,Michael Oliver,Informe del partido,0,1
984,984,25,Sáb,12/02/2022,12:30,Manchester Utd,2.1,0.8,Southampton,73084,Old Trafford,Stuart Attwell,Informe del partido,1,1
985,985,25,Sáb,12/02/2022,15:00,Everton,2.7,0.3,Leeds United,39150,Goodison Park,Graham Scott,Informe del partido,3,0
986,986,25,Sáb,12/02/2022,15:00,Brentford,1.6,0.3,Crystal Palace,16958,Brentford Community Stadium,Simon Hooper,Informe del partido,0,0
987,987,25,Sáb,12/02/2022,15:00,Watford,0.5,1.6,Brighton,20795,Vicarage Road Stadium,Jonathan Moss,Informe del partido,0,2
988,988,25,Sáb,12/02/2022,17:30,Norwich City,0.4,4.6,Manchester City,27010,Carrow Road,Andre Marriner,Informe del partido,0,4
989,989,25,Dom,13/02/2022,14:00,Newcastle Utd,0.5,0.6,Aston Villa,52207,St. James' Park,Craig Pawson,Informe del partido,1,0
990,990,25,Dom,13/02/2022,14:00,Burnley,1.5,1.7,Liverpool,19563,Turf Moor,Martin Atkinson,Informe del partido,0,1
991,991,25,Dom,13/02/2022,14:00,Tottenham,1.2,1.3,Wolves,56452,Tottenham Hotspur Stadium,Kevin Friend,Informe del partido,0,2
992,992,25,Dom,13/02/2022,16:30,Leicester City,1.4,1.1,West Ham,32061,King Power Stadium,Michael Oliver,Informe del partido,2,2
993,993,18,Mar,15/02/2022,20:15,Manchester Utd,1.7,0.7,Brighton,73012,Old Trafford,Peter Bankes,Informe del partido,2,0
994,994,26,Sáb,19/02/2022,12:30,West Ham,0.6,0.8,Newcastle Utd,59949,London Stadium,Chris Kavanagh,Informe del partido,1,1
995,995,26,Sáb,19/02/2022,15:00,Aston Villa,1.3,1.2,Watford,41936,Villa Park,Robert Jones,Informe del partido,0,1
996,996,26,Sáb,19/02/2022,15:00,Arsenal,1.7,0.6,Brentford,59249,Emirates Stadium,Jonathan Moss,Informe del partido,2,1
997,997,26,Sáb,19/02/2022,15:00,Southampton,2.5,0.3,Everton,31312,St. Mary's Stadium,Andy Madley,Informe del partido,2,0
998,998,26,Sáb,19/02/2022,15:00,Liverpool,3.6,0.6,Norwich City,53135,Anfield,Mike Dean,Informe del partido,3,1
999,999,26,Sáb,19/02/2022,15:00,Brighton,0.6,0.7,Burnley,30361,The American Express Community Stadium,Kevin Friend,Informe del partido,0,3
1000,1000,26,Sáb,19/02/2022,15:00,Crystal Palace,0.5,0.9,Chelsea,25109,Selhurst Park,David Coote,Informe del partido,0,1
1001,1001,26,Sáb,19/02/2022,17:30,Manchester City,2.1,1.4,Tottenham,53201,Etihad Stadium,Anthony Taylor,Informe del partido,2,3
1002,1002,26,Dom,20/02/2022,14:00,Leeds United,1.8,2.2,Manchester Utd,36715,Elland Road,Paul Tierney,Informe del partido,2,4
1003,1003,26,Dom,20/02/2022,16:30,Wolves,0.5,1.7,Leicester City,31587,Molineux Stadium,Craig Pawson,Informe del partido,2,1
1004,1004,13,Mié,23/02/2022,19:30,Burnley,0.9,0.7,Tottenham,19488,Turf Moor,Graham Scott,Informe del partido,1,0
1005,1005,18,Mié,23/02/2022,19:30,Watford,1.4,1.1,Crystal Palace,20012,Vicarage Road Stadium,Andre Marriner,Informe del partido,1,4
1006,1006,19,Mié,23/02/2022,19:45,Liverpool,5.9,0.2,Leeds United,53018,Anfield,Michael Oliver,Informe del partido,6,0
1007,1007,20,Jue,24/02/2022,19:45,Arsenal,3.1,1,Wolves,59888,Emirates Stadium,Martin Atkinson,Informe del partido,2,1
1008,1008,27,Vie,25/02/2022,20:00,Southampton,2.6,0.6,Norwich City,31182,St. Mary's Stadium,Simon Hooper,Informe del partido,2,0
1009,1009,27,Sáb,26/02/2022,12:30,Leeds United,1.5,1.9,Tottenham,36599,Elland Road,Craig Pawson,Informe del partido,0,4
1010,1010,27,Sáb,26/02/2022,15:00,Crystal Palace,1,0.2,Burnley,24203,Selhurst Park,Jonathan Moss,Informe del partido,1,1
1011,1011,27,Sáb,26/02/2022,15:00,Manchester Utd,2.8,0.6,Watford,73152,Old Trafford,Kevin Friend,Informe del partido,0,0
1012,1012,27,Sáb,26/02/2022,15:00,Brighton,0.7,1,Aston Villa,31475,The American Express Community Stadium,John Brooks,Informe del partido,0,2
1013,1013,27,Sáb,26/02/2022,15:00,Brentford,0.4,2.7,Newcastle Utd,17039,Brentford Community Stadium,Mike Dean,Informe del partido,0,2
1014,1014,27,Sáb,26/02/2022,17:30,Everton,0.5,1.8,Manchester City,39105,Goodison Park,Paul Tierney,Informe del partido,0,1
1015,1015,27,Dom,27/02/2022,14:00,West Ham,1.8,0.7,Wolves,59946,London Stadium,Anthony Taylor,Informe del partido,1,0
1016,1016,22,Mar,01/03/2022,19:45,Burnley,0.9,1.5,Leicester City,17825,Turf Moor,Chris Kavanagh,Informe del partido,0,2
1017,1017,28,Sáb,05/03/2022,12:30,Leicester City,0.4,1.7,Leeds United,32236,King Power Stadium,David Coote,Informe del partido,1,0
1018,1018,28,Sáb,05/03/2022,15:00,Newcastle Utd,1.7,1.5,Brighton,52214,St. James' Park,Martin Atkinson,Informe del partido,2,1
1019,1019,28,Sáb,05/03/2022,15:00,Aston Villa,2.5,1.1,Southampton,41855,Villa Park,Peter Bankes,Informe del partido,4,0
1020,1020,28,Sáb,05/03/2022,15:00,Burnley,0.7,2.3,Chelsea,19439,Turf Moor,Andre Marriner,Informe del partido,0,4
1021,1021,28,Sáb,05/03/2022,15:00,Wolves,0.7,2.7,Crystal Palace,31395,Molineux Stadium,Andy Madley,Informe del partido,0,2
1022,1022,28,Sáb,05/03/2022,15:00,Norwich City,1,2,Brentford,26887,Carrow Road,Anthony Taylor,Informe del partido,1,3
1023,1023,28,Sáb,05/03/2022,17:30,Liverpool,2.4,1.3,West Ham,59925,Anfield,Jonathan Moss,Informe del partido,1,0
1024,1024,28,Dom,06/03/2022,14:00,Watford,1,1,Arsenal,21142,Vicarage Road Stadium,Craig Pawson,Informe del partido,2,3
1025,1025,28,Dom,06/03/2022,16:30,Manchester City,2.7,0.5,Manchester Utd,53165,Etihad Stadium,Michael Oliver,Informe del partido,4,1
1026,1026,28,Lun,07/03/2022,20:00,Tottenham,2.5,0.2,Everton,59647,Tottenham Hotspur Stadium,Stuart Attwell,Informe del partido,5,0
1027,1027,19,Jue,10/03/2022,19:30,Wolves,0.7,0.6,Watford,29658,Molineux Stadium,Darren England,Informe del partido,4,0
1028,1028,21,Jue,10/03/2022,19:30,Southampton,1.1,0.6,Newcastle Utd,30056,St. Mary's Stadium,Kevin Friend,Informe del partido,1,2
1029,1029,30,Jue,10/03/2022,19:30,Norwich City,1,1.8,Chelsea,26684,Carrow Road,Martin Atkinson,Informe del partido,1,3
1030,1030,20,Jue,10/03/2022,19:45,Leeds United,0.2,1.5,Aston Villa,36400,Elland Road,Simon Hooper,Informe del partido,0,3
1031,1031,29,Sáb,12/03/2022,12:30,Brighton,0.5,2.2,Liverpool,31474,The American Express Community Stadium,Mike Dean,Informe del partido,0,2
1032,1032,29,Sáb,12/03/2022,15:00,Brentford,1.9,0.7,Burnley,17088,Brentford Community Stadium,Paul Tierney,Informe del partido,2,0
1033,1033,29,Sáb,12/03/2022,17:30,Manchester Utd,1,1.5,Tottenham,73458,Old Trafford,Jonathan Moss,Informe del partido,3,2
1034,1034,29,Dom,13/03/2022,14:00,Chelsea,1.1,0.3,Newcastle Utd,40026,Stamford Bridge,David Coote,Informe del partido,1,0
1035,1035,29,Dom,13/03/2022,14:00,Southampton,1.4,1.7,Watford,28863,St. Mary's Stadium,Graham Scott,Informe del partido,1,2
1036,1036,29,Dom,13/03/2022,14:00,West Ham,1.2,1.1,Aston Villa,59957,London Stadium,Jarred Gillett,Informe del partido,2,1
1037,1037,29,Dom,13/03/2022,14:00,Everton,0.4,0.8,Wolves,39112,Goodison Park,Michael Oliver,Informe del partido,0,1
1038,1038,29,Dom,13/03/2022,14:00,Leeds United,2.5,1.5,Norwich City,36321,Elland Road,Stuart Attwell,Informe del partido,2,1
1039,1039,29,Dom,13/03/2022,16:30,Arsenal,2.4,0.4,Leicester City,60111,Emirates Stadium,Anthony Taylor,Informe del partido,2,0
1040,1040,29,Lun,14/03/2022,20:00,Crystal Palace,0.6,2.8,Manchester City,25309,Selhurst Park,Martin Atkinson,Informe del partido,0,0
1041,1041,16,Mié,16/03/2022,19:30,Brighton,0.7,2.2,Tottenham,31144,The American Express Community Stadium,Robert Jones,Informe del partido,0,2
1042,1042,27,Mié,16/03/2022,20:15,Arsenal,0.5,0.8,Liverpool,59968,Emirates Stadium,Andre Marriner,Informe del partido,0,2
1043,1043,20,Jue,17/03/2022,19:45,Everton,0.7,0.9,Newcastle Utd,39068,Goodison Park,Craig Pawson,Informe del partido,1,0
1044,1044,30,Vie,18/03/2022,20:00,Wolves,1.2,2,Leeds United,31842,Molineux Stadium,Kevin Friend,Informe del partido,2,3
1045,1045,30,Sáb,19/03/2022,12:30,Aston Villa,0.5,1.3,Arsenal,41956,Villa Park,Andy Madley,Informe del partido,0,1
1046,1046,30,Dom,20/03/2022,14:00,Leicester City,1,1.3,Brentford,31830,King Power Stadium,Darren England,Informe del partido,2,1
1047,1047,30,Dom,20/03/2022,16:30,Tottenham,3,0.6,West Ham,58685,Tottenham Hotspur Stadium,Anthony Taylor,Informe del partido,3,1
1048,1048,31,Sáb,02/04/2022,12:30,Liverpool,2.2,0.6,Watford,53104,Anfield,Stuart Attwell,Informe del partido,2,0
1049,1049,31,Sáb,02/04/2022,15:00,Wolves,1.3,2.1,Aston Villa,31012,Molineux Stadium,Darren England,Informe del partido,2,1
1050,1050,31,Sáb,02/04/2022,15:00,Leeds United,1.2,1.4,Southampton,36580,Elland Road,Anthony Taylor,Informe del partido,1,1
1051,1051,31,Sáb,02/04/2022,15:00,Chelsea,1.3,1.8,Brentford,39061,Stamford Bridge,Andy Madley,Informe del partido,1,4
1052,1052,31,Sáb,02/04/2022,15:00,Burnley,0.1,1.8,Manchester City,21249,Turf Moor,Craig Pawson,Informe del partido,0,2
1053,1053,31,Sáb,02/04/2022,15:00,Brighton,2.8,0.4,Norwich City,31245,The American Express Community Stadium,Simon Hooper,Informe del partido,0,0
1054,1054,31,Sáb,02/04/2022,17:30,Manchester Utd,0.9,0.8,Leicester City,73444,Old Trafford,Andre Marriner,Informe del partido,1,1
1055,1055,31,Dom,03/04/2022,14:00,West Ham,1.2,0.7,Everton,59953,London Stadium,Michael Oliver,Informe del partido,2,1
1056,1056,31,Dom,03/04/2022,16:30,Tottenham,3.1,0.5,Newcastle Utd,57553,Tottenham Hotspur Stadium,Martin Atkinson,Informe del partido,5,1
1057,1057,31,Lun,04/04/2022,20:00,Crystal Palace,1.5,0.8,Arsenal,25149,Selhurst Park,Paul Tierney,Informe del partido,3,0
1058,1058,19,Mié,06/04/2022,19:30,Burnley,2,2.4,Everton,19830,Turf Moor,Mike Dean,Informe del partido,3,2
1059,1059,32,Vie,08/04/2022,20:00,Newcastle Utd,1.5,0.4,Wolves,52164,St. James' Park,Peter Bankes,Informe del partido,1,0
1060,1060,32,Sáb,09/04/2022,12:30,Everton,0.4,0.8,Manchester Utd,39080,Goodison Park,Jonathan Moss,Informe del partido,1,0
1061,1061,32,Sáb,09/04/2022,15:00,Arsenal,1.9,0.6,Brighton,60112,Emirates Stadium,David Coote,Informe del partido,1,2
1062,1062,32,Sáb,09/04/2022,15:00,Southampton,0.5,4.2,Chelsea,31359,St. Mary's Stadium,Kevin Friend,Informe del partido,0,6
1063,1063,32,Sáb,09/04/2022,15:00,Watford,1.1,0.7,Leeds United,20957,Vicarage Road Stadium,Andre Marriner,Informe del partido,0,3
1064,1064,32,Sáb,09/04/2022,17:30,Aston Villa,1.6,1.1,Tottenham,41949,Villa Park,Graham Scott,Informe del partido,0,4
1065,1065,32,Dom,10/04/2022,14:00,Brentford,1.4,0.3,West Ham,17032,Brentford Community Stadium,Martin Atkinson,Informe del partido,2,0
1066,1066,32,Dom,10/04/2022,14:00,Leicester City,1,1.4,Crystal Palace,31896,King Power Stadium,Robert Jones,Informe del partido,2,1
1067,1067,32,Dom,10/04/2022,14:00,Norwich City,1.7,1.7,Burnley,26361,Carrow Road,Michael Oliver,Informe del partido,2,0
1068,1068,32,Dom,10/04/2022,16:30,Manchester City,1.3,1.3,Liverpool,53197,Etihad Stadium,Anthony Taylor,Informe del partido,2,2
1069,1069,33,Sáb,16/04/2022,12:30,Tottenham,0.5,0.6,Brighton,58685,Tottenham Hotspur Stadium,Craig Pawson,Informe del partido,0,1
1070,1070,33,Sáb,16/04/2022,15:00,Manchester Utd,1.9,1.5,Norwich City,73381,Old Trafford,Andy Madley,Informe del partido,3,2
1071,1071,33,Sáb,16/04/2022,15:00,Watford,1.7,1.9,Brentford,21045,Vicarage Road Stadium,Simon Hooper,Informe del partido,1,2
1072,1072,33,Sáb,16/04/2022,15:00,Southampton,0.8,1.7,Arsenal,31465,St. Mary's Stadium,Peter Bankes,Informe del partido,1,0
1073,1073,33,Dom,17/04/2022,14:15,Newcastle Utd,1.8,0.6,Leicester City,52104,St. James' Park,Jarred Gillett,Informe del partido,2,1
1074,1074,33,Dom,17/04/2022,14:15,West Ham,2.2,1.8,Burnley,59958,London Stadium,Paul Tierney,Informe del partido,1,1
1075,1075,30,Mar,19/04/2022,20:00,Liverpool,2,0.1,Manchester Utd,52686,Anfield,Martin Atkinson,Informe del partido,4,0
1076,1076,18,Mié,20/04/2022,19:45,Everton,1.8,0.9,Leicester City,39153,Goodison Park,David Coote,Informe del partido,1,1
1077,1077,25,Mié,20/04/2022,19:45,Chelsea,0.7,2,Arsenal,32249,Stamford Bridge,Jonathan Moss,Informe del partido,2,4
1078,1078,30,Mié,20/04/2022,19:45,Newcastle Utd,0.9,0.5,Crystal Palace,51938,St. James' Park,Tony Harrington,Informe del partido,1,0
1079,1079,30,Mié,20/04/2022,20:00,Manchester City,1.3,0.2,Brighton,52226,Etihad Stadium,Mike Dean,Informe del partido,3,0
1080,1080,30,Jue,21/04/2022,19:45,Burnley,1.5,0.9,Southampton,17384,Turf Moor,Stuart Attwell,Informe del partido,2,0
1081,1081,34,Sáb,23/04/2022,12:30,Arsenal,2.3,1.8,Manchester Utd,60223,Emirates Stadium,Craig Pawson,Informe del partido,3,1
1082,1082,34,Sáb,23/04/2022,15:00,Leicester City,0.3,0.9,Aston Villa,32185,King Power Stadium,Andy Madley,Informe del partido,0,0
1083,1083,34,Sáb,23/04/2022,15:00,Manchester City,3.6,0.5,Watford,53013,Etihad Stadium,Kevin Friend,Informe del partido,5,1
1084,1084,34,Sáb,23/04/2022,15:00,Norwich City,0.6,1.9,Newcastle Utd,26910,Carrow Road,Chris Kavanagh,Informe del partido,0,3
1085,1085,34,Sáb,23/04/2022,17:30,Brentford,0.9,0.6,Tottenham,17072,Brentford Community Stadium,Martin Atkinson,Informe del partido,0,0
1086,1086,34,Dom,24/04/2022,14:00,Brighton,1.7,0.9,Southampton,31335,The American Express Community Stadium,Robert Jones,Informe del partido,2,2
1087,1087,34,Dom,24/04/2022,14:00,Burnley,1.4,0.6,Wolves,19246,Turf Moor,Anthony Taylor,Informe del partido,1,0
1088,1088,34,Dom,24/04/2022,14:00,Chelsea,3,0.5,West Ham,32231,Stamford Bridge,Michael Oliver,Informe del partido,1,0
1089,1089,34,Dom,24/04/2022,16:30,Liverpool,1.7,0.4,Everton,53213,Anfield,Stuart Attwell,Informe del partido,2,0
1090,1090,34,Lun,25/04/2022,20:00,Crystal Palace,1.9,0.5,Leeds United,25357,Selhurst Park,Darren England,Informe del partido,0,0
1091,1091,37,Jue,28/04/2022,19:45,Manchester Utd,0.5,1.9,Chelsea,73564,Old Trafford,Mike Dean,Informe del partido,1,1
1092,1092,35,Sáb,30/04/2022,12:30,Newcastle Utd,0.2,2.3,Liverpool,52281,St. James' Park,Andre Marriner,Informe del partido,0,1
1093,1093,35,Sáb,30/04/2022,15:00,Watford,1,1.6,Burnley,20738,Vicarage Road Stadium,Craig Pawson,Informe del partido,1,2
1094,1094,35,Sáb,30/04/2022,15:00,Wolves,0.7,2.6,Brighton,31243,Molineux Stadium,Simon Hooper,Informe del partido,0,3
1095,1095,35,Sáb,30/04/2022,15:00,Aston Villa,1.8,0.5,Norwich City,40290,Villa Park,John Brooks,Informe del partido,2,0
1096,1096,35,Sáb,30/04/2022,15:00,Southampton,0.6,1.1,Crystal Palace,31359,St. Mary's Stadium,Jarred Gillett,Informe del partido,1,2
1097,1097,35,Sáb,30/04/2022,17:30,Leeds United,1.3,2.4,Manchester City,35771,Elland Road,Paul Tierney,Informe del partido,0,4
1098,1098,35,Dom,01/05/2022,14:00,Tottenham,1.2,0.5,Leicester City,59482,Tottenham Hotspur Stadium,Jonathan Moss,Informe del partido,3,1
1099,1099,35,Dom,01/05/2022,14:00,Everton,0.8,0.8,Chelsea,39256,Goodison Park,Kevin Friend,Informe del partido,1,0
1100,1100,35,Dom,01/05/2022,16:30,West Ham,0.5,0.9,Arsenal,59959,London Stadium,Mike Dean,Informe del partido,1,2
1101,1101,35,Lun,02/05/2022,20:00,Manchester Utd,2,0.6,Brentford,73482,Old Trafford,Chris Kavanagh,Informe del partido,3,0
1102,1102,36,Sáb,07/05/2022,15:00,Crystal Palace,2.2,0.4,Watford,24622,Selhurst Park,Graham Scott,Informe del partido,1,0
1103,1103,36,Sáb,07/05/2022,15:00,Brentford,2.6,1.4,Southampton,17051,Brentford Community Stadium,Michael Salisbury,Informe del partido,3,0
1104,1104,36,Sáb,07/05/2022,15:00,Chelsea,1.7,2,Wolves,32190,Stamford Bridge,Peter Bankes,Informe del partido,2,2
1105,1105,36,Sáb,07/05/2022,15:00,Burnley,1.9,2.1,Aston Villa,20891,Turf Moor,David Coote,Informe del partido,1,3
1106,1106,36,Sáb,07/05/2022,17:30,Brighton,2.3,0.9,Manchester Utd,31637,The American Express Community Stadium,Andy Madley,Informe del partido,4,0
1107,1107,36,Sáb,07/05/2022,19:45,Liverpool,1.3,0.9,Tottenham,53177,Anfield,Michael Oliver,Informe del partido,1,1
1108,1108,36,Dom,08/05/2022,14:00,Leicester City,1.5,1.1,Everton,32001,King Power Stadium,Craig Pawson,Informe del partido,1,2
1109,1109,36,Dom,08/05/2022,14:00,Norwich City,0.8,3,West Ham,26428,Carrow Road,Robert Jones,Informe del partido,0,4
1110,1110,36,Dom,08/05/2022,14:00,Arsenal,2,0.3,Leeds United,60108,Emirates Stadium,Chris Kavanagh,Informe del partido,2,1
1111,1111,36,Dom,08/05/2022,16:30,Manchester City,3.1,0.8,Newcastle Utd,53336,Etihad Stadium,Stuart Attwell,Informe del partido,5,0
1112,1112,33,Mar,10/05/2022,20:00,Aston Villa,1.4,1.8,Liverpool,41919,Villa Park,Jonathan Moss,Informe del partido,1,2
1113,1113,33,Mié,11/05/2022,19:30,Leeds United,0.4,1.3,Chelsea,36549,Elland Road,Anthony Taylor,Informe del partido,0,3
1114,1114,21,Mié,11/05/2022,19:45,Leicester City,2,1.1,Norwich City,38092,King Power Stadium,Simon Hooper,Informe del partido,3,0
1115,1115,30,Mié,11/05/2022,19:45,Watford,0.3,0.7,Everton,20653,Vicarage Road Stadium,Mike Dean,Informe del partido,0,0
1116,1116,33,Mié,11/05/2022,20:15,Wolves,0.5,2.3,Manchester City,32000,Molineux Stadium,Martin Atkinson,Informe del partido,1,5
1117,1117,22,Jue,12/05/2022,19:45,Tottenham,2.7,0.5,Arsenal,62027,Tottenham Hotspur Stadium,Paul Tierney,Informe del partido,3,0
1118,1118,37,Dom,15/05/2022,12:00,Tottenham,2.2,0.7,Burnley,61729,Tottenham Hotspur Stadium,Kevin Friend,Informe del partido,1,0
1119,1119,37,Dom,15/05/2022,14:00,Leeds United,1.6,2.2,Brighton,36638,Elland Road,Mike Dean,Informe del partido,1,1
1120,1120,37,Dom,15/05/2022,14:00,Watford,1.4,2.5,Leicester City,20257,Vicarage Road Stadium,Jarred Gillett,Informe del partido,1,5
1121,1121,37,Dom,15/05/2022,14:00,Wolves,0.9,1.1,Norwich City,31219,Molineux Stadium,Tony Harrington,Informe del partido,1,1
1122,1122,37,Dom,15/05/2022,14:00,Aston Villa,1,1.4,Crystal Palace,41136,Villa Park,Chris Kavanagh,Informe del partido,1,1
1123,1123,37,Dom,15/05/2022,14:00,West Ham,1.1,2.4,Manchester City,59972,London Stadium,Anthony Taylor,Informe del partido,2,2
1124,1124,37,Dom,15/05/2022,16:30,Everton,2.1,1.4,Brentford,38819,Goodison Park,Michael Oliver,Informe del partido,2,3
1125,1125,37,Lun,16/05/2022,20:00,Newcastle Utd,1.6,0.6,Arsenal,52274,St. James' Park,Darren England,Informe del partido,2,0
1126,1126,37,Mar,17/05/2022,19:45,Southampton,0.1,1.3,Liverpool,31588,St. Mary's Stadium,Martin Atkinson,Informe del partido,1,2
1127,1127,33,Jue,19/05/2022,19:45,Everton,0.8,1.1,Crystal Palace,38448,Goodison Park,Anthony Taylor,Informe del partido,3,2
1128,1128,18,Jue,19/05/2022,20:00,Aston Villa,1.5,1.6,Burnley,40468,Villa Park,Paul Tierney,Informe del partido,1,1
1129,1129,27,Jue,19/05/2022,20:00,Chelsea,1.6,0.1,Leicester City,31478,Stamford Bridge,Stuart Attwell,Informe del partido,1,1
1130,1130,38,Dom,22/05/2022,16:00,Brentford,0.8,1.3,Leeds United,16957,Brentford Community Stadium,Paul Tierney,Informe del partido,1,2
1131,1131,38,Dom,22/05/2022,16:00,Leicester City,3.4,1.1,Southampton,32003,King Power Stadium,Jonathan Moss,Informe del partido,4,1
1132,1132,38,Dom,22/05/2022,16:00,Crystal Palace,0.6,0.7,Manchester Utd,25434,Selhurst Park,Martin Atkinson,Informe del partido,1,0
1133,1133,38,Dom,22/05/2022,16:00,Arsenal,4.2,1.1,Everton,60201,Emirates Stadium,Andre Marriner,Informe del partido,5,1
1134,1134,38,Dom,22/05/2022,16:00,Brighton,1.6,0.2,West Ham,31604,The American Express Community Stadium,Kevin Friend,Informe del partido,3,1
1135,1135,38,Dom,22/05/2022,16:00,Norwich City,0.5,3.4,Tottenham,27022,Carrow Road,Chris Kavanagh,Informe del partido,0,5
1136,1136,38,Dom,22/05/2022,16:00,Manchester City,3.4,0.2,Aston Villa,53395,Etihad Stadium,Michael Oliver,Informe del partido,3,2
1137,1137,38,Dom,22/05/2022,16:00,Liverpool,2.7,1.3,Wolves,53097,Anfield,Anthony Taylor,Informe del partido,3,1
1138,1138,38,Dom,22/05/2022,16:00,Burnley,1.6,1.8,Newcastle Utd,21361,Turf Moor,Craig Pawson,Informe del partido,1,2
1139,1139,38,Dom,22/05/2022,16:00,Chelsea,2.2,0.6,Watford,32089,Stamford Bridge,Mike Dean,Informe del partido,2,1
1140,1140,1,Vie,05/08/2022,20:00,Crystal Palace,1.2,1,Arsenal,25286,Selhurst Park,Anthony Taylor,Informe del partido,0,2
1141,1141,1,Sáb,06/08/2022,12:30,Fulham,1.2,1.2,Liverpool,22207,Craven Cottage,Andy Madley,Informe del partido,2,2
1142,1142,1,Sáb,06/08/2022,15:00,Tottenham,1.5,0.5,Southampton,61732,Tottenham Hotspur Stadium,Andre Marriner,Informe del partido,4,1
1143,1143,1,Sáb,06/08/2022,15:00,Newcastle Utd,1.7,0.3,Nott'ham Forest,52245,St James' Park,Simon Hooper,Informe del partido,2,0
1144,1144,1,Sáb,06/08/2022,15:00,Leeds United,0.8,1.3,Wolves,36347,Elland Road,Robert Jones,Informe del partido,2,1
1145,1145,1,Sáb,06/08/2022,15:00,Bournemouth,0.6,0.7,Aston Villa,11013,Vitality Stadium,Peter Bankes,Informe del partido,2,0
1146,1146,1,Sáb,06/08/2022,17:30,Everton,0.7,1.5,Chelsea,39254,Goodison Park,Craig Pawson,Informe del partido,0,1
1147,1147,1,Dom,07/08/2022,14:00,Leicester City,0.6,0.8,Brentford,31794,King Power Stadium,Jarred Gillett,Informe del partido,2,2
1148,1148,1,Dom,07/08/2022,14:00,Manchester Utd,1.4,1.5,Brighton,73711,Old Trafford,Paul Tierney,Informe del partido,1,2
1149,1149,1,Dom,07/08/2022,16:30,West Ham,0.5,2.2,Manchester City,62443,London Stadium,Michael Oliver,Informe del partido,0,2
1150,1150,2,Sáb,13/08/2022,12:30,Aston Villa,2.3,1.6,Everton,41883,Villa Park,Michael Oliver,Informe del partido,2,1
1151,1151,2,Sáb,13/08/2022,15:00,Manchester City,1.7,0.1,Bournemouth,53453,Etihad Stadium,David Coote,Informe del partido,4,0
1152,1152,2,Sáb,13/08/2022,15:00,Southampton,1.2,1.8,Leeds United,30815,St. Mary's Stadium,Tony Harrington,Informe del partido,2,2
1153,1153,2,Sáb,13/08/2022,15:00,Wolves,0.9,1.5,Fulham,31178,Molineux Stadium,John Brooks,Informe del partido,0,0
1154,1154,2,Sáb,13/08/2022,15:00,Arsenal,2.7,0.5,Leicester City,60033,Emirates Stadium,Darren England,Informe del partido,4,2
1155,1155,2,Sáb,13/08/2022,15:00,Brighton,1.5,0.2,Newcastle Utd,31552,The American Express Community Stadium,Graham Scott,Informe del partido,0,0
1156,1156,2,Sáb,13/08/2022,17:30,Brentford,1.6,0.9,Manchester Utd,17051,Brentford Community Stadium,Stuart Attwell,Informe del partido,4,0
1157,1157,2,Dom,14/08/2022,14:00,Nott'ham Forest,1.3,2.1,West Ham,29281,The City Ground,Robert Jones,Informe del partido,1,0
1158,1158,2,Dom,14/08/2022,16:30,Chelsea,1.6,1,Tottenham,39946,Stamford Bridge,Anthony Taylor,Informe del partido,2,2
1159,1159,2,Lun,15/08/2022,20:00,Liverpool,2,1,Crystal Palace,52970,Anfield,Paul Tierney,Informe del partido,1,1
1160,1160,3,Sáb,20/08/2022,12:30,Tottenham,1.7,0.7,Wolves,61298,Tottenham Hotspur Stadium,Simon Hooper,Informe del partido,1,0
1161,1161,3,Sáb,20/08/2022,15:00,Leicester City,0.3,0.9,Southampton,30850,King Power Stadium,Michael Salisbury,Informe del partido,1,2
1162,1162,3,Sáb,20/08/2022,15:00,Everton,1.5,1,Nott'ham Forest,39271,Goodison Park,Andre Marriner,Informe del partido,1,1
1163,1163,3,Sáb,20/08/2022,15:00,Crystal Palace,2.6,0.9,Aston Villa,22012,Selhurst Park,Andy Madley,Informe del partido,3,1
1164,1164,3,Sáb,20/08/2022,15:00,Fulham,2.4,1.8,Brentford,21798,Craven Cottage,Peter Bankes,Informe del partido,3,2
1165,1165,3,Sáb,20/08/2022,17:30,Bournemouth,0.3,1.3,Arsenal,10423,Vitality Stadium,Craig Pawson,Informe del partido,0,3
1166,1166,3,Dom,21/08/2022,14:00,Leeds United,2.1,0.9,Chelsea,36372,Elland Road,Stuart Attwell,Informe del partido,3,0
1167,1167,3,Dom,21/08/2022,14:00,West Ham,0.8,1.7,Brighton,62449,London Stadium,Anthony Taylor,Informe del partido,0,2
1168,1168,3,Dom,21/08/2022,16:30,Newcastle Utd,1.8,2.1,Manchester City,52258,St James' Park,Jarred Gillett,Informe del partido,3,3
1169,1169,3,Lun,22/08/2022,20:00,Manchester Utd,1.8,1.3,Liverpool,74147,Old Trafford,Michael Oliver,Informe del partido,2,1
1170,1170,4,Sáb,27/08/2022,12:30,Southampton,1.4,1.1,Manchester Utd,31196,St. Mary's Stadium,Andy Madley,Informe del partido,0,1
1171,1171,4,Sáb,27/08/2022,15:00,Manchester City,2.2,0.1,Crystal Palace,53112,Etihad Stadium,Darren England,Informe del partido,4,2
1172,1172,4,Sáb,27/08/2022,15:00,Brighton,2,1.8,Leeds United,30953,The American Express Community Stadium,Michael Salisbury,Informe del partido,1,0
1173,1173,4,Sáb,27/08/2022,15:00,Chelsea,1.8,2.5,Leicester City,39953,Stamford Bridge,Paul Tierney,Informe del partido,2,1
1174,1174,4,Sáb,27/08/2022,15:00,Brentford,2.1,1.1,Everton,17009,Brentford Community Stadium,John Brooks,Informe del partido,1,1
1175,1175,4,Sáb,27/08/2022,15:00,Liverpool,3.3,0.3,Bournemouth,53328,Anfield,Stuart Attwell,Informe del partido,9,0
1176,1176,4,Sáb,27/08/2022,17:30,Arsenal,2.6,0.8,Fulham,60164,Emirates Stadium,Jarred Gillett,Informe del partido,2,1
1177,1177,4,Dom,28/08/2022,14:00,Wolves,0.7,1.7,Newcastle Utd,31311,Molineux Stadium,Peter Bankes,Informe del partido,1,1
1178,1178,4,Dom,28/08/2022,14:00,Aston Villa,0.5,0.6,West Ham,41796,Villa Park,David Coote,Informe del partido,0,1
1179,1179,4,Dom,28/08/2022,16:30,Nott'ham Forest,0.9,2.4,Tottenham,29296,The City Ground,Craig Pawson,Informe del partido,0,2
1180,1180,5,Mar,30/08/2022,19:30,Fulham,0.7,1.4,Brighton,22224,Craven Cottage,Thomas Bramall,Informe del partido,2,1
1181,1181,5,Mar,30/08/2022,19:30,Crystal Palace,1,1.4,Brentford,25043,Selhurst Park,Simon Hooper,Informe del partido,1,1
1182,1182,5,Mar,30/08/2022,19:45,Southampton,1.1,1.1,Chelsea,31542,St. Mary's Stadium,Michael Oliver,Informe del partido,2,1
1183,1183,5,Mar,30/08/2022,20:00,Leeds United,1,1,Everton,36338,Elland Road,Darren England,Informe del partido,1,1
1184,1184,5,Mié,31/08/2022,19:30,Bournemouth,0.4,1.5,Wolves,10113,Vitality Stadium,Anthony Taylor,Informe del partido,0,0
1185,1185,5,Mié,31/08/2022,19:30,Manchester City,3.3,0.7,Nott'ham Forest,53409,Etihad Stadium,Paul Tierney,Informe del partido,6,0
1186,1186,5,Mié,31/08/2022,19:30,Arsenal,2.4,0.4,Aston Villa,60012,Emirates Stadium,Robert Jones,Informe del partido,2,1
1187,1187,5,Mié,31/08/2022,19:45,West Ham,1.2,0.6,Tottenham,62450,London Stadium,Peter Bankes,Informe del partido,1,1
1188,1188,5,Mié,31/08/2022,20:00,Liverpool,1.5,0.7,Newcastle Utd,53316,Anfield,Andre Marriner,Informe del partido,2,1
1189,1189,5,Jue,01/09/2022,20:00,Leicester City,0.7,1.5,Manchester Utd,32226,King Power Stadium,Craig Pawson,Informe del partido,0,1
1190,1190,6,Sáb,03/09/2022,12:30,Everton,1.7,2.1,Liverpool,39240,Goodison Park,Anthony Taylor,Informe del partido,0,0
1191,1191,6,Sáb,03/09/2022,15:00,Nott'ham Forest,1.9,0.8,Bournemouth,28720,The City Ground,Michael Oliver,Informe del partido,2,3
1192,1192,6,Sáb,03/09/2022,15:00,Wolves,0.8,1.2,Southampton,30546,Molineux Stadium,John Brooks,Informe del partido,1,0
1193,1193,6,Sáb,03/09/2022,15:00,Newcastle Utd,2.8,1,Crystal Palace,51863,St James' Park,Michael Salisbury,Informe del partido,0,0
1194,1194,6,Sáb,03/09/2022,15:00,Brentford,2.3,1.7,Leeds United,17092,Brentford Community Stadium,Robert Jones,Informe del partido,5,2
1195,1195,6,Sáb,03/09/2022,15:00,Tottenham,2.9,0.7,Fulham,61641,Tottenham Hotspur Stadium,Stuart Attwell,Informe del partido,2,1
1196,1196,6,Sáb,03/09/2022,15:00,Chelsea,0.9,1.1,West Ham,39923,Stamford Bridge,Andy Madley,Informe del partido,2,1
1197,1197,6,Sáb,03/09/2022,17:30,Aston Villa,0.3,2.1,Manchester City,41830,Villa Park,Simon Hooper,Informe del partido,1,1
1198,1198,6,Dom,04/09/2022,14:00,Brighton,2.6,1.4,Leicester City,31185,The American Express Community Stadium,Tony Harrington,Informe del partido,5,2
1199,1199,6,Dom,04/09/2022,16:30,Manchester Utd,1.5,1.3,Arsenal,73431,Old Trafford,Paul Tierney,Informe del partido,3,1
1200,1200,8,Vie,16/09/2022,20:00,Aston Villa,1.5,0.3,Southampton,40758,Villa Park,Tony Harrington,Informe del partido,1,0
1201,1201,8,Vie,16/09/2022,20:00,Nott'ham Forest,1.4,0.9,Fulham,28654,The City Ground,Jarred Gillett,Informe del partido,2,3
1202,1202,8,Sáb,17/09/2022,12:30,Wolves,0.4,1.1,Manchester City,31578,Molineux Stadium,Anthony Taylor,Informe del partido,0,3
1203,1203,8,Sáb,17/09/2022,15:00,Newcastle Utd,1.9,0.7,Bournemouth,52238,St James' Park,Craig Pawson,Informe del partido,1,1
1204,1204,8,Sáb,17/09/2022,17:30,Tottenham,2.2,1.8,Leicester City,61450,Tottenham Hotspur Stadium,Simon Hooper,Informe del partido,6,2
1205,1205,8,Dom,18/09/2022,12:00,Brentford,0.5,1.5,Arsenal,17122,Brentford Community Stadium,David Coote,Informe del partido,0,3
1206,1206,8,Dom,18/09/2022,14:15,Everton,0.4,1,West Ham,39298,Goodison Park,Michael Oliver,Informe del partido,1,0
1207,1207,9,Sáb,01/10/2022,12:30,Arsenal,2.4,1.6,Tottenham,60278,Emirates Stadium,Anthony Taylor,Informe del partido,3,1
1208,1208,9,Sáb,01/10/2022,15:00,Southampton,1.7,2,Everton,30510,St. Mary's Stadium,Andre Marriner,Informe del partido,1,2
1209,1209,9,Sáb,01/10/2022,15:00,Crystal Palace,0.4,1.1,Chelsea,25198,Selhurst Park,Chris Kavanagh,Informe del partido,1,2
1210,1210,9,Sáb,01/10/2022,15:00,Liverpool,1.5,1.4,Brighton,53320,Anfield,Andy Madley,Informe del partido,3,3
1211,1211,9,Sáb,01/10/2022,15:00,Fulham,0.5,3.3,Newcastle Utd,22913,Craven Cottage,Darren England,Informe del partido,1,4
1212,1212,9,Sáb,01/10/2022,15:00,Bournemouth,0.4,0.9,Brentford,10126,Vitality Stadium,Thomas Bramall,Informe del partido,0,0
1213,1213,9,Sáb,01/10/2022,17:30,West Ham,0.9,0.7,Wolves,62444,London Stadium,Paul Tierney,Informe del partido,2,0
1214,1214,9,Dom,02/10/2022,14:00,Manchester City,3.2,1.7,Manchester Utd,53475,Etihad Stadium,Michael Oliver,Informe del partido,6,3
1215,1215,9,Dom,02/10/2022,16:30,Leeds United,0.4,2.2,Aston Villa,36582,Elland Road,Stuart Attwell,Informe del partido,0,0
1216,1216,9,Lun,03/10/2022,20:00,Leicester City,1.3,1.1,Nott'ham Forest,32202,King Power Stadium,Robert Jones,Informe del partido,4,0
1217,1217,10,Sáb,08/10/2022,15:00,Bournemouth,1.1,1,Leicester City,10272,Vitality Stadium,Michael Salisbury,Informe del partido,2,1
1218,1218,10,Sáb,08/10/2022,15:00,Newcastle Utd,1.5,1.2,Brentford,52067,St James' Park,John Brooks,Informe del partido,5,1
1219,1219,10,Sáb,08/10/2022,15:00,Manchester City,2.4,0.2,Southampton,53365,Etihad Stadium,Andy Madley,Informe del partido,4,0
1220,1220,10,Sáb,08/10/2022,15:00,Chelsea,1.9,1.1,Wolves,39940,Stamford Bridge,Simon Hooper,Informe del partido,3,0
1221,1221,10,Sáb,08/10/2022,17:30,Brighton,0.7,0.8,Tottenham,31498,The American Express Community Stadium,Tony Harrington,Informe del partido,0,1
1222,1222,10,Dom,09/10/2022,14:00,West Ham,2.4,0.7,Fulham,62407,London Stadium,Chris Kavanagh,Informe del partido,3,1
1223,1223,10,Dom,09/10/2022,14:00,Crystal Palace,1.1,1,Leeds United,25042,Selhurst Park,Paul Tierney,Informe del partido,2,1
1224,1224,10,Dom,09/10/2022,16:30,Arsenal,2.7,1.1,Liverpool,60059,Emirates Stadium,Michael Oliver,Informe del partido,3,2
1225,1225,10,Dom,09/10/2022,19:00,Everton,0.6,1.4,Manchester Utd,39258,Goodison Park,David Coote,Informe del partido,1,2
1226,1226,10,Lun,10/10/2022,20:00,Nott'ham Forest,0.3,0.7,Aston Villa,29208,The City Ground,Anthony Taylor,Informe del partido,1,1
1227,1227,11,Vie,14/10/2022,20:00,Brentford,1.5,1.9,Brighton,17016,Brentford Community Stadium,Michael Salisbury,Informe del partido,2,0
1228,1228,11,Sáb,15/10/2022,12:30,Leicester City,1,0.4,Crystal Palace,31298,King Power Stadium,Andy Madley,Informe del partido,0,0
1229,1229,11,Sáb,15/10/2022,15:00,Fulham,2.1,1,Bournemouth,22541,Craven Cottage,Graham Scott,Informe del partido,2,2
1230,1230,11,Sáb,15/10/2022,15:00,Wolves,1.3,1.5,Nott'ham Forest,31554,Molineux Stadium,Thomas Bramall,Informe del partido,1,0
1231,1231,11,Sáb,15/10/2022,17:30,Tottenham,2.2,0.4,Everton,61812,Tottenham Hotspur Stadium,Paul Tierney,Informe del partido,2,0
1232,1232,11,Dom,16/10/2022,14:00,Southampton,0.5,1.7,West Ham,29159,St. Mary's Stadium,Peter Bankes,Informe del partido,1,1
1233,1233,11,Dom,16/10/2022,14:00,Aston Villa,1.8,0.9,Chelsea,41754,Villa Park,Robert Jones,Informe del partido,0,2
1234,1234,11,Dom,16/10/2022,14:00,Leeds United,1.8,0.5,Arsenal,36700,Elland Road,Chris Kavanagh,Informe del partido,0,1
1235,1235,11,Dom,16/10/2022,14:00,Manchester Utd,0.8,0.8,Newcastle Utd,73726,Old Trafford,Craig Pawson,Informe del partido,0,0
1236,1236,11,Dom,16/10/2022,16:30,Liverpool,2.1,1,Manchester City,53286,Anfield,Anthony Taylor,Informe del partido,1,0
1237,1237,12,Mar,18/10/2022,19:30,Brighton,1.7,0.1,Nott'ham Forest,31463,The American Express Community Stadium,Darren England,Informe del partido,0,0
1238,1238,12,Mar,18/10/2022,20:15,Crystal Palace,1.2,0.8,Wolves,25125,Selhurst Park,David Coote,Informe del partido,2,1
1239,1239,12,Mié,19/10/2022,19:30,Bournemouth,1,1,Southampton,10405,Vitality Stadium,John Brooks,Informe del partido,0,1
1240,1240,12,Mié,19/10/2022,19:30,Brentford,1.3,0.9,Chelsea,17118,Brentford Community Stadium,Jarred Gillett,Informe del partido,0,0
1241,1241,12,Mié,19/10/2022,19:30,Liverpool,1.7,1.7,West Ham,52982,Anfield,Stuart Attwell,Informe del partido,1,0
1242,1242,12,Mié,19/10/2022,19:30,Newcastle Utd,1.5,0.2,Everton,52247,St James' Park,Tony Harrington,Informe del partido,1,0
1243,1243,12,Mié,19/10/2022,20:15,Manchester Utd,1.5,0.6,Tottenham,73677,Old Trafford,Simon Hooper,Informe del partido,2,0
1244,1244,12,Jue,20/10/2022,19:30,Fulham,2.1,1.2,Aston Villa,23508,Craven Cottage,Michael Oliver,Informe del partido,3,0
1245,1245,12,Jue,20/10/2022,20:15,Leicester City,0.8,1.3,Leeds United,30814,King Power Stadium,Peter Bankes,Informe del partido,2,0
1246,1246,13,Sáb,22/10/2022,12:30,Nott'ham Forest,1.9,1.6,Liverpool,29245,The City Ground,Paul Tierney,Informe del partido,1,0
1247,1247,13,Sáb,22/10/2022,15:00,Everton,1.4,0.9,Crystal Palace,38939,Goodison Park,Simon Hooper,Informe del partido,3,0
1248,1248,13,Sáb,22/10/2022,15:00,Manchester City,1.6,0.5,Brighton,53223,Etihad Stadium,Craig Pawson,Informe del partido,3,1
1249,1249,13,Sáb,22/10/2022,17:30,Chelsea,1.1,0.8,Manchester Utd,39503,Stamford Bridge,Stuart Attwell,Informe del partido,1,1
1250,1250,13,Dom,23/10/2022,14:00,Aston Villa,2.8,0.9,Brentford,41693,Villa Park,Darren England,Informe del partido,4,0
1251,1251,13,Dom,23/10/2022,14:00,Wolves,2.1,0.9,Leicester City,31425,Molineux Stadium,Michael Oliver,Informe del partido,0,4
1252,1252,13,Dom,23/10/2022,14:00,Leeds United,1.6,1.8,Fulham,36447,Elland Road,Anthony Taylor,Informe del partido,2,3
1253,1253,13,Dom,23/10/2022,14:00,Southampton,0.7,1,Arsenal,31145,St. Mary's Stadium,Robert Jones,Informe del partido,1,1
1254,1254,13,Dom,23/10/2022,16:30,Tottenham,1.6,1.2,Newcastle Utd,61726,Tottenham Hotspur Stadium,Jarred Gillett,Informe del partido,1,2
1255,1255,13,Lun,24/10/2022,20:00,West Ham,1.9,0.4,Bournemouth,62447,London Stadium,David Coote,Informe del partido,2,0
1256,1256,14,Sáb,29/10/2022,12:30,Leicester City,0.7,1,Manchester City,32223,King Power Stadium,Robert Jones,Informe del partido,0,1
1257,1257,14,Sáb,29/10/2022,15:00,Brentford,1.4,0.6,Wolves,17051,Brentford Community Stadium,Robert Madley,Informe del partido,1,1
1258,1258,14,Sáb,29/10/2022,15:00,Crystal Palace,0.9,1.3,Southampton,25130,Selhurst Park,Michael Salisbury,Informe del partido,1,0
1259,1259,14,Sáb,29/10/2022,15:00,Newcastle Utd,3.4,0.4,Aston Villa,52233,St James' Park,Paul Tierney,Informe del partido,4,0
1260,1260,14,Sáb,29/10/2022,15:00,Brighton,2.4,1.4,Chelsea,31746,The American Express Community Stadium,Andy Madley,Informe del partido,4,1
1261,1261,14,Sáb,29/10/2022,15:00,Bournemouth,0.5,2,Tottenham,10430,Vitality Stadium,Anthony Taylor,Informe del partido,2,3
1262,1262,14,Sáb,29/10/2022,17:30,Fulham,1.9,0.9,Everton,23534,Craven Cottage,John Brooks,Informe del partido,0,0
1263,1263,14,Sáb,29/10/2022,19:45,Liverpool,1.7,1.8,Leeds United,53274,Anfield,Michael Oliver,Informe del partido,1,2
1264,1264,14,Dom,30/10/2022,14:00,Arsenal,2.3,0.4,Nott'ham Forest,60263,Emirates Stadium,Simon Hooper,Informe del partido,5,0
1265,1265,14,Dom,30/10/2022,16:15,Manchester Utd,1.2,1.1,West Ham,73682,Old Trafford,Chris Kavanagh,Informe del partido,1,0
1266,1266,15,Sáb,05/11/2022,15:00,Nott'ham Forest,1.5,1.5,Brentford,28869,The City Ground,Andre Marriner,Informe del partido,2,2
1267,1267,15,Sáb,05/11/2022,15:00,Leeds United,2.2,1.5,Bournemouth,36304,Elland Road,Tony Harrington,Informe del partido,4,3
1268,1268,15,Sáb,05/11/2022,15:00,Manchester City,2.1,1,Fulham,52395,Etihad Stadium,Darren England,Informe del partido,2,1
1269,1269,15,Sáb,05/11/2022,15:00,Wolves,1.2,1.5,Brighton,30732,Molineux Stadium,Graham Scott,Informe del partido,2,3
1270,1270,15,Sáb,05/11/2022,17:30,Everton,1.2,2.3,Leicester City,39206,Goodison Park,David Coote,Informe del partido,0,2
1271,1271,15,Dom,06/11/2022,12:00,Chelsea,0.3,2.1,Arsenal,40142,Stamford Bridge,Michael Oliver,Informe del partido,0,1
1272,1272,15,Dom,06/11/2022,14:00,West Ham,0.3,1,Crystal Palace,62451,London Stadium,Paul Tierney,Informe del partido,1,2
1273,1273,15,Dom,06/11/2022,14:00,Southampton,1.7,0.9,Newcastle Utd,30402,St. Mary's Stadium,Stuart Attwell,Informe del partido,1,4
1274,1274,15,Dom,06/11/2022,14:00,Aston Villa,0.6,0.5,Manchester Utd,42058,Villa Park,Anthony Taylor,Informe del partido,3,1
1275,1275,15,Dom,06/11/2022,16:30,Tottenham,1.2,1.2,Liverpool,62008,Tottenham Hotspur Stadium,Andy Madley,Informe del partido,1,2
1276,1276,16,Sáb,12/11/2022,12:30,Manchester City,1.6,1.3,Brentford,52786,Etihad Stadium,Peter Bankes,Informe del partido,1,2
1277,1277,16,Sáb,12/11/2022,15:00,Tottenham,1.8,1.1,Leeds United,61667,Tottenham Hotspur Stadium,Michael Salisbury,Informe del partido,4,3
1278,1278,16,Sáb,12/11/2022,15:00,Liverpool,1.9,1.1,Southampton,53331,Anfield,Simon Hooper,Informe del partido,3,1
1279,1279,16,Sáb,12/11/2022,15:00,Bournemouth,2.4,0.8,Everton,10382,Vitality Stadium,Craig Pawson,Informe del partido,3,0
1280,1280,16,Sáb,12/11/2022,15:00,West Ham,1.4,1.8,Leicester City,62459,London Stadium,Jarred Gillett,Informe del partido,0,2
1281,1281,16,Sáb,12/11/2022,15:00,Nott'ham Forest,1.1,1.2,Crystal Palace,29045,The City Ground,John Brooks,Informe del partido,1,0
1282,1282,16,Sáb,12/11/2022,17:30,Newcastle Utd,1,0.3,Chelsea,52264,St James' Park,Robert Jones,Informe del partido,1,0
1283,1283,16,Sáb,12/11/2022,19:45,Wolves,0.7,2.1,Arsenal,34624,Molineux Stadium,Stuart Attwell,Informe del partido,0,2
1284,1284,16,Dom,13/11/2022,14:00,Brighton,0.6,1.5,Aston Villa,31581,The American Express Community Stadium,Chris Kavanagh,Informe del partido,1,2
1285,1285,16,Dom,13/11/2022,16:30,Fulham,1.4,2.5,Manchester Utd,24246,Craven Cottage,Paul Tierney,Informe del partido,1,2
1286,1286,17,Lun,26/12/2022,12:30,Brentford,2,1.1,Tottenham,17137,Brentford Community Stadium,David Coote,Informe del partido,2,2
1287,1287,17,Lun,26/12/2022,15:00,Southampton,1.9,0.6,Brighton,31010,St. Mary's Stadium,Robert Jones,Informe del partido,1,3
1288,1288,17,Lun,26/12/2022,15:00,Leicester City,0.5,1.9,Newcastle Utd,32185,King Power Stadium,Jarred Gillett,Informe del partido,0,3
1289,1289,17,Lun,26/12/2022,15:00,Crystal Palace,0.4,2.5,Fulham,25176,Selhurst Park,Andy Madley,Informe del partido,0,3
1290,1290,17,Lun,26/12/2022,15:00,Everton,1.7,0.8,Wolves,39252,Goodison Park,Craig Pawson,Informe del partido,1,2
1291,1291,17,Lun,26/12/2022,17:30,Aston Villa,1.4,2.7,Liverpool,42085,Villa Park,Paul Tierney,Informe del partido,1,3
1292,1292,17,Lun,26/12/2022,20:00,Arsenal,2.1,1,West Ham,60125,Emirates Stadium,Michael Oliver,Informe del partido,3,1
1293,1293,17,Mar,27/12/2022,17:30,Chelsea,1.8,0.5,Bournemouth,40046,Stamford Bridge,Simon Hooper,Informe del partido,2,0
1294,1294,17,Mar,27/12/2022,20:00,Manchester Utd,2.4,0.7,Nott'ham Forest,73608,Old Trafford,Anthony Taylor,Informe del partido,3,0
1295,1295,17,Mié,28/12/2022,20:00,Leeds United,0.6,4.3,Manchester City,36889,Elland Road,Stuart Attwell,Informe del partido,1,3
1296,1296,18,Vie,30/12/2022,19:45,West Ham,1.3,1.6,Brentford,62467,London Stadium,Darren England,Informe del partido,0,2
1297,1297,18,Vie,30/12/2022,20:00,Liverpool,2.2,1,Leicester City,53343,Anfield,Craig Pawson,Informe del partido,2,1
1298,1298,18,Sáb,31/12/2022,12:30,Wolves,0.7,2,Manchester Utd,31658,Molineux Stadium,Robert Jones,Informe del partido,0,1
1299,1299,18,Sáb,31/12/2022,15:00,Newcastle Utd,2.2,0.4,Leeds United,52211,St James' Park,Simon Hooper,Informe del partido,0,0
1300,1300,18,Sáb,31/12/2022,15:00,Fulham,1.5,0.8,Southampton,24344,Craven Cottage,Graham Scott,Informe del partido,2,1
1301,1301,18,Sáb,31/12/2022,15:00,Manchester City,1.7,0.1,Everton,53444,Etihad Stadium,Andy Madley,Informe del partido,1,1
1302,1302,18,Sáb,31/12/2022,15:00,Bournemouth,0.6,1.6,Crystal Palace,9972,Vitality Stadium,Andre Marriner,Informe del partido,0,2
1303,1303,18,Sáb,31/12/2022,17:30,Brighton,1.2,2.9,Arsenal,31647,The American Express Community Stadium,Anthony Taylor,Informe del partido,2,4
1304,1304,18,Dom,01/01/2023,14:00,Tottenham,0.7,1,Aston Villa,61651,Tottenham Hotspur Stadium,John Brooks,Informe del partido,0,2
1305,1305,18,Dom,01/01/2023,16:30,Nott'ham Forest,1.4,0.9,Chelsea,29229,The City Ground,Peter Bankes,Informe del partido,1,1
1306,1306,19,Lun,02/01/2023,17:30,Brentford,1.6,0.9,Liverpool,17163,Brentford Community Stadium,Stuart Attwell,Informe del partido,3,1
1307,1307,19,Mar,03/01/2023,19:45,Leicester City,1.7,1.7,Fulham,30813,King Power Stadium,Darren Bond,Informe del partido,0,1
1308,1308,19,Mar,03/01/2023,19:45,Everton,1.3,2.2,Brighton,39103,Goodison Park,Andre Marriner,Informe del partido,1,4
1309,1309,19,Mar,03/01/2023,19:45,Arsenal,1.1,1,Newcastle Utd,60319,Emirates Stadium,Andy Madley,Informe del partido,0,0
1310,1310,19,Mar,03/01/2023,20:00,Manchester Utd,2.2,0.6,Bournemouth,73322,Old Trafford,Michael Salisbury,Informe del partido,3,0
1311,1311,19,Mié,04/01/2023,19:30,Southampton,0.5,1.4,Nott'ham Forest,30150,St. Mary's Stadium,Thomas Bramall,Informe del partido,0,1
1312,1312,19,Mié,04/01/2023,19:45,Leeds United,1.6,1.4,West Ham,36173,Elland Road,David Coote,Informe del partido,2,2
1313,1313,19,Mié,04/01/2023,20:00,Aston Villa,1.8,0.9,Wolves,39978,Villa Park,Jarred Gillett,Informe del partido,1,1
1314,1314,19,Mié,04/01/2023,20:00,Crystal Palace,0.8,1.4,Tottenham,25132,Selhurst Park,Michael Oliver,Informe del partido,0,4
1315,1315,19,Jue,05/01/2023,20:00,Chelsea,0.4,2,Manchester City,39998,Stamford Bridge,Paul Tierney,Informe del partido,0,1
1316,1316,7,Jue,12/01/2023,20:00,Fulham,1,2.1,Chelsea,24460,Craven Cottage,David Coote,Informe del partido,2,1
1317,1317,20,Vie,13/01/2023,20:00,Aston Villa,1.2,2.4,Leeds United,42008,Villa Park,Michael Oliver,Informe del partido,2,1
1318,1318,20,Sáb,14/01/2023,12:30,Manchester Utd,1.7,0.6,Manchester City,75546,Old Trafford,Stuart Attwell,Informe del partido,2,1
1319,1319,20,Sáb,14/01/2023,15:00,Everton,1.4,1.2,Southampton,39305,Goodison Park,John Brooks,Informe del partido,1,2
1320,1320,20,Sáb,14/01/2023,15:00,Wolves,0.9,1.1,West Ham,31511,Molineux Stadium,Simon Hooper,Informe del partido,1,0
1321,1321,20,Sáb,14/01/2023,15:00,Nott'ham Forest,2.4,1,Leicester City,29301,The City Ground,Paul Tierney,Informe del partido,2,0
1322,1322,20,Sáb,14/01/2023,15:00,Brighton,1.9,1,Liverpool,31645,The American Express Community Stadium,Darren England,Informe del partido,3,0
1323,1323,20,Sáb,14/01/2023,17:30,Brentford,1.4,0.6,Bournemouth,17031,Brentford Community Stadium,Jarred Gillett,Informe del partido,2,0
1324,1324,20,Dom,15/01/2023,14:00,Chelsea,1.5,0.7,Crystal Palace,40075,Stamford Bridge,Peter Bankes,Informe del partido,1,0
1325,1325,20,Dom,15/01/2023,14:00,Newcastle Utd,2.2,1.1,Fulham,52247,St James' Park,Robert Jones,Informe del partido,1,0
1326,1326,20,Dom,15/01/2023,16:30,Tottenham,1.6,1.8,Arsenal,61870,Tottenham Hotspur Stadium,Craig Pawson,Informe del partido,0,2
1327,1327,7,Mié,18/01/2023,20:00,Crystal Palace,0.5,2.1,Manchester Utd,23343,Selhurst Park,Robert Jones,Informe del partido,1,1
1328,1328,7,Jue,19/01/2023,20:00,Manchester City,2.3,0.8,Tottenham,53088,Etihad Stadium,Simon Hooper,Informe del partido,4,2
1329,1329,21,Sáb,21/01/2023,12:30,Liverpool,1.4,1.6,Chelsea,53126,Anfield,Michael Oliver,Informe del partido,0,0
1330,1330,21,Sáb,21/01/2023,15:00,Bournemouth,1.4,1.9,Nott'ham Forest,10248,Vitality Stadium,Andy Madley,Informe del partido,1,1
1331,1331,21,Sáb,21/01/2023,15:00,Southampton,0.6,1.4,Aston Villa,30158,St. Mary's Stadium,Michael Salisbury,Informe del partido,0,1
1332,1332,21,Sáb,21/01/2023,15:00,Leicester City,0.9,1.7,Brighton,32056,King Power Stadium,Thomas Bramall,Informe del partido,2,2
1333,1333,21,Sáb,21/01/2023,15:00,West Ham,2.2,0.5,Everton,62470,London Stadium,Stuart Attwell,Informe del partido,2,0
1334,1334,21,Sáb,21/01/2023,17:30,Crystal Palace,0.3,1.2,Newcastle Utd,25350,Selhurst Park,Craig Pawson,Informe del partido,0,0
1335,1335,21,Dom,22/01/2023,14:00,Manchester City,2.8,0.8,Wolves,53282,Etihad Stadium,David Coote,Informe del partido,3,0
1336,1336,21,Dom,22/01/2023,14:00,Leeds United,0.5,0.4,Brentford,36260,Elland Road,Peter Bankes,Informe del partido,0,0
1337,1337,21,Dom,22/01/2023,16:30,Arsenal,3.1,0.4,Manchester Utd,60325,Emirates Stadium,Anthony Taylor,Informe del partido,3,2
1338,1338,21,Lun,23/01/2023,20:00,Fulham,1,0.9,Tottenham,24190,Craven Cottage,Paul Tierney,Informe del partido,0,1
1339,1339,22,Vie,03/02/2023,20:00,Chelsea,1.3,0.6,Fulham,40041,Stamford Bridge,Stuart Attwell,Informe del partido,0,0
1340,1340,22,Sáb,04/02/2023,12:30,Everton,1.7,0.9,Arsenal,39314,Goodison Park,David Coote,Informe del partido,1,0
1341,1341,22,Sáb,04/02/2023,15:00,Aston Villa,1.7,2.6,Leicester City,42055,Villa Park,Darren England,Informe del partido,2,4
1342,1342,22,Sáb,04/02/2023,15:00,Wolves,2,1.8,Liverpool,31664,Molineux Stadium,Paul Tierney,Informe del partido,3,0
1343,1343,22,Sáb,04/02/2023,15:00,Manchester Utd,2,1.3,Crystal Palace,73420,Old Trafford,Andre Marriner,Informe del partido,2,1
1344,1344,22,Sáb,04/02/2023,15:00,Brighton,2.2,1.1,Bournemouth,31600,The American Express Community Stadium,Craig Pawson,Informe del partido,1,0
1345,1345,22,Sáb,04/02/2023,15:00,Brentford,2,0.7,Southampton,17051,Brentford Community Stadium,Darren Bond,Informe del partido,3,0
1346,1346,22,Sáb,04/02/2023,17:30,Newcastle Utd,1,1,West Ham,52256,St James' Park,Peter Bankes,Informe del partido,1,1
1347,1347,22,Dom,05/02/2023,14:00,Nott'ham Forest,0.4,0.9,Leeds United,29363,The City Ground,Robert Jones,Informe del partido,1,0
1348,1348,22,Dom,05/02/2023,16:30,Tottenham,1.4,1.3,Manchester City,61747,Tottenham Hotspur Stadium,Andy Madley,Informe del partido,1,0
1349,1349,8,Mié,08/02/2023,20:00,Manchester Utd,2,0.6,Leeds United,73456,Old Trafford,Simon Hooper,Informe del partido,2,2
1350,1350,23,Sáb,11/02/2023,12:30,West Ham,1.3,1.1,Chelsea,62471,London Stadium,Craig Pawson,Informe del partido,1,1
1351,1351,23,Sáb,11/02/2023,15:00,Leicester City,1.7,1.3,Tottenham,32184,King Power Stadium,Michael Salisbury,Informe del partido,4,1
1352,1352,23,Sáb,11/02/2023,15:00,Crystal Palace,1.1,2.5,Brighton,24827,Selhurst Park,Michael Oliver,Informe del partido,1,1
1353,1353,23,Sáb,11/02/2023,15:00,Arsenal,1.6,2,Brentford,60254,Emirates Stadium,Peter Bankes,Informe del partido,1,1
1354,1354,23,Sáb,11/02/2023,15:00,Southampton,1.1,0.8,Wolves,29751,St. Mary's Stadium,Jarred Gillett,Informe del partido,1,2
1355,1355,23,Sáb,11/02/2023,15:00,Fulham,1.5,0.7,Nott'ham Forest,24244,Craven Cottage,Andy Madley,Informe del partido,2,0
1356,1356,23,Sáb,11/02/2023,17:30,Bournemouth,1.5,1.3,Newcastle Utd,10419,Vitality Stadium,Stuart Attwell,Informe del partido,1,1
1357,1357,23,Dom,12/02/2023,14:00,Leeds United,1.8,1.1,Manchester Utd,36919,Elland Road,Paul Tierney,Informe del partido,0,2
1358,1358,23,Dom,12/02/2023,16:30,Manchester City,3.3,0.3,Aston Villa,53392,Etihad Stadium,Robert Jones,Informe del partido,3,1
1359,1359,23,Lun,13/02/2023,20:00,Liverpool,2.3,0.4,Everton,53027,Anfield,Simon Hooper,Informe del partido,2,0
1360,1360,12,Mié,15/02/2023,19:30,Arsenal,1.6,1.8,Manchester City,60276,Emirates Stadium,Anthony Taylor,Informe del partido,1,3
1361,1361,24,Sáb,18/02/2023,12:30,Aston Villa,0.5,3.2,Arsenal,42066,Villa Park,Simon Hooper,Informe del partido,2,4
1362,1362,24,Sáb,18/02/2023,15:00,Brighton,2.2,0.3,Fulham,31619,The American Express Community Stadium,Darren England,Informe del partido,0,1
1363,1363,24,Sáb,18/02/2023,15:00,Nott'ham Forest,0.9,2.4,Manchester City,29365,The City Ground,Graham Scott,Informe del partido,1,1
1364,1364,24,Sáb,18/02/2023,15:00,Chelsea,1.6,0.6,Southampton,40152,Stamford Bridge,David Coote,Informe del partido,0,1
1365,1365,24,Sáb,18/02/2023,15:00,Everton,1.4,0.5,Leeds United,39232,Goodison Park,Andy Madley,Informe del partido,1,0
1366,1366,24,Sáb,18/02/2023,15:00,Wolves,1.3,1.1,Bournemouth,31222,Molineux Stadium,Michael Salisbury,Informe del partido,0,1
1367,1367,24,Sáb,18/02/2023,15:00,Brentford,0.9,1.1,Crystal Palace,17122,Brentford Community Stadium,Paul Tierney,Informe del partido,1,1
1368,1368,24,Sáb,18/02/2023,17:30,Newcastle Utd,2,1.9,Liverpool,52758,St James' Park,Anthony Taylor,Informe del partido,0,2
1369,1369,24,Dom,19/02/2023,14:00,Manchester Utd,4.4,1.6,Leicester City,73578,Old Trafford,Stuart Attwell,Informe del partido,3,0
1370,1370,24,Dom,19/02/2023,16:30,Tottenham,1.5,0.5,West Ham,61476,Tottenham Hotspur Stadium,Michael Oliver,Informe del partido,2,0
1371,1371,25,Vie,24/02/2023,20:00,Fulham,0.5,0.8,Wolves,24399,Craven Cottage,Michael Oliver,Informe del partido,1,1
1372,1372,25,Sáb,25/02/2023,15:00,Leicester City,0,0.7,Arsenal,32227,King Power Stadium,Craig Pawson,Informe del partido,0,1
1373,1373,25,Sáb,25/02/2023,15:00,Everton,1.6,1.9,Aston Villa,39309,Goodison Park,Anthony Taylor,Informe del partido,0,2
1374,1374,25,Sáb,25/02/2023,15:00,West Ham,2.7,0.4,Nott'ham Forest,62469,London Stadium,Jarred Gillett,Informe del partido,4,0
1375,1375,25,Sáb,25/02/2023,15:00,Leeds United,0.9,0.4,Southampton,36641,Elland Road,Peter Bankes,Informe del partido,1,0
1376,1376,25,Sáb,25/02/2023,17:30,Bournemouth,1,2.4,Manchester City,10481,Vitality Stadium,Paul Tierney,Informe del partido,1,4
1377,1377,25,Sáb,25/02/2023,19:45,Crystal Palace,0.7,0.9,Liverpool,25842,Selhurst Park,Darren England,Informe del partido,0,0
1378,1378,25,Dom,26/02/2023,13:30,Tottenham,0.8,0.4,Chelsea,61613,Tottenham Hotspur Stadium,Stuart Attwell,Informe del partido,2,0
1379,1379,7,Mié,01/03/2023,19:45,Arsenal,2.4,1.2,Everton,60213,Emirates Stadium,Michael Oliver,Informe del partido,4,0
1380,1380,7,Mié,01/03/2023,20:00,Liverpool,2.6,0.8,Wolves,53259,Anfield,Paul Tierney,Informe del partido,2,0
1381,1381,26,Sáb,04/03/2023,12:30,Manchester City,1.3,0.4,Newcastle Utd,53419,Etihad Stadium,Simon Hooper,Informe del partido,2,0
1382,1382,26,Sáb,04/03/2023,15:00,Arsenal,2.1,1.3,Bournemouth,60222,Emirates Stadium,Chris Kavanagh,Informe del partido,3,2
1383,1383,26,Sáb,04/03/2023,15:00,Aston Villa,1.2,0.2,Crystal Palace,41893,Villa Park,Craig Pawson,Informe del partido,1,0
1384,1384,26,Sáb,04/03/2023,15:00,Chelsea,1.5,1,Leeds United,39905,Stamford Bridge,Michael Oliver,Informe del partido,1,0
1385,1385,26,Sáb,04/03/2023,15:00,Brighton,3.5,0.3,West Ham,31523,The American Express Community Stadium,Stuart Attwell,Informe del partido,4,0
1386,1386,26,Sáb,04/03/2023,15:00,Wolves,0.5,1.2,Tottenham,31585,Molineux Stadium,Tim Robinson,Informe del partido,1,0
1387,1387,26,Sáb,04/03/2023,17:30,Southampton,1.4,1.9,Leicester City,30139,St. Mary's Stadium,Robert Jones,Informe del partido,1,0
1388,1388,26,Dom,05/03/2023,14:00,Nott'ham Forest,0.8,1.7,Everton,29353,The City Ground,John Brooks,Informe del partido,2,2
1389,1389,26,Dom,05/03/2023,16:30,Liverpool,2.8,0.8,Manchester Utd,53001,Anfield,Andy Madley,Informe del partido,7,0
1390,1390,26,Lun,06/03/2023,20:00,Brentford,2.1,1.4,Fulham,17025,Brentford Community Stadium,Anthony Taylor,Informe del partido,3,2
1391,1391,27,Sáb,11/03/2023,12:30,Bournemouth,0.9,1.7,Liverpool,10536,Vitality Stadium,John Brooks,Informe del partido,1,0
1392,1392,27,Sáb,11/03/2023,15:00,Leeds United,0.9,2.7,Brighton,36471,Elland Road,Paul Tierney,Informe del partido,2,2
1393,1393,27,Sáb,11/03/2023,15:00,Everton,1,2,Brentford,39274,Goodison Park,Simon Hooper,Informe del partido,1,0
1394,1394,27,Sáb,11/03/2023,15:00,Leicester City,2.4,1.6,Chelsea,32170,King Power Stadium,Andre Marriner,Informe del partido,1,3
1395,1395,27,Sáb,11/03/2023,15:00,Tottenham,2,1.5,Nott'ham Forest,61460,Tottenham Hotspur Stadium,Craig Pawson,Informe del partido,3,1
1396,1396,27,Sáb,11/03/2023,17:30,Crystal Palace,0.2,2.1,Manchester City,25844,Selhurst Park,Robert Jones,Informe del partido,0,1
1397,1397,27,Dom,12/03/2023,14:00,Manchester Utd,0.8,1,Southampton,73439,Old Trafford,Anthony Taylor,Informe del partido,0,0
1398,1398,27,Dom,12/03/2023,14:00,Fulham,0.8,2.3,Arsenal,24426,Craven Cottage,David Coote,Informe del partido,0,3
1399,1399,27,Dom,12/03/2023,14:00,West Ham,2.1,1.5,Aston Villa,62472,London Stadium,Chris Kavanagh,Informe del partido,1,1
1400,1400,27,Dom,12/03/2023,16:30,Newcastle Utd,1.8,1.1,Wolves,52240,St James' Park,Andy Madley,Informe del partido,2,1
1401,1401,7,Mié,15/03/2023,19:30,Southampton,0.5,1.9,Brentford,30438,St. Mary's Stadium,Michael Salisbury,Informe del partido,0,2
1402,1402,8,Mié,15/03/2023,19:30,Brighton,0.6,1.1,Crystal Palace,30933,The American Express Community Stadium,Peter Bankes,Informe del partido,1,0
1403,1403,28,Vie,17/03/2023,20:00,Nott'ham Forest,0.4,2.4,Newcastle Utd,29362,The City Ground,Paul Tierney,Informe del partido,1,2
1404,1404,28,Sáb,18/03/2023,15:00,Wolves,2.7,1.6,Leeds United,31570,Molineux Stadium,Michael Salisbury,Informe del partido,2,4
1405,1405,28,Sáb,18/03/2023,15:00,Brentford,0.6,1.3,Leicester City,17006,Brentford Community Stadium,Darren Bond,Informe del partido,1,1
1406,1406,28,Sáb,18/03/2023,15:00,Aston Villa,3.5,1.3,Bournemouth,41021,Villa Park,Robert Jones,Informe del partido,3,0
1407,1407,28,Sáb,18/03/2023,15:00,Southampton,2.4,2.3,Tottenham,30157,St. Mary's Stadium,Simon Hooper,Informe del partido,3,3
1408,1408,28,Sáb,18/03/2023,17:30,Chelsea,2.3,1.2,Everton,40025,Stamford Bridge,Darren England,Informe del partido,2,2
1409,1409,28,Dom,19/03/2023,14:00,Arsenal,1.6,0.8,Crystal Palace,60247,Emirates Stadium,Stuart Attwell,Informe del partido,4,1
1410,1410,29,Sáb,01/04/2023,12:30,Manchester City,2.9,0.3,Liverpool,52877,Etihad Stadium,Simon Hooper,Informe del partido,4,1
1411,1411,29,Sáb,01/04/2023,15:00,Arsenal,3.8,0.7,Leeds United,60283,Emirates Stadium,Darren England,Informe del partido,4,1
1412,1412,29,Sáb,01/04/2023,15:00,Nott'ham Forest,1.3,0.5,Wolves,29368,The City Ground,Chris Kavanagh,Informe del partido,1,1
1413,1413,29,Sáb,01/04/2023,15:00,Brighton,4.2,1.6,Brentford,31493,The American Express Community Stadium,Michael Oliver,Informe del partido,3,3
1414,1414,29,Sáb,01/04/2023,15:00,Crystal Palace,2.3,0.2,Leicester City,25147,Selhurst Park,Tim Robinson,Informe del partido,2,1
1415,1415,29,Sáb,01/04/2023,15:00,Bournemouth,2.6,0.8,Fulham,10305,Vitality Stadium,Peter Bankes,Informe del partido,2,1
1416,1416,29,Sáb,01/04/2023,17:30,Chelsea,2.1,0.9,Aston Villa,40082,Stamford Bridge,Andy Madley,Informe del partido,0,2
1417,1417,29,Dom,02/04/2023,14:00,West Ham,1.4,0.3,Southampton,62498,London Stadium,Paul Tierney,Informe del partido,1,0
1418,1418,29,Dom,02/04/2023,16:30,Newcastle Utd,3.7,0.4,Manchester Utd,52268,St James' Park,Stuart Attwell,Informe del partido,2,0
1419,1419,29,Lun,03/04/2023,20:00,Everton,0.9,1.4,Tottenham,39294,Goodison Park,David Coote,Informe del partido,1,1
1420,1420,7,Mar,04/04/2023,19:45,Leeds United,1.8,0.8,Nott'ham Forest,36740,Elland Road,Robert Jones,Informe del partido,2,1
1421,1421,7,Mar,04/04/2023,19:45,Bournemouth,1.7,2.7,Brighton,10266,Vitality Stadium,Darren Bond,Informe del partido,0,2
1422,1422,7,Mar,04/04/2023,19:45,Leicester City,0.5,1,Aston Villa,32087,King Power Stadium,Graham Scott,Informe del partido,1,2
1423,1423,8,Mar,04/04/2023,20:00,Chelsea,2.2,0.3,Liverpool,40093,Stamford Bridge,Anthony Taylor,Informe del partido,0,0
1424,1424,7,Mié,05/04/2023,20:00,West Ham,1,3.3,Newcastle Utd,62481,London Stadium,Craig Pawson,Informe del partido,1,5
1425,1425,25,Mié,05/04/2023,20:00,Manchester Utd,1.2,0.7,Brentford,73309,Old Trafford,John Brooks,Informe del partido,1,0
1426,1426,30,Sáb,08/04/2023,12:30,Manchester Utd,3.4,1,Everton,73509,Old Trafford,Michael Oliver,Informe del partido,2,0
1427,1427,30,Sáb,08/04/2023,15:00,Fulham,0.7,1.1,West Ham,24491,Craven Cottage,Jarred Gillett,Informe del partido,0,1
1428,1428,30,Sáb,08/04/2023,15:00,Aston Villa,1.3,0.2,Nott'ham Forest,42076,Villa Park,Anthony Taylor,Informe del partido,2,0
1429,1429,30,Sáb,08/04/2023,15:00,Leicester City,0.6,1.9,Bournemouth,32094,King Power Stadium,David Coote,Informe del partido,0,1
1430,1430,30,Sáb,08/04/2023,15:00,Brentford,2.6,1.3,Newcastle Utd,17107,Brentford Community Stadium,Chris Kavanagh,Informe del partido,1,2
1431,1431,30,Sáb,08/04/2023,15:00,Wolves,0.6,1.1,Chelsea,31614,Molineux Stadium,Peter Bankes,Informe del partido,1,0
1432,1432,30,Sáb,08/04/2023,15:00,Tottenham,0.8,1.4,Brighton,61405,Tottenham Hotspur Stadium,Stuart Attwell,Informe del partido,2,1
1433,1433,30,Sáb,08/04/2023,17:30,Southampton,0.4,2.9,Manchester City,30963,St. Mary's Stadium,Robert Jones,Informe del partido,1,4
1434,1434,30,Dom,09/04/2023,14:00,Leeds United,0.9,3,Crystal Palace,36427,Elland Road,Simon Hooper,Informe del partido,1,5
1435,1435,30,Dom,09/04/2023,16:30,Liverpool,3.9,1.4,Arsenal,53267,Anfield,Paul Tierney,Informe del partido,2,2
1436,1436,31,Sáb,15/04/2023,12:30,Aston Villa,1.9,0.5,Newcastle Utd,42055,Villa Park,John Brooks,Informe del partido,3,0
1437,1437,31,Sáb,15/04/2023,15:00,Chelsea,0.5,2.9,Brighton,40126,Stamford Bridge,Robert Jones,Informe del partido,1,2
1438,1438,31,Sáb,15/04/2023,15:00,Southampton,0.8,0.9,Crystal Palace,30309,St. Mary's Stadium,Michael Oliver,Informe del partido,0,2
1439,1439,31,Sáb,15/04/2023,15:00,Wolves,0.8,1.1,Brentford,30769,Molineux Stadium,Paul Tierney,Informe del partido,2,0
1440,1440,31,Sáb,15/04/2023,15:00,Tottenham,2.2,1.3,Bournemouth,61369,Tottenham Hotspur Stadium,Andy Madley,Informe del partido,2,3
1441,1441,31,Sáb,15/04/2023,15:00,Everton,1.4,1.8,Fulham,39241,Goodison Park,Anthony Taylor,Informe del partido,1,3
1442,1442,31,Sáb,15/04/2023,17:30,Manchester City,1.6,2.3,Leicester City,53329,Etihad Stadium,Darren England,Informe del partido,3,1
1443,1443,31,Dom,16/04/2023,14:00,West Ham,1.8,2.7,Arsenal,62481,London Stadium,David Coote,Informe del partido,2,2
1444,1444,31,Dom,16/04/2023,16:30,Nott'ham Forest,0.7,3.5,Manchester Utd,29435,The City Ground,Simon Hooper,Informe del partido,0,2
1445,1445,31,Lun,17/04/2023,20:00,Leeds United,1.4,2.7,Liverpool,36657,Elland Road,Craig Pawson,Informe del partido,1,6
1446,1446,32,Vie,21/04/2023,20:00,Arsenal,2.4,1.3,Southampton,60175,Emirates Stadium,Simon Hooper,Informe del partido,3,3
1447,1447,32,Sáb,22/04/2023,12:30,Fulham,1.7,0.8,Leeds United,24356,Craven Cottage,Peter Bankes,Informe del partido,2,1
1448,1448,32,Sáb,22/04/2023,15:00,Crystal Palace,0.5,0.4,Everton,25202,Selhurst Park,John Brooks,Informe del partido,0,0
1449,1449,32,Sáb,22/04/2023,15:00,Brentford,2.7,1.5,Aston Villa,17098,Brentford Community Stadium,Michael Salisbury,Informe del partido,1,1
1450,1450,32,Sáb,22/04/2023,15:00,Liverpool,2.8,0.9,Nott'ham Forest,53254,Anfield,Michael Oliver,Informe del partido,3,2
1451,1451,32,Sáb,22/04/2023,15:00,Leicester City,2.4,0.9,Wolves,32053,King Power Stadium,Andy Madley,Informe del partido,2,1
1452,1452,32,Dom,23/04/2023,14:00,Bournemouth,1.5,2.4,West Ham,10465,Vitality Stadium,Anthony Taylor,Informe del partido,0,4
1453,1453,32,Dom,23/04/2023,14:00,Newcastle Utd,3.7,1,Tottenham,52252,St James' Park,David Coote,Informe del partido,6,1
1454,1454,33,Mar,25/04/2023,19:30,Wolves,1.4,0.8,Crystal Palace,30294,Molineux Stadium,Robert Jones,Informe del partido,2,0
1455,1455,33,Mar,25/04/2023,19:45,Aston Villa,1,0.1,Fulham,41046,Villa Park,Thomas Bramall,Informe del partido,1,0
1456,1456,33,Mar,25/04/2023,20:00,Leeds United,1.5,2.1,Leicester City,36666,Elland Road,Paul Tierney,Informe del partido,1,1
1457,1457,33,Mié,26/04/2023,19:30,Nott'ham Forest,2.4,2.3,Brighton,28808,The City Ground,Jarred Gillett,Informe del partido,3,1
1458,1458,33,Mié,26/04/2023,19:45,Chelsea,1.3,1.1,Brentford,39929,Stamford Bridge,Andy Madley,Informe del partido,0,2
1459,1459,33,Mié,26/04/2023,19:45,West Ham,0.8,1.9,Liverpool,62473,London Stadium,Chris Kavanagh,Informe del partido,1,2
1460,1460,33,Mié,26/04/2023,20:00,Manchester City,2.5,0.5,Arsenal,53482,Etihad Stadium,Michael Oliver,Informe del partido,4,1
1461,1461,33,Jue,27/04/2023,19:45,Everton,0.9,2.4,Newcastle Utd,39248,Goodison Park,Andre Marriner,Informe del partido,1,4
1462,1462,33,Jue,27/04/2023,19:45,Southampton,0.5,0.9,Bournemouth,30414,St. Mary's Stadium,Darren England,Informe del partido,0,1
1463,1463,33,Jue,27/04/2023,20:15,Tottenham,2.5,2,Manchester Utd,61586,Tottenham Hotspur Stadium,Anthony Taylor,Informe del partido,2,2
1464,1464,34,Sáb,29/04/2023,12:30,Crystal Palace,2.1,1.7,West Ham,25148,Selhurst Park,Craig Pawson,Informe del partido,4,3
1465,1465,34,Sáb,29/04/2023,15:00,Brighton,3.3,0.8,Wolves,31584,The American Express Community Stadium,David Coote,Informe del partido,6,0
1466,1466,34,Sáb,29/04/2023,15:00,Brentford,1.6,0.7,Nott'ham Forest,17080,Brentford Community Stadium,Peter Bankes,Informe del partido,2,1
1467,1467,34,Dom,30/04/2023,14:00,Manchester Utd,1.2,0.6,Aston Villa,73592,Old Trafford,Jarred Gillett,Informe del partido,1,0
1468,1468,34,Dom,30/04/2023,14:00,Bournemouth,1.9,1.6,Leeds United,10434,Vitality Stadium,Chris Kavanagh,Informe del partido,4,1
1469,1469,34,Dom,30/04/2023,14:00,Newcastle Utd,4.3,0.8,Southampton,52234,St James' Park,Anthony Taylor,Informe del partido,3,1
1470,1470,34,Dom,30/04/2023,14:00,Fulham,0.2,2.5,Manchester City,24498,Craven Cottage,Simon Hooper,Informe del partido,1,2
1471,1471,34,Dom,30/04/2023,16:30,Liverpool,2.2,2,Tottenham,53275,Anfield,Paul Tierney,Informe del partido,4,3
1472,1472,34,Lun,01/05/2023,20:00,Leicester City,3.4,3.1,Everton,32173,King Power Stadium,Michael Oliver,Informe del partido,2,2
1473,1473,34,Mar,02/05/2023,20:00,Arsenal,1.7,0.8,Chelsea,60144,Emirates Stadium,Robert Jones,Informe del partido,3,1
1474,1474,28,Mié,03/05/2023,20:00,Liverpool,1.8,0.9,Fulham,52602,Anfield,Stuart Attwell,Informe del partido,1,0
1475,1475,28,Mié,03/05/2023,20:00,Manchester City,2.3,0.4,West Ham,53305,Etihad Stadium,John Brooks,Informe del partido,3,0
1476,1476,28,Jue,04/05/2023,20:00,Brighton,2.3,1.4,Manchester Utd,31577,The American Express Community Stadium,Andre Marriner,Informe del partido,1,0
1477,1477,35,Sáb,06/05/2023,15:00,Tottenham,0.9,0.4,Crystal Palace,61093,Tottenham Hotspur Stadium,Darren England,Informe del partido,1,0
1478,1478,35,Sáb,06/05/2023,15:00,Wolves,0.8,1.5,Aston Villa,31641,Molineux Stadium,Stuart Attwell,Informe del partido,1,0
1479,1479,35,Sáb,06/05/2023,15:00,Bournemouth,1.2,1.3,Chelsea,10357,Vitality Stadium,John Brooks,Informe del partido,1,3
1480,1480,35,Sáb,06/05/2023,15:00,Manchester City,2.6,0.2,Leeds United,53406,Etihad Stadium,Andy Madley,Informe del partido,2,1
1481,1481,35,Sáb,06/05/2023,17:30,Liverpool,2.2,0.2,Brentford,52838,Anfield,Anthony Taylor,Informe del partido,1,0
1482,1482,35,Dom,07/05/2023,16:30,Newcastle Utd,1.3,1.3,Arsenal,50267,St James' Park,Chris Kavanagh,Informe del partido,0,2
1483,1483,35,Dom,07/05/2023,19:00,West Ham,1.3,1.2,Manchester Utd,62477,London Stadium,Peter Bankes,Informe del partido,1,0
1484,1484,35,Lun,08/05/2023,15:00,Fulham,1.6,2.8,Leicester City,24442,Craven Cottage,Robert Jones,Informe del partido,5,3
1485,1485,35,Lun,08/05/2023,17:30,Brighton,3.2,2.3,Everton,31567,The American Express Community Stadium,Simon Hooper,Informe del partido,1,5
1486,1486,35,Lun,08/05/2023,20:00,Nott'ham Forest,1.8,3.1,Southampton,29154,The City Ground,Michael Oliver,Informe del partido,4,3
1487,1487,36,Sáb,13/05/2023,12:30,Leeds United,2,2.3,Newcastle Utd,36955,Elland Road,Simon Hooper,Informe del partido,2,2
1488,1488,36,Sáb,13/05/2023,15:00,Aston Villa,1.2,1.4,Tottenham,42164,Villa Park,Peter Bankes,Informe del partido,2,1
1489,1489,36,Sáb,13/05/2023,15:00,Chelsea,1.2,1.3,Nott'ham Forest,40030,Stamford Bridge,Paul Tierney,Informe del partido,2,2
1490,1490,36,Sáb,13/05/2023,15:00,Crystal Palace,1.5,0.3,Bournemouth,25034,Selhurst Park,Michael Salisbury,Informe del partido,2,0
1491,1491,36,Sáb,13/05/2023,15:00,Southampton,0.4,1.4,Fulham,28978,St. Mary's Stadium,Thomas Bramall,Informe del partido,0,2
1492,1492,36,Sáb,13/05/2023,15:00,Manchester Utd,3.2,0.3,Wolves,73570,Old Trafford,John Brooks,Informe del partido,2,0
1493,1493,36,Dom,14/05/2023,14:00,Everton,1.6,0.8,Manchester City,39376,Goodison Park,Anthony Taylor,Informe del partido,0,3
1494,1494,36,Dom,14/05/2023,14:00,Brentford,3.4,0.2,West Ham,17075,Brentford Community Stadium,Michael Oliver,Informe del partido,2,0
1495,1495,36,Dom,14/05/2023,16:30,Arsenal,0.9,1.7,Brighton,60139,Emirates Stadium,Andy Madley,Informe del partido,0,3
1496,1496,36,Lun,15/05/2023,20:00,Leicester City,0.4,2.2,Liverpool,32225,King Power Stadium,Craig Pawson,Informe del partido,0,3
1497,1497,25,Jue,18/05/2023,19:30,Newcastle Utd,3.6,0.5,Brighton,52122,St James' Park,Robert Jones,Informe del partido,4,1
1498,1498,37,Sáb,20/05/2023,12:30,Tottenham,1.7,1.2,Brentford,61514,Tottenham Hotspur Stadium,Jarred Gillett,Informe del partido,1,3
1499,1499,37,Sáb,20/05/2023,15:00,Liverpool,0.7,1.3,Aston Villa,53306,Anfield,John Brooks,Informe del partido,1,1
1500,1500,37,Sáb,20/05/2023,15:00,Fulham,1.7,1.6,Crystal Palace,24356,Craven Cottage,Joshua Smith,Informe del partido,2,2
1501,1501,37,Sáb,20/05/2023,15:00,Bournemouth,1,1.4,Manchester Utd,10240,Vitality Stadium,Chris Kavanagh,Informe del partido,0,1
1502,1502,37,Sáb,20/05/2023,15:00,Wolves,1.6,2,Everton,31684,Molineux Stadium,David Coote,Informe del partido,1,1
1503,1503,37,Sáb,20/05/2023,17:30,Nott'ham Forest,0.6,0.6,Arsenal,29514,The City Ground,Anthony Taylor,Informe del partido,1,0
1504,1504,37,Dom,21/05/2023,13:30,West Ham,2.1,0.9,Leeds United,62478,London Stadium,Peter Bankes,Informe del partido,3,1
1505,1505,37,Dom,21/05/2023,14:00,Brighton,2.5,0.6,Southampton,31507,The American Express Community Stadium,Paul Tierney,Informe del partido,3,1
1506,1506,37,Dom,21/05/2023,16:00,Manchester City,1.2,1.2,Chelsea,53490,Etihad Stadium,Michael Oliver,Informe del partido,1,0
1507,1507,37,Lun,22/05/2023,20:00,Newcastle Utd,2.1,0.1,Leicester City,52152,St James' Park,Andre Marriner,Informe del partido,0,0
1508,1508,32,Mié,24/05/2023,20:00,Brighton,2.2,1.8,Manchester City,31388,The American Express Community Stadium,Simon Hooper,Informe del partido,1,1
1509,1509,32,Jue,25/05/2023,20:00,Manchester Utd,5.2,1.9,Chelsea,73561,Old Trafford,Stuart Attwell,Informe del partido,4,1
1510,1510,38,Dom,28/05/2023,16:30,Crystal Palace,1.4,0.5,Nott'ham Forest,25198,Selhurst Park,Thomas Bramall,Informe del partido,1,1
1511,1511,38,Dom,28/05/2023,16:30,Chelsea,2.2,1.7,Newcastle Utd,40130,Stamford Bridge,Jarred Gillett,Informe del partido,1,1
1512,1512,38,Dom,28/05/2023,16:30,Manchester Utd,2.9,1.8,Fulham,73465,Old Trafford,Robert Jones,Informe del partido,2,1
1513,1513,38,Dom,28/05/2023,16:30,Arsenal,2.8,0.5,Wolves,60095,Emirates Stadium,Andre Marriner,Informe del partido,5,0
1514,1514,38,Dom,28/05/2023,16:30,Southampton,1.8,4,Liverpool,31129,St. Mary's Stadium,Darren England,Informe del partido,4,4
1515,1515,38,Dom,28/05/2023,16:30,Everton,1,0.5,Bournemouth,39201,Goodison Park,Stuart Attwell,Informe del partido,1,0
1516,1516,38,Dom,28/05/2023,16:30,Leicester City,1.4,1.4,West Ham,32183,King Power Stadium,Simon Hooper,Informe del partido,2,1
1517,1517,38,Dom,28/05/2023,16:30,Aston Villa,2.8,1.4,Brighton,,Villa Park,David Coote,Informe del partido,2,1
1518,1518,38,Dom,28/05/2023,16:30,Leeds United,1.5,2.2,Tottenham,36871,Elland Road,Anthony Taylor,Informe del partido,1,4
1519,1519,38,Dom,28/05/2023,16:30,Brentford,1.3,1.6,Manchester City,17120,Brentford Community Stadium,John Brooks,Informe del partido,1,0
1520,1520,1,Vie,11/08/2023,20:00,Burnley,0.3,1.9,Manchester City,21572,Turf Moor,Craig Pawson,Informe del partido,0,3
1521,1521,1,Sáb,12/08/2023,12:30,Arsenal,0.8,1.2,Nott'ham Forest,59984,Emirates Stadium,Michael Oliver,Informe del partido,2,1
1522,1522,1,Sáb,12/08/2023,15:00,Everton,2.7,1.5,Fulham,39940,Goodison Park,Stuart Attwell,Informe del partido,0,1
1523,1523,1,Sáb,12/08/2023,15:00,Sheffield Utd,0.5,1.9,Crystal Palace,31194,Bramall Lane,John Brooks,Informe del partido,0,1
1524,1524,1,Sáb,12/08/2023,15:00,Brighton,4,1.5,Luton Town,31872,The American Express Community Stadium,David Coote,Informe del partido,4,1
1525,1525,1,Sáb,12/08/2023,15:00,Bournemouth,1.3,1.1,West Ham,11245,Vitality Stadium,Peter Bankes,Informe del partido,1,1
1526,1526,1,Sáb,12/08/2023,17:30,Newcastle Utd,3.3,1.8,Aston Villa,52207,St James' Park,Andy Madley,Informe del partido,5,1
1527,1527,1,Dom,13/08/2023,14:00,Brentford,2.2,1.3,Tottenham,17066,Gtech Community Stadium,Robert Jones,Informe del partido,2,2
1528,1528,1,Dom,13/08/2023,16:30,Chelsea,1.4,1.3,Liverpool,40096,Stamford Bridge,Anthony Taylor,Informe del partido,1,1
1529,1529,1,Lun,14/08/2023,20:00,Manchester Utd,2.2,2.2,Wolves,73358,Old Trafford,Simon Hooper,Informe del partido,1,0
1530,1530,2,Vie,18/08/2023,19:45,Nott'ham Forest,1.4,0.5,Sheffield Utd,29432,The City Ground,Peter Bankes,Informe del partido,2,1
1531,1531,2,Sáb,19/08/2023,15:00,Fulham,0.5,3.7,Brentford,24236,Craven Cottage,Darren Bond,Informe del partido,0,3
1532,1532,2,Sáb,19/08/2023,15:00,Liverpool,3,1.3,Bournemouth,53145,Anfield,Thomas Bramall,Informe del partido,3,1
1533,1533,2,Sáb,19/08/2023,15:00,Wolves,2.1,2.2,Brighton,31317,Molineux Stadium,Andy Madley,Informe del partido,1,4
1534,1534,2,Sáb,19/08/2023,17:30,Tottenham,1.7,2.1,Manchester Utd,61910,Tottenham Hotspur Stadium,Michael Oliver,Informe del partido,2,0
1535,1535,2,Sáb,19/08/2023,20:00,Manchester City,1,0.3,Newcastle Utd,53419,Etihad Stadium,Robert Jones,Informe del partido,1,0
1536,1536,2,Dom,20/08/2023,14:00,Aston Villa,2.9,0.6,Everton,41694,Villa Park,Anthony Taylor,Informe del partido,4,0
1537,1537,2,Dom,20/08/2023,16:30,West Ham,1.8,2.5,Chelsea,62451,London Stadium,John Brooks,Informe del partido,3,1
1538,1538,2,Lun,21/08/2023,20:00,Crystal Palace,1,2,Arsenal,24189,Selhurst Park,David Coote,Informe del partido,0,1
1539,1539,3,Vie,25/08/2023,20:00,Chelsea,2.2,0.4,Luton Town,39893,Stamford Bridge,Robert Jones,Informe del partido,3,0
1540,1540,3,Sáb,26/08/2023,12:30,Bournemouth,0.7,2.1,Tottenham,10567,Vitality Stadium,Tim Robinson,Informe del partido,0,2
1541,1541,3,Sáb,26/08/2023,15:00,Everton,1.3,1.1,Wolves,38851,Goodison Park,Craig Pawson,Informe del partido,0,1
1542,1542,3,Sáb,26/08/2023,15:00,Brentford,1,0.8,Crystal Palace,16997,Gtech Community Stadium,Peter Bankes,Informe del partido,1,1
1543,1543,3,Sáb,26/08/2023,15:00,Manchester Utd,2.8,1.2,Nott'ham Forest,73595,Old Trafford,Stuart Attwell,Informe del partido,3,2
1544,1544,3,Sáb,26/08/2023,15:00,Arsenal,3.2,0.6,Fulham,59961,Emirates Stadium,Paul Tierney,Informe del partido,2,2
1545,1545,3,Sáb,26/08/2023,17:30,Brighton,1.5,3,West Ham,31508,The American Express Community Stadium,Anthony Taylor,Informe del partido,1,3
1546,1546,3,Dom,27/08/2023,14:00,Sheffield Utd,0.7,3.5,Manchester City,31336,Bramall Lane,Jarred Gillett,Informe del partido,1,2
1547,1547,3,Dom,27/08/2023,14:00,Burnley,0.7,2.5,Aston Villa,21591,Turf Moor,Michael Salisbury,Informe del partido,1,3
1548,1548,3,Dom,27/08/2023,16:30,Newcastle Utd,2,0.9,Liverpool,52214,St James' Park,John Brooks,Informe del partido,1,2
1549,1549,4,Vie,01/09/2023,20:00,Luton Town,1.4,1,West Ham,10802,Kenilworth Road Stadium,Paul Tierney,Informe del partido,1,2
1550,1550,4,Sáb,02/09/2023,12:30,Sheffield Utd,1.2,2.5,Everton,31124,Bramall Lane,Andy Madley,Informe del partido,2,2
1551,1551,4,Sáb,02/09/2023,15:00,Chelsea,2.3,0.8,Nott'ham Forest,39820,Stamford Bridge,Tim Robinson,Informe del partido,0,1
1552,1552,4,Sáb,02/09/2023,15:00,Manchester City,2.2,1.4,Fulham,52899,Etihad Stadium,Michael Oliver,Informe del partido,5,1
1553,1553,4,Sáb,02/09/2023,15:00,Brentford,2.9,2.1,Bournemouth,16973,Gtech Community Stadium,Robert Madley,Informe del partido,2,2
1554,1554,4,Sáb,02/09/2023,15:00,Burnley,1.3,2.2,Tottenham,21750,Turf Moor,Darren England,Informe del partido,2,5
1555,1555,4,Sáb,02/09/2023,17:30,Brighton,1.3,1.2,Newcastle Utd,31620,The American Express Community Stadium,Stuart Attwell,Informe del partido,3,1
1556,1556,4,Dom,03/09/2023,14:00,Liverpool,2.5,0.7,Aston Villa,50109,Anfield,Simon Hooper,Informe del partido,3,0
1557,1557,4,Dom,03/09/2023,14:00,Crystal Palace,2.1,1.2,Wolves,24741,Selhurst Park,Robert Jones,Informe del partido,3,2
1558,1558,4,Dom,03/09/2023,16:30,Arsenal,2.3,0.9,Manchester Utd,60192,Emirates Stadium,Anthony Taylor,Informe del partido,3,1
1559,1559,5,Sáb,16/09/2023,12:30,Wolves,0.6,2.5,Liverpool,31257,Molineux Stadium,Michael Oliver,Informe del partido,1,3
1560,1560,5,Sáb,16/09/2023,15:00,Fulham,1,1.1,Luton Town,24467,Craven Cottage,Michael Salisbury,Informe del partido,1,0
1561,1561,5,Sáb,16/09/2023,15:00,West Ham,0.9,3.6,Manchester City,62475,London Stadium,Andy Madley,Informe del partido,1,3
1562,1562,5,Sáb,16/09/2023,15:00,Aston Villa,3,1.2,Crystal Palace,40809,Villa Park,Darren England,Informe del partido,3,1
1563,1563,5,Sáb,16/09/2023,15:00,Manchester Utd,1,1.7,Brighton,73592,Old Trafford,Jarred Gillett,Informe del partido,1,3
1564,1564,5,Sáb,16/09/2023,15:00,Tottenham,2.1,0.7,Sheffield Utd,61706,Tottenham Hotspur Stadium,Peter Bankes,Informe del partido,2,1
1565,1565,5,Sáb,16/09/2023,17:30,Newcastle Utd,1.4,0.5,Brentford,51670,St James' Park,Craig Pawson,Informe del partido,1,0
1566,1566,5,Dom,17/09/2023,14:00,Bournemouth,1,1.8,Chelsea,10421,Vitality Stadium,David Coote,Informe del partido,0,0
1567,1567,5,Dom,17/09/2023,16:30,Everton,0.3,1,Arsenal,39217,Goodison Park,Simon Hooper,Informe del partido,0,1
1568,1568,5,Lun,18/09/2023,19:45,Nott'ham Forest,0.7,0.5,Burnley,28958,The City Ground,Robert Jones,Informe del partido,1,1
1569,1569,6,Sáb,23/09/2023,15:00,Manchester City,1.3,1,Nott'ham Forest,53413,Etihad Stadium,Anthony Taylor,Informe del partido,2,0
1570,1570,6,Sáb,23/09/2023,15:00,Luton Town,2.1,0.6,Wolves,10893,Kenilworth Road Stadium,Joshua Smith,Informe del partido,1,1
1571,1571,6,Sáb,23/09/2023,15:00,Crystal Palace,0.3,0.6,Fulham,25072,Selhurst Park,Paul Tierney,Informe del partido,0,0
1572,1572,6,Sáb,23/09/2023,17:30,Brentford,1,1.9,Everton,16981,Gtech Community Stadium,Michael Oliver,Informe del partido,1,3
1573,1573,6,Sáb,23/09/2023,20:00,Burnley,1.1,1,Manchester Utd,21593,Turf Moor,Tony Harrington,Informe del partido,0,1
1574,1574,6,Dom,24/09/2023,14:00,Arsenal,1.8,1.4,Tottenham,60156,Emirates Stadium,Robert Jones,Informe del partido,2,2
1575,1575,6,Dom,24/09/2023,14:00,Brighton,1.9,1.1,Bournemouth,31617,The American Express Community Stadium,John Brooks,Informe del partido,3,1
1576,1576,6,Dom,24/09/2023,14:00,Chelsea,1.3,1,Aston Villa,39700,Stamford Bridge,Jarred Gillett,Informe del partido,0,1
1577,1577,6,Dom,24/09/2023,14:00,Liverpool,3,1.1,West Ham,50136,Anfield,Chris Kavanagh,Informe del partido,3,1
1578,1578,6,Dom,24/09/2023,16:30,Sheffield Utd,0.9,3.9,Newcastle Utd,31127,Bramall Lane,Stuart Attwell,Informe del partido,0,8
1579,1579,7,Sáb,30/09/2023,12:30,Aston Villa,1.6,1.7,Brighton,40636,Villa Park,Andy Madley,Informe del partido,6,1
1580,1580,7,Sáb,30/09/2023,15:00,Wolves,0.4,0.9,Manchester City,31415,Molineux Stadium,Craig Pawson,Informe del partido,2,1
1581,1581,7,Sáb,30/09/2023,15:00,Bournemouth,0.6,3.4,Arsenal,11193,Vitality Stadium,Michael Salisbury,Informe del partido,0,4
1582,1582,7,Sáb,30/09/2023,15:00,Everton,2.9,0.9,Luton Town,39289,Goodison Park,Anthony Taylor,Informe del partido,1,2
1583,1583,7,Sáb,30/09/2023,15:00,Newcastle Utd,3.1,0.6,Burnley,51687,St James' Park,Thomas Bramall,Informe del partido,2,0
1584,1584,7,Sáb,30/09/2023,15:00,West Ham,2.1,1.1,Sheffield Utd,62459,London Stadium,Graham Scott,Informe del partido,2,0
1585,1585,7,Sáb,30/09/2023,15:00,Manchester Utd,1.3,0.9,Crystal Palace,73428,Old Trafford,Chris Kavanagh,Informe del partido,0,1
1586,1586,7,Sáb,30/09/2023,17:30,Tottenham,2.2,1.3,Liverpool,62001,Tottenham Hotspur Stadium,Simon Hooper,Informe del partido,2,1
1587,1587,7,Dom,01/10/2023,14:00,Nott'ham Forest,0.5,1.6,Brentford,29004,The City Ground,Paul Tierney,Informe del partido,1,1
1588,1588,7,Lun,02/10/2023,20:00,Fulham,1.1,1.7,Chelsea,24445,Craven Cottage,Tim Robinson,Informe del partido,0,2
1589,1589,2,Mar,03/10/2023,19:30,Luton Town,1.3,1.1,Burnley,10918,Kenilworth Road Stadium,Peter Bankes,Informe del partido,1,2
1590,1590,8,Sáb,07/10/2023,12:30,Luton Town,0.8,1.9,Tottenham,10290,Kenilworth Road Stadium,John Brooks,Informe del partido,0,1
1591,1591,8,Sáb,07/10/2023,15:00,Everton,2.4,0.7,Bournemouth,38815,Goodison Park,David Coote,Informe del partido,3,0
1592,1592,8,Sáb,07/10/2023,15:00,Manchester Utd,1.4,0.9,Brentford,73453,Old Trafford,Andy Madley,Informe del partido,2,1
1593,1593,8,Sáb,07/10/2023,15:00,Burnley,0.7,1.9,Chelsea,21654,Turf Moor,Stuart Attwell,Informe del partido,1,4
1594,1594,8,Sáb,07/10/2023,15:00,Fulham,2.2,0.6,Sheffield Utd,24361,Craven Cottage,Samuel Barrott,Informe del partido,3,1
1595,1595,8,Sáb,07/10/2023,17:30,Crystal Palace,0.8,1,Nott'ham Forest,25017,Selhurst Park,Craig Pawson,Informe del partido,0,0
1596,1596,8,Dom,08/10/2023,14:00,West Ham,1.2,2,Newcastle Utd,62473,London Stadium,Peter Bankes,Informe del partido,2,2
1597,1597,8,Dom,08/10/2023,14:00,Wolves,1.7,1.6,Aston Villa,31425,Molineux Stadium,Robert Jones,Informe del partido,1,1
1598,1598,8,Dom,08/10/2023,14:00,Brighton,2.3,2.3,Liverpool,31752,The American Express Community Stadium,Anthony Taylor,Informe del partido,2,2
1599,1599,8,Dom,08/10/2023,16:30,Arsenal,0.4,0.5,Manchester City,60233,Emirates Stadium,Michael Oliver,Informe del partido,1,0
1600,1600,9,Sáb,21/10/2023,12:30,Liverpool,2.2,0.1,Everton,50201,Anfield,Craig Pawson,Informe del partido,2,0
1601,1601,9,Sáb,21/10/2023,15:00,Bournemouth,0.6,2.4,Wolves,11175,Vitality Stadium,Paul Tierney,Informe del partido,1,2
1602,1602,9,Sáb,21/10/2023,15:00,Newcastle Utd,2.4,1.2,Crystal Palace,52189,St James' Park,Tim Robinson,Informe del partido,4,0
1603,1603,9,Sáb,21/10/2023,15:00,Brentford,3.1,1.1,Burnley,17029,Gtech Community Stadium,Joshua Smith,Informe del partido,3,0
1604,1604,9,Sáb,21/10/2023,15:00,Manchester City,0.8,0.8,Brighton,53466,Etihad Stadium,Robert Jones,Informe del partido,2,1
1605,1605,9,Sáb,21/10/2023,15:00,Nott'ham Forest,2.9,1.7,Luton Town,29361,The City Ground,Samuel Barrott,Informe del partido,2,2
1606,1606,9,Sáb,21/10/2023,17:30,Chelsea,1.3,1,Arsenal,39723,Stamford Bridge,Chris Kavanagh,Informe del partido,2,2
1607,1607,9,Sáb,21/10/2023,20:00,Sheffield Utd,1.4,1.1,Manchester Utd,31543,Bramall Lane,Michael Oliver,Informe del partido,1,2
1608,1608,9,Dom,22/10/2023,16:30,Aston Villa,1.9,1.1,West Ham,41734,Villa Park,David Coote,Informe del partido,4,1
1609,1609,9,Lun,23/10/2023,20:00,Tottenham,1.5,1,Fulham,61286,Tottenham Hotspur Stadium,Anthony Taylor,Informe del partido,2,0
1610,1610,10,Vie,27/10/2023,20:00,Crystal Palace,0.6,1.1,Tottenham,25074,Selhurst Park,Andy Madley,Informe del partido,1,2
1611,1611,10,Sáb,28/10/2023,12:30,Chelsea,1.9,2.2,Brentford,39575,Stamford Bridge,Simon Hooper,Informe del partido,0,2
1612,1612,10,Sáb,28/10/2023,15:00,Bournemouth,1.1,0.8,Burnley,11152,Vitality Stadium,Samuel Barrott,Informe del partido,2,1
1613,1613,10,Sáb,28/10/2023,15:00,Arsenal,2.8,0,Sheffield Utd,60153,Emirates Stadium,Tim Robinson,Informe del partido,5,0
1614,1614,10,Sáb,28/10/2023,17:30,Wolves,0.9,2.2,Newcastle Utd,31584,Molineux Stadium,Anthony Taylor,Informe del partido,2,2
1615,1615,10,Dom,29/10/2023,13:00,West Ham,0.7,0.8,Everton,62469,London Stadium,Stuart Attwell,Informe del partido,0,1
1616,1616,10,Dom,29/10/2023,14:00,Liverpool,3.2,0.4,Nott'ham Forest,50143,Anfield,Chris Kavanagh,Informe del partido,3,0
1617,1617,10,Dom,29/10/2023,14:00,Brighton,1.4,0.7,Fulham,31550,The American Express Community Stadium,Michael Salisbury,Informe del partido,1,1
1618,1618,10,Dom,29/10/2023,14:00,Aston Villa,2.3,0.5,Luton Town,41785,Villa Park,John Brooks,Informe del partido,3,1
1619,1619,10,Dom,29/10/2023,15:30,Manchester Utd,0.9,4,Manchester City,73502,Old Trafford,Paul Tierney,Informe del partido,0,3
1620,1620,11,Sáb,04/11/2023,12:30,Fulham,1,0.7,Manchester Utd,24415,Craven Cottage,John Brooks,Informe del partido,0,1
1621,1621,11,Sáb,04/11/2023,15:00,Brentford,1.5,1.8,West Ham,17103,Gtech Community Stadium,Thomas Bramall,Informe del partido,3,2
1622,1622,11,Sáb,04/11/2023,15:00,Everton,0.7,0.5,Brighton,38683,Goodison Park,Tim Robinson,Informe del partido,1,1
1623,1623,11,Sáb,04/11/2023,15:00,Burnley,1.1,1.3,Crystal Palace,21578,Turf Moor,Peter Bankes,Informe del partido,0,2
1624,1624,11,Sáb,04/11/2023,15:00,Manchester City,1.9,0.9,Bournemouth,53358,Etihad Stadium,Craig Pawson,Informe del partido,6,1
1625,1625,11,Sáb,04/11/2023,15:00,Sheffield Utd,1,1.2,Wolves,29454,Bramall Lane,Robert Jones,Informe del partido,2,1
1626,1626,11,Sáb,04/11/2023,17:30,Newcastle Utd,1,0.6,Arsenal,52194,St James' Park,Stuart Attwell,Informe del partido,1,0
1627,1627,11,Dom,05/11/2023,14:00,Nott'ham Forest,0.4,1.2,Aston Villa,29313,The City Ground,Jarred Gillett,Informe del partido,2,0
1628,1628,11,Dom,05/11/2023,16:30,Luton Town,0.8,2.6,Liverpool,11049,Kenilworth Road Stadium,Andy Madley,Informe del partido,1,1
1629,1629,11,Lun,06/11/2023,20:00,Tottenham,0.9,4.1,Chelsea,61726,Tottenham Hotspur Stadium,Michael Oliver,Informe del partido,1,4
1630,1630,12,Sáb,11/11/2023,12:30,Wolves,2.1,0.7,Tottenham,31642,Molineux Stadium,Tim Robinson,Informe del partido,2,1
1631,1631,12,Sáb,11/11/2023,15:00,Arsenal,1.8,0.3,Burnley,60232,Emirates Stadium,Michael Oliver,Informe del partido,3,1
1632,1632,12,Sáb,11/11/2023,15:00,Manchester Utd,2.2,0.4,Luton Town,73599,Old Trafford,Graham Scott,Informe del partido,1,0
1633,1633,12,Sáb,11/11/2023,15:00,Crystal Palace,2.2,1.5,Everton,25103,Selhurst Park,Samuel Barrott,Informe del partido,2,3
1634,1634,12,Sáb,11/11/2023,17:30,Bournemouth,2.4,0.5,Newcastle Utd,11201,Vitality Stadium,Chris Kavanagh,Informe del partido,2,0
1635,1635,12,Dom,12/11/2023,14:00,West Ham,1.8,1.7,Nott'ham Forest,62470,London Stadium,Michael Salisbury,Informe del partido,3,2
1636,1636,12,Dom,12/11/2023,14:00,Liverpool,1.7,1.6,Brentford,50151,Anfield,Paul Tierney,Informe del partido,3,0
1637,1637,12,Dom,12/11/2023,14:00,Aston Villa,3,0.9,Fulham,41608,Villa Park,Simon Hooper,Informe del partido,3,1
1638,1638,12,Dom,12/11/2023,14:00,Brighton,1.5,1.1,Sheffield Utd,31367,The American Express Community Stadium,John Brooks,Informe del partido,1,1
1639,1639,12,Dom,12/11/2023,16:30,Chelsea,2.9,2.9,Manchester City,39532,Stamford Bridge,Anthony Taylor,Informe del partido,4,4
1640,1640,13,Sáb,25/11/2023,12:30,Manchester City,1.3,0.6,Liverpool,53289,Etihad Stadium,Chris Kavanagh,Informe del partido,1,1
1641,1641,13,Sáb,25/11/2023,15:00,Burnley,1.3,0.9,West Ham,21319,Turf Moor,Samuel Barrott,Informe del partido,1,2
1642,1642,13,Sáb,25/11/2023,15:00,Nott'ham Forest,1.9,1.3,Brighton,29404,The City Ground,Anthony Taylor,Informe del partido,2,3
1643,1643,13,Sáb,25/11/2023,15:00,Sheffield Utd,0.8,2.9,Bournemouth,30208,Bramall Lane,Andy Madley,Informe del partido,1,3
1644,1644,13,Sáb,25/11/2023,15:00,Newcastle Utd,2.4,0.5,Chelsea,52227,St James' Park,Simon Hooper,Informe del partido,4,1
1645,1645,13,Sáb,25/11/2023,15:00,Luton Town,0.9,1.6,Crystal Palace,11029,Kenilworth Road Stadium,Jarred Gillett,Informe del partido,2,1
1646,1646,13,Sáb,25/11/2023,17:30,Brentford,1.1,1.6,Arsenal,17201,Gtech Community Stadium,Tim Robinson,Informe del partido,0,1
1647,1647,13,Dom,26/11/2023,14:00,Tottenham,2.3,1.7,Aston Villa,61679,Tottenham Hotspur Stadium,Robert Jones,Informe del partido,1,2
1648,1648,13,Dom,26/11/2023,16:30,Everton,2.4,2.2,Manchester Utd,39257,Goodison Park,John Brooks,Informe del partido,0,3
1649,1649,13,Lun,27/11/2023,20:00,Fulham,2.9,1.4,Wolves,24366,Craven Cottage,Michael Salisbury,Informe del partido,3,2
1650,1650,14,Sáb,02/12/2023,15:00,Brentford,3.1,0.2,Luton Town,17075,Gtech Community Stadium,Anthony Taylor,Informe del partido,3,1
1651,1651,14,Sáb,02/12/2023,15:00,Arsenal,2.8,0.7,Wolves,60262,Emirates Stadium,Peter Bankes,Informe del partido,2,1
1652,1652,14,Sáb,02/12/2023,15:00,Burnley,1.8,0.4,Sheffield Utd,21478,Turf Moor,Chris Kavanagh,Informe del partido,5,0
1653,1653,14,Sáb,02/12/2023,17:30,Nott'ham Forest,0.7,0.7,Everton,29404,The City Ground,Paul Tierney,Informe del partido,0,1
1654,1654,14,Sáb,02/12/2023,20:00,Newcastle Utd,2.4,0.5,Manchester Utd,52214,St James' Park,Robert Jones,Informe del partido,1,0
1655,1655,14,Dom,03/12/2023,14:00,Bournemouth,2,0.7,Aston Villa,11191,Vitality Stadium,Thomas Bramall,Informe del partido,2,2
1656,1656,14,Dom,03/12/2023,14:00,Liverpool,2.1,1.2,Fulham,50124,Anfield,Stuart Attwell,Informe del partido,4,3
1657,1657,14,Dom,03/12/2023,14:00,Chelsea,2.1,1.1,Brighton,39647,Stamford Bridge,Craig Pawson,Informe del partido,3,2
1658,1658,14,Dom,03/12/2023,14:00,West Ham,1.1,0.9,Crystal Palace,62414,London Stadium,Michael Oliver,Informe del partido,1,1
1659,1659,14,Dom,03/12/2023,16:30,Manchester City,2.6,0.5,Tottenham,53473,Etihad Stadium,Simon Hooper,Informe del partido,3,3
1660,1660,15,Mar,05/12/2023,19:30,Wolves,0.8,0.9,Burnley,30439,Molineux Stadium,Jarred Gillett,Informe del partido,1,0
1661,1661,15,Mar,05/12/2023,20:15,Luton Town,0.5,2.2,Arsenal,11031,Kenilworth Road Stadium,Samuel Barrott,Informe del partido,3,4
1662,1662,15,Mié,06/12/2023,19:30,Sheffield Utd,1,1.7,Liverpool,31406,Bramall Lane,Simon Hooper,Informe del partido,0,2
1663,1663,15,Mié,06/12/2023,19:30,Crystal Palace,1,1.8,Bournemouth,25078,Selhurst Park,Craig Pawson,Informe del partido,0,2
1664,1664,15,Mié,06/12/2023,19:30,Brighton,1.5,1.5,Brentford,31571,The American Express Community Stadium,Peter Bankes,Informe del partido,2,1
1665,1665,15,Mié,06/12/2023,19:30,Fulham,2.5,0.3,Nott'ham Forest,24105,Craven Cottage,Joshua Smith,Informe del partido,5,0
1666,1666,15,Mié,06/12/2023,20:15,Aston Villa,2.3,0.6,Manchester City,41421,Villa Park,John Brooks,Informe del partido,1,0
1667,1667,15,Mié,06/12/2023,20:15,Manchester Utd,4.1,1.5,Chelsea,73607,Old Trafford,Chris Kavanagh,Informe del partido,2,1
1668,1668,15,Jue,07/12/2023,19:30,Everton,3.3,1.5,Newcastle Utd,38198,Goodison Park,Tim Robinson,Informe del partido,3,0
1669,1669,15,Jue,07/12/2023,20:15,Tottenham,1.8,2.2,West Ham,61171,Tottenham Hotspur Stadium,Michael Salisbury,Informe del partido,1,2
1670,1670,16,Sáb,09/12/2023,12:30,Crystal Palace,1.7,1.2,Liverpool,25103,Selhurst Park,Andy Madley,Informe del partido,1,2
1671,1671,16,Sáb,09/12/2023,15:00,Manchester Utd,1.1,1.5,Bournemouth,73427,Old Trafford,Peter Bankes,Informe del partido,0,3
1672,1672,16,Sáb,09/12/2023,15:00,Wolves,1.2,1.3,Nott'ham Forest,31543,Molineux Stadium,Samuel Barrott,Informe del partido,1,1
1673,1673,16,Sáb,09/12/2023,15:00,Brighton,2.6,0.6,Burnley,31511,The American Express Community Stadium,Simon Hooper,Informe del partido,1,1
1674,1674,16,Sáb,09/12/2023,15:00,Sheffield Utd,0.8,0.6,Brentford,28509,Bramall Lane,Stuart Attwell,Informe del partido,1,0
1675,1675,16,Sáb,09/12/2023,17:30,Aston Villa,0.6,1.4,Arsenal,42000,Villa Park,Jarred Gillett,Informe del partido,1,0
1676,1676,16,Dom,10/12/2023,14:00,Everton,1.2,0.9,Chelsea,39280,Goodison Park,Michael Oliver,Informe del partido,2,0
1677,1677,16,Dom,10/12/2023,14:00,Fulham,2.3,1.3,West Ham,23988,Craven Cottage,Paul Tierney,Informe del partido,5,0
1678,1678,16,Dom,10/12/2023,14:00,Luton Town,0.3,1.6,Manchester City,11047,Kenilworth Road Stadium,Tim Robinson,Informe del partido,1,2
1679,1679,16,Dom,10/12/2023,16:30,Tottenham,3.8,1.7,Newcastle Utd,61171,Tottenham Hotspur Stadium,Chris Kavanagh,Informe del partido,4,1
1680,1680,17,Vie,15/12/2023,20:00,Nott'ham Forest,1.3,1.5,Tottenham,29296,The City Ground,Jarred Gillett,Informe del partido,0,2
1681,1681,17,Sáb,16/12/2023,15:00,Manchester City,1.6,1.8,Crystal Palace,53248,Etihad Stadium,Paul Tierney,Informe del partido,2,2
1682,1682,17,Sáb,16/12/2023,15:00,Chelsea,3.1,0.4,Sheffield Utd,39599,Stamford Bridge,Andy Madley,Informe del partido,2,0
1683,1683,17,Sáb,16/12/2023,15:00,Newcastle Utd,3.5,0.3,Fulham,52055,St James' Park,Samuel Barrott,Informe del partido,3,0
1684,1684,17,Sáb,16/12/2023,17:30,Burnley,0.7,1.4,Everton,21413,Turf Moor,Anthony Taylor,Informe del partido,0,2
1685,1685,17,Dom,17/12/2023,14:00,Brentford,0.5,1.4,Aston Villa,17034,Gtech Community Stadium,David Coote,Informe del partido,1,2
1686,1686,17,Dom,17/12/2023,14:00,West Ham,1.1,0.7,Wolves,62455,London Stadium,Chris Kavanagh,Informe del partido,3,0
1687,1687,17,Dom,17/12/2023,14:00,Arsenal,2.3,0.7,Brighton,60257,Emirates Stadium,Tim Robinson,Informe del partido,2,0
1688,1688,17,Dom,17/12/2023,16:30,Liverpool,2.3,0.8,Manchester Utd,57158,Anfield,Michael Oliver,Informe del partido,0,0
1689,1689,18,Jue,21/12/2023,20:00,Crystal Palace,1.3,1.2,Brighton,24171,Selhurst Park,John Brooks,Informe del partido,1,1
1690,1690,18,Vie,22/12/2023,20:00,Aston Villa,0.9,0.6,Sheffield Utd,41651,Villa Park,Anthony Taylor,Informe del partido,1,1
1691,1691,18,Sáb,23/12/2023,12:30,West Ham,1.2,1,Manchester Utd,64472,London Stadium,Simon Hooper,Informe del partido,2,0
1692,1692,18,Sáb,23/12/2023,15:00,Luton Town,1.4,1.4,Newcastle Utd,11042,Kenilworth Road Stadium,Darren England,Informe del partido,1,0
1693,1693,18,Sáb,23/12/2023,15:00,Fulham,1.3,0.4,Burnley,23598,Craven Cottage,Rebecca Welch,Informe del partido,0,2
1694,1694,18,Sáb,23/12/2023,15:00,Tottenham,1.5,1.8,Everton,61808,Tottenham Hotspur Stadium,Stuart Attwell,Informe del partido,2,1
1695,1695,18,Sáb,23/12/2023,15:00,Nott'ham Forest,1,1.6,Bournemouth,29188,The City Ground,Robert Jones,Informe del partido,2,3
1696,1696,18,Sáb,23/12/2023,17:30,Liverpool,1,0.7,Arsenal,57548,Anfield,Chris Kavanagh,Informe del partido,1,1
1697,1697,18,Dom,24/12/2023,13:00,Wolves,1.3,2,Chelsea,31641,Molineux Stadium,David Coote,Informe del partido,2,1
1698,1698,19,Mar,26/12/2023,12:30,Newcastle Utd,2.4,3.5,Nott'ham Forest,52207,St James' Park,Chris Kavanagh,Informe del partido,1,3
1699,1699,19,Mar,26/12/2023,15:00,Bournemouth,1.8,0.3,Fulham,11099,Vitality Stadium,Tim Robinson,Informe del partido,3,0
1700,1700,19,Mar,26/12/2023,15:00,Sheffield Utd,2.4,0.6,Luton Town,31041,Bramall Lane,Samuel Allison,Informe del partido,2,3
1701,1701,19,Mar,26/12/2023,17:30,Burnley,0.8,1.8,Liverpool,21624,Turf Moor,Paul Tierney,Informe del partido,0,2
1702,1702,19,Mar,26/12/2023,20:00,Manchester Utd,1.1,1.7,Aston Villa,73574,Old Trafford,Craig Pawson,Informe del partido,3,2
1703,1703,19,Mié,27/12/2023,19:30,Chelsea,2.6,1.1,Crystal Palace,39618,Stamford Bridge,Michael Salisbury,Informe del partido,2,1
1704,1704,19,Mié,27/12/2023,19:30,Brentford,2.2,2.4,Wolves,17109,Gtech Community Stadium,Andy Madley,Informe del partido,1,4
1705,1705,19,Mié,27/12/2023,20:15,Everton,1,2.4,Manchester City,39327,Goodison Park,John Brooks,Informe del partido,1,3
1706,1706,19,Jue,28/12/2023,19:30,Brighton,3.2,2.3,Tottenham,31675,The American Express Community Stadium,Jarred Gillett,Informe del partido,4,2
1707,1707,19,Jue,28/12/2023,20:15,Arsenal,2.7,1.4,West Ham,60261,Emirates Stadium,Michael Oliver,Informe del partido,0,2
1708,1708,20,Sáb,30/12/2023,12:30,Luton Town,2.3,1.5,Chelsea,11041,Kenilworth Road Stadium,Paul Tierney,Informe del partido,2,3
1709,1709,20,Sáb,30/12/2023,15:00,Aston Villa,3.2,1.2,Burnley,41613,Villa Park,Stuart Attwell,Informe del partido,3,2
1710,1710,20,Sáb,30/12/2023,15:00,Wolves,1.9,0.4,Everton,31639,Molineux Stadium,Thomas Bramall,Informe del partido,3,0
1711,1711,20,Sáb,30/12/2023,15:00,Manchester City,2.2,0.3,Sheffield Utd,53108,Etihad Stadium,David Coote,Informe del partido,2,0
1712,1712,20,Sáb,30/12/2023,15:00,Crystal Palace,1,1.4,Brentford,25472,Selhurst Park,Robert Jones,Informe del partido,3,1
1713,1713,20,Sáb,30/12/2023,17:30,Nott'ham Forest,0.7,0.8,Manchester Utd,29529,The City Ground,Tim Robinson,Informe del partido,2,1
1714,1714,20,Dom,31/12/2023,14:00,Tottenham,2.3,1.7,Bournemouth,61780,Tottenham Hotspur Stadium,Simon Hooper,Informe del partido,3,1
1715,1715,20,Dom,31/12/2023,14:00,Fulham,1.2,1.6,Arsenal,24444,Craven Cottage,Joshua Smith,Informe del partido,2,1
1716,1716,20,Lun,01/01/2024,20:00,Liverpool,7,0.6,Newcastle Utd,57471,Anfield,Anthony Taylor,Informe del partido,4,2
1717,1717,20,Mar,02/01/2024,19:30,West Ham,0.7,2.3,Brighton,62462,London Stadium,Samuel Barrott,Informe del partido,0,0
1718,1718,21,Vie,12/01/2024,19:45,Burnley,1.1,0.9,Luton Town,20155,Turf Moor,Tony Harrington,Informe del partido,1,1
1719,1719,21,Sáb,13/01/2024,12:30,Chelsea,2.2,0.8,Fulham,39643,Stamford Bridge,Anthony Taylor,Informe del partido,1,0
1720,1720,21,Sáb,13/01/2024,17:30,Newcastle Utd,1.3,3,Manchester City,52190,St James' Park,Chris Kavanagh,Informe del partido,2,3
1721,1721,21,Dom,14/01/2024,14:00,Everton,1.1,1.2,Aston Villa,39284,Goodison Park,David Coote,Informe del partido,0,0
1722,1722,21,Dom,14/01/2024,16:30,Manchester Utd,0.8,1.2,Tottenham,73489,Old Trafford,John Brooks,Informe del partido,2,2
1723,1723,21,Sáb,20/01/2024,12:30,Arsenal,3.3,0.3,Crystal Palace,60284,Emirates Stadium,Paul Tierney,Informe del partido,5,0
1724,1724,21,Sáb,20/01/2024,17:30,Brentford,1.2,1.2,Nott'ham Forest,17077,Gtech Community Stadium,Darren England,Informe del partido,3,2
1725,1725,21,Dom,21/01/2024,14:00,Sheffield Utd,2.5,2.3,West Ham,29164,Bramall Lane,Michael Salisbury,Informe del partido,2,2
1726,1726,21,Dom,21/01/2024,16:30,Bournemouth,1.4,1.5,Liverpool,11228,Vitality Stadium,Andy Madley,Informe del partido,0,4
1727,1727,21,Lun,22/01/2024,19:45,Brighton,1,1.1,Wolves,41505,The American Express Community Stadium,Craig Pawson,Informe del partido,0,0
1728,1728,22,Mar,30/01/2024,19:30,Nott'ham Forest,0.5,1.2,Arsenal,29387,The City Ground,Simon Hooper,Informe del partido,1,2
1729,1729,22,Mar,30/01/2024,19:45,Fulham,1.6,1.9,Everton,24376,Craven Cottage,Thomas Bramall,Informe del partido,0,0
1730,1730,22,Mar,30/01/2024,19:45,Luton Town,3.1,0.9,Brighton,10994,Kenilworth Road Stadium,Robert Jones,Informe del partido,4,0
1731,1731,22,Mar,30/01/2024,20:00,Crystal Palace,1.1,0.8,Sheffield Utd,24781,Selhurst Park,Tony Harrington,Informe del partido,3,2
1732,1732,22,Mar,30/01/2024,20:15,Aston Villa,1.4,2.6,Newcastle Utd,42191,Villa Park,John Brooks,Informe del partido,1,3
1733,1733,22,Mié,31/01/2024,19:30,Tottenham,2.9,1.6,Brentford,61210,Tottenham Hotspur Stadium,David Coote,Informe del partido,3,2
1734,1734,22,Mié,31/01/2024,19:30,Manchester City,1.7,1.4,Burnley,52143,Etihad Stadium,Samuel Barrott,Informe del partido,3,1
1735,1735,22,Mié,31/01/2024,20:15,Liverpool,2.9,0.6,Chelsea,57524,Anfield,Paul Tierney,Informe del partido,4,1
1736,1736,22,Jue,01/02/2024,19:30,West Ham,1.4,1.2,Bournemouth,62478,London Stadium,Tim Robinson,Informe del partido,1,1
1737,1737,22,Jue,01/02/2024,20:15,Wolves,2.1,3.3,Manchester Utd,31641,Molineux Stadium,Jarred Gillett,Informe del partido,3,4
1738,1738,23,Sáb,03/02/2024,12:30,Everton,2.6,1,Tottenham,39321,Goodison Park,Michael Oliver,Informe del partido,2,2
1739,1739,23,Sáb,03/02/2024,15:00,Newcastle Utd,2.3,2.4,Luton Town,52211,St James' Park,Thomas Bramall,Informe del partido,4,4
1740,1740,23,Sáb,03/02/2024,15:00,Brighton,1.4,0.3,Crystal Palace,31345,The American Express Community Stadium,Simon Hooper,Informe del partido,4,1
1741,1741,23,Sáb,03/02/2024,15:00,Burnley,1.8,1.5,Fulham,20203,Turf Moor,Darren Bond,Informe del partido,2,2
1742,1742,23,Sáb,03/02/2024,17:30,Sheffield Utd,1.4,2.2,Aston Villa,30187,Bramall Lane,Paul Tierney,Informe del partido,0,5
1743,1743,23,Dom,04/02/2024,14:00,Bournemouth,1.3,0.5,Nott'ham Forest,11200,Vitality Stadium,Rebecca Welch,Informe del partido,1,1
1744,1744,23,Dom,04/02/2024,14:00,Manchester Utd,0.7,1.4,West Ham,73612,Old Trafford,Andy Madley,Informe del partido,3,0
1745,1745,23,Dom,04/02/2024,14:00,Chelsea,1.7,2,Wolves,39628,Stamford Bridge,Tim Robinson,Informe del partido,2,4
1746,1746,23,Dom,04/02/2024,16:30,Arsenal,3.5,0.4,Liverpool,60374,Emirates Stadium,Anthony Taylor,Informe del partido,3,1
1747,1747,23,Lun,05/02/2024,20:00,Brentford,1,2.1,Manchester City,17096,Gtech Community Stadium,Jarred Gillett,Informe del partido,1,3
1748,1748,24,Sáb,10/02/2024,12:30,Manchester City,1.6,0.3,Everton,52187,Etihad Stadium,John Brooks,Informe del partido,2,0
1749,1749,24,Sáb,10/02/2024,15:00,Luton Town,1.8,1.7,Sheffield Utd,11138,Kenilworth Road Stadium,Chris Kavanagh,Informe del partido,1,3
1750,1750,24,Sáb,10/02/2024,15:00,Liverpool,2.8,1.3,Burnley,59896,Anfield,Tim Robinson,Informe del partido,3,1
1751,1751,24,Sáb,10/02/2024,15:00,Wolves,1,1.9,Brentford,30731,Molineux Stadium,Simon Hooper,Informe del partido,0,2
1752,1752,24,Sáb,10/02/2024,15:00,Fulham,1.6,1.8,Bournemouth,24271,Craven Cottage,Darren England,Informe del partido,3,1
1753,1753,24,Sáb,10/02/2024,15:00,Tottenham,1.6,1.2,Brighton,61445,Tottenham Hotspur Stadium,Samuel Barrott,Informe del partido,2,1
1754,1754,24,Sáb,10/02/2024,17:30,Nott'ham Forest,1.5,0.5,Newcastle Utd,29451,The City Ground,Anthony Taylor,Informe del partido,2,3
1755,1755,24,Dom,11/02/2024,14:00,West Ham,0.2,3.6,Arsenal,62475,London Stadium,Craig Pawson,Informe del partido,0,6
1756,1756,24,Dom,11/02/2024,16:30,Aston Villa,2.4,1.8,Manchester Utd,42185,Villa Park,Robert Jones,Informe del partido,1,2
1757,1757,24,Lun,12/02/2024,20:00,Crystal Palace,0.6,1.4,Chelsea,25110,Selhurst Park,Michael Oliver,Informe del partido,1,3
1758,1758,25,Sáb,17/02/2024,12:30,Brentford,1.6,2.8,Liverpool,17193,Gtech Community Stadium,Michael Oliver,Informe del partido,1,4
1759,1759,25,Sáb,17/02/2024,15:00,Newcastle Utd,2.2,2.2,Bournemouth,52224,St James' Park,Michael Salisbury,Informe del partido,2,2
1760,1760,25,Sáb,17/02/2024,15:00,Tottenham,1.6,1.8,Wolves,61532,Tottenham Hotspur Stadium,Anthony Taylor,Informe del partido,1,2
1761,1761,25,Sáb,17/02/2024,15:00,Burnley,0.3,2.3,Arsenal,21311,Turf Moor,Jarred Gillett,Informe del partido,0,5
1762,1762,25,Sáb,17/02/2024,15:00,Fulham,1.5,1.5,Aston Villa,24401,Craven Cottage,Lewis Smith,Informe del partido,1,2
1763,1763,25,Sáb,17/02/2024,15:00,Nott'ham Forest,2.8,0.5,West Ham,29490,The City Ground,Thomas Bramall,Informe del partido,2,0
1764,1764,25,Sáb,17/02/2024,17:30,Manchester City,2.6,1.4,Chelsea,52178,Etihad Stadium,Andy Madley,Informe del partido,1,1
1765,1765,25,Dom,18/02/2024,14:00,Sheffield Utd,0.6,2.9,Brighton,29522,Bramall Lane,Stuart Attwell,Informe del partido,0,5
1766,1766,25,Dom,18/02/2024,16:30,Luton Town,1.8,2.9,Manchester Utd,11483,Kenilworth Road Stadium,David Coote,Informe del partido,1,2
1767,1767,25,Lun,19/02/2024,20:00,Everton,1.7,0.7,Crystal Palace,38164,Goodison Park,Paul Tierney,Informe del partido,1,1
1768,1768,18,Mar,20/02/2024,19:30,Manchester City,2.3,0.4,Brentford,52247,Etihad Stadium,Darren England,Informe del partido,1,0
1769,1769,26,Mié,21/02/2024,19:30,Liverpool,3.3,0.9,Luton Town,59713,Anfield,Andy Madley,Informe del partido,4,1
1770,1770,26,Sáb,24/02/2024,15:00,Manchester Utd,1.7,1.2,Fulham,73487,Old Trafford,Michael Oliver,Informe del partido,1,2
1771,1771,26,Sáb,24/02/2024,15:00,Crystal Palace,2.4,0.1,Burnley,24042,Selhurst Park,Lewis Smith,Informe del partido,3,0
1772,1772,26,Sáb,24/02/2024,15:00,Brighton,1.4,0.3,Everton,41646,The American Express Community Stadium,Tony Harrington,Informe del partido,1,1
1773,1773,26,Sáb,24/02/2024,15:00,Aston Villa,3.6,2.6,Nott'ham Forest,42131,Villa Park,Samuel Barrott,Informe del partido,4,2
1774,1774,26,Sáb,24/02/2024,17:30,Bournemouth,0.9,1.6,Manchester City,11184,Vitality Stadium,Jarred Gillett,Informe del partido,0,1
1775,1775,26,Sáb,24/02/2024,20:00,Arsenal,2.8,0.2,Newcastle Utd,60298,Emirates Stadium,Paul Tierney,Informe del partido,4,1
1776,1776,26,Dom,25/02/2024,13:30,Wolves,1.3,0.6,Sheffield Utd,30789,Molineux Stadium,Darren Bond,Informe del partido,1,0
1777,1777,26,Lun,26/02/2024,20:00,West Ham,1.7,0.9,Brentford,62450,London Stadium,Simon Hooper,Informe del partido,4,2
1778,1778,27,Sáb,02/03/2024,15:00,Fulham,1.3,1.3,Brighton,24460,Craven Cottage,Simon Hooper,Informe del partido,3,0
1779,1779,27,Sáb,02/03/2024,15:00,Tottenham,1.9,0.3,Crystal Palace,61339,Tottenham Hotspur Stadium,John Brooks,Informe del partido,3,1
1780,1780,27,Sáb,02/03/2024,15:00,Brentford,1.8,1.8,Chelsea,17140,Gtech Community Stadium,Jarred Gillett,Informe del partido,2,2
1781,1781,27,Sáb,02/03/2024,15:00,Newcastle Utd,2.1,0.8,Wolves,52206,St James' Park,Tim Robinson,Informe del partido,3,0
1782,1782,27,Sáb,02/03/2024,15:00,Nott'ham Forest,1,2,Liverpool,29603,The City Ground,Paul Tierney,Informe del partido,0,1
1783,1783,27,Sáb,02/03/2024,15:00,Everton,2.7,1.9,West Ham,39262,Goodison Park,Craig Pawson,Informe del partido,1,3
1784,1784,27,Sáb,02/03/2024,17:30,Luton Town,1.8,1.9,Aston Villa,11594,Kenilworth Road Stadium,Michael Oliver,Informe del partido,2,3
1785,1785,27,Dom,03/03/2024,13:00,Burnley,1.5,1.1,Bournemouth,19713,Turf Moor,David Coote,Informe del partido,0,2
1786,1786,27,Dom,03/03/2024,15:30,Manchester City,3.3,0.2,Manchester Utd,53514,Etihad Stadium,Andy Madley,Informe del partido,3,1
1787,1787,27,Lun,04/03/2024,20:00,Sheffield Utd,0.2,2.3,Arsenal,29157,Bramall Lane,Samuel Barrott,Informe del partido,0,6
1788,1788,28,Sáb,09/03/2024,12:30,Manchester Utd,2.7,1.6,Everton,73601,Old Trafford,Simon Hooper,Informe del partido,2,0
1789,1789,28,Sáb,09/03/2024,15:00,Bournemouth,3.3,1.2,Sheffield Utd,11074,Vitality Stadium,Anthony Taylor,Informe del partido,2,2
1790,1790,28,Sáb,09/03/2024,15:00,Wolves,0.8,2.6,Fulham,30860,Molineux Stadium,Tony Harrington,Informe del partido,2,1
1791,1791,28,Sáb,09/03/2024,15:00,Crystal Palace,2.7,0.8,Luton Town,25103,Selhurst Park,Sunny Singh,Informe del partido,1,1
1792,1792,28,Sáb,09/03/2024,17:30,Arsenal,1.3,1,Brentford,60331,Emirates Stadium,Robert Jones,Informe del partido,2,1
1793,1793,28,Dom,10/03/2024,13:00,Aston Villa,0.8,1.5,Tottenham,42310,Villa Park,Chris Kavanagh,Informe del partido,0,4
1794,1794,28,Dom,10/03/2024,14:00,West Ham,2.1,0.7,Burnley,62441,London Stadium,Darren England,Informe del partido,2,2
1795,1795,28,Dom,10/03/2024,14:00,Brighton,0.4,0.7,Nott'ham Forest,31505,The American Express Community Stadium,Michael Salisbury,Informe del partido,1,0
1796,1796,28,Dom,10/03/2024,15:45,Liverpool,2.7,1.6,Manchester City,59947,Anfield,Michael Oliver,Informe del partido,1,1
1797,1797,28,Lun,11/03/2024,20:00,Chelsea,1.6,0.7,Newcastle Utd,37753,Stamford Bridge,John Brooks,Informe del partido,3,2
1798,1798,17,Mié,13/03/2024,19:30,Bournemouth,2.3,2,Luton Town,11198,Vitality Stadium,Samuel Allison,Informe del partido,4,3
1799,1799,29,Sáb,16/03/2024,15:00,Luton Town,0.6,2,Nott'ham Forest,11630,Kenilworth Road Stadium,Darren England,Informe del partido,1,1
1800,1800,29,Sáb,16/03/2024,15:00,Burnley,2.8,1.1,Brentford,20431,Turf Moor,Darren Bond,Informe del partido,2,1
1801,1801,29,Sáb,16/03/2024,17:30,Fulham,2.6,2.4,Tottenham,24410,Craven Cottage,Robert Jones,Informe del partido,3,0
1802,1802,29,Dom,17/03/2024,14:00,West Ham,2,0.7,Aston Villa,62461,London Stadium,Jarred Gillett,Informe del partido,1,1
1803,1803,30,Sáb,30/03/2024,12:30,Newcastle Utd,4.1,1.4,West Ham,52199,St James' Park,Robert Jones,Informe del partido,4,3
1804,1804,30,Sáb,30/03/2024,15:00,Bournemouth,1.3,1,Everton,11207,Vitality Stadium,Samuel Barrott,Informe del partido,2,1
1805,1805,30,Sáb,30/03/2024,15:00,Tottenham,2.9,0.5,Luton Town,61534,Tottenham Hotspur Stadium,Jarred Gillett,Informe del partido,2,1
1806,1806,30,Sáb,30/03/2024,15:00,Nott'ham Forest,0.9,1.2,Crystal Palace,29520,The City Ground,Chris Kavanagh,Informe del partido,1,1
1807,1807,30,Sáb,30/03/2024,15:00,Sheffield Utd,1.9,1.3,Fulham,30010,Bramall Lane,Tim Robinson,Informe del partido,3,3
1808,1808,30,Sáb,30/03/2024,15:00,Chelsea,4.2,1.6,Burnley,39535,Stamford Bridge,Darren England,Informe del partido,2,2
1809,1809,30,Sáb,30/03/2024,17:30,Aston Villa,1,1.5,Wolves,42640,Villa Park,Paul Tierney,Informe del partido,2,0
1810,1810,30,Sáb,30/03/2024,20:00,Brentford,3.2,0.6,Manchester Utd,17138,Gtech Community Stadium,Simon Hooper,Informe del partido,1,1
1811,1811,30,Dom,31/03/2024,14:00,Liverpool,2.8,0.5,Brighton,60061,Anfield,David Coote,Informe del partido,2,1
1812,1812,30,Dom,31/03/2024,16:30,Manchester City,1,0.7,Arsenal,52178,Etihad Stadium,Anthony Taylor,Informe del partido,0,0
1813,1813,31,Mar,02/04/2024,19:30,Newcastle Utd,2.4,1.4,Everton,52135,St James' Park,Tony Harrington,Informe del partido,1,1
1814,1814,31,Mar,02/04/2024,19:30,Nott'ham Forest,1.5,1.5,Fulham,28997,The City Ground,Michael Oliver,Informe del partido,3,1
1815,1815,31,Mar,02/04/2024,19:45,Bournemouth,1.1,0.2,Crystal Palace,11058,Vitality Stadium,Graham Scott,Informe del partido,1,0
1816,1816,31,Mar,02/04/2024,19:45,Burnley,1.3,0.9,Wolves,21528,Turf Moor,Thomas Bramall,Informe del partido,1,1
1817,1817,31,Mar,02/04/2024,20:15,West Ham,1.5,1,Tottenham,62469,London Stadium,John Brooks,Informe del partido,1,1
1818,1818,31,Mié,03/04/2024,19:30,Arsenal,0.7,0.3,Luton Town,60262,Emirates Stadium,Craig Pawson,Informe del partido,2,0
1819,1819,31,Mié,03/04/2024,19:30,Brentford,0.6,1.1,Brighton,17024,Gtech Community Stadium,Andy Madley,Informe del partido,0,0
1820,1820,31,Mié,03/04/2024,20:15,Manchester City,3.4,0.8,Aston Villa,53422,Etihad Stadium,Darren England,Informe del partido,4,1
1821,1821,31,Jue,04/04/2024,19:30,Liverpool,1.8,0.6,Sheffield Utd,60055,Anfield,Stuart Attwell,Informe del partido,3,1
1822,1822,31,Jue,04/04/2024,20:15,Chelsea,3,1.5,Manchester Utd,39694,Stamford Bridge,Jarred Gillett,Informe del partido,4,3
1823,1823,32,Sáb,06/04/2024,12:30,Crystal Palace,1.1,1.9,Manchester City,25132,Selhurst Park,Paul Tierney,Informe del partido,2,4
1824,1824,32,Sáb,06/04/2024,15:00,Luton Town,1.5,0.4,Bournemouth,11797,Kenilworth Road Stadium,Andy Madley,Informe del partido,2,1
1825,1825,32,Sáb,06/04/2024,15:00,Wolves,1.5,1.2,West Ham,31504,Molineux Stadium,Tony Harrington,Informe del partido,1,2
1826,1826,32,Sáb,06/04/2024,15:00,Fulham,1.2,1,Newcastle Utd,24418,Craven Cottage,Samuel Allison,Informe del partido,0,1
1827,1827,32,Sáb,06/04/2024,15:00,Everton,0.9,0.5,Burnley,39125,Goodison Park,Michael Oliver,Informe del partido,1,0
1828,1828,32,Sáb,06/04/2024,15:00,Aston Villa,1.5,1.5,Brentford,42118,Villa Park,Michael Salisbury,Informe del partido,3,3
1829,1829,32,Sáb,06/04/2024,17:30,Brighton,0.5,3.4,Arsenal,31677,The American Express Community Stadium,John Brooks,Informe del partido,0,3
1830,1830,32,Dom,07/04/2024,15:30,Manchester Utd,0.7,3.6,Liverpool,73501,Old Trafford,Anthony Taylor,Informe del partido,2,2
1831,1831,32,Dom,07/04/2024,17:30,Sheffield Utd,1.4,0.3,Chelsea,28638,Bramall Lane,Robert Jones,Informe del partido,2,2
1832,1832,32,Dom,07/04/2024,18:00,Tottenham,1.5,1.5,Nott'ham Forest,61098,Tottenham Hotspur Stadium,Simon Hooper,Informe del partido,3,1
1833,1833,33,Sáb,13/04/2024,12:30,Newcastle Utd,2.8,0.8,Tottenham,52147,St James' Park,Tim Robinson,Informe del partido,4,0
1834,1834,33,Sáb,13/04/2024,15:00,Manchester City,4.2,0.5,Luton Town,52149,Etihad Stadium,John Brooks,Informe del partido,5,1
1835,1835,33,Sáb,13/04/2024,15:00,Nott'ham Forest,1.9,1,Wolves,29604,The City Ground,Craig Pawson,Informe del partido,2,2
1836,1836,33,Sáb,13/04/2024,15:00,Brentford,1,0.8,Sheffield Utd,17115,Gtech Community Stadium,Samuel Barrott,Informe del partido,2,0
1837,1837,33,Sáb,13/04/2024,15:00,Burnley,1.7,0.9,Brighton,20687,Turf Moor,Simon Hooper,Informe del partido,1,1
1838,1838,33,Sáb,13/04/2024,17:30,Bournemouth,1.6,1.2,Manchester Utd,11229,Vitality Stadium,Tony Harrington,Informe del partido,2,2
1839,1839,33,Dom,14/04/2024,14:00,Liverpool,2.7,2,Crystal Palace,60090,Anfield,Chris Kavanagh,Informe del partido,0,1
1840,1840,33,Dom,14/04/2024,14:00,West Ham,0.9,3.2,Fulham,62459,London Stadium,Stuart Attwell,Informe del partido,0,2
1841,1841,33,Dom,14/04/2024,16:30,Arsenal,1.6,0.9,Aston Villa,60350,Emirates Stadium,David Coote,Informe del partido,0,2
1842,1842,33,Lun,15/04/2024,20:00,Chelsea,3.1,1.5,Everton,39392,Stamford Bridge,Paul Tierney,Informe del partido,6,0
1843,1843,34,Sáb,20/04/2024,15:00,Luton Town,0.6,3.1,Brentford,11877,Kenilworth Road Stadium,Jarred Gillett,Informe del partido,1,5
1844,1844,34,Sáb,20/04/2024,15:00,Sheffield Utd,2.4,2.2,Burnley,28964,Bramall Lane,Andy Madley,Informe del partido,1,4
1845,1845,34,Sáb,20/04/2024,19:30,Wolves,0.2,1.2,Arsenal,31621,Molineux Stadium,Paul Tierney,Informe del partido,0,2
1846,1846,34,Dom,21/04/2024,13:30,Everton,0.3,0.9,Nott'ham Forest,39239,Goodison Park,Anthony Taylor,Informe del partido,2,0
1847,1847,34,Dom,21/04/2024,15:00,Aston Villa,2.4,1.8,Bournemouth,42189,Villa Park,Tim Robinson,Informe del partido,3,1
1848,1848,34,Dom,21/04/2024,15:00,Crystal Palace,2.4,1.3,West Ham,25145,Selhurst Park,Graham Scott,Informe del partido,5,2
1849,1849,34,Dom,21/04/2024,16:30,Fulham,0.8,1,Liverpool,24414,Craven Cottage,Craig Pawson,Informe del partido,1,3
1850,1850,29,Mar,23/04/2024,20:00,Arsenal,3.3,1.6,Chelsea,60238,Emirates Stadium,Simon Hooper,Informe del partido,5,0
1851,1851,29,Mié,24/04/2024,19:45,Wolves,0.5,1.9,Bournemouth,25541,Molineux Stadium,Stuart Attwell,Informe del partido,0,1
1852,1852,29,Mié,24/04/2024,20:00,Manchester Utd,2.9,0.8,Sheffield Utd,73549,Old Trafford,Michael Salisbury,Informe del partido,4,2
1853,1853,29,Mié,24/04/2024,20:00,Everton,1.2,2.1,Liverpool,38222,Goodison Park,Andy Madley,Informe del partido,2,0
1854,1854,29,Mié,24/04/2024,20:00,Crystal Palace,0.9,0.4,Newcastle Utd,25002,Selhurst Park,Thomas Bramall,Informe del partido,2,0
1855,1855,29,Jue,25/04/2024,20:00,Brighton,0.6,1.4,Manchester City,31596,The American Express Community Stadium,Jarred Gillett,Informe del partido,0,4
1856,1856,35,Sáb,27/04/2024,12:30,West Ham,0.7,1.7,Liverpool,62474,London Stadium,Anthony Taylor,Informe del partido,2,2
1857,1857,35,Sáb,27/04/2024,15:00,Wolves,1.2,0.6,Luton Town,31531,Molineux Stadium,David Coote,Informe del partido,2,1
1858,1858,35,Sáb,27/04/2024,15:00,Fulham,1.1,1,Crystal Palace,24142,Craven Cottage,Stuart Attwell,Informe del partido,1,1
1859,1859,35,Sáb,27/04/2024,15:00,Manchester Utd,2.7,2.1,Burnley,73571,Old Trafford,John Brooks,Informe del partido,1,1
1860,1860,35,Sáb,27/04/2024,15:00,Newcastle Utd,3.1,1.5,Sheffield Utd,52196,St James' Park,Tony Harrington,Informe del partido,5,1
1861,1861,35,Sáb,27/04/2024,17:30,Everton,0.8,0.9,Brentford,39098,Goodison Park,Darren England,Informe del partido,1,0
1862,1862,35,Sáb,27/04/2024,20:00,Aston Villa,1.1,1.6,Chelsea,42354,Villa Park,Craig Pawson,Informe del partido,2,2
1863,1863,35,Dom,28/04/2024,14:00,Tottenham,2.3,1,Arsenal,61554,Tottenham Hotspur Stadium,Michael Oliver,Informe del partido,2,3
1864,1864,35,Dom,28/04/2024,14:00,Bournemouth,1.9,0.9,Brighton,11188,Vitality Stadium,Paul Tierney,Informe del partido,3,0
1865,1865,35,Dom,28/04/2024,16:30,Nott'ham Forest,1.9,0.9,Manchester City,29677,The City Ground,Simon Hooper,Informe del partido,0,2
1866,1866,26,Jue,02/05/2024,19:30,Chelsea,2.2,1.6,Tottenham,39086,Stamford Bridge,Robert Jones,Informe del partido,2,0
1867,1867,36,Vie,03/05/2024,20:00,Luton Town,0.8,1.4,Everton,11873,Kenilworth Road Stadium,Tim Robinson,Informe del partido,1,1
1868,1868,36,Sáb,04/05/2024,12:30,Arsenal,3.3,0.5,Bournemouth,60348,Emirates Stadium,David Coote,Informe del partido,3,0
1869,1869,36,Sáb,04/05/2024,15:00,Burnley,1,3.4,Newcastle Utd,21781,Turf Moor,Anthony Taylor,Informe del partido,1,4
1870,1870,36,Sáb,04/05/2024,15:00,Sheffield Utd,2.2,1.5,Nott'ham Forest,28516,Bramall Lane,Chris Kavanagh,Informe del partido,1,3
1871,1871,36,Sáb,04/05/2024,15:00,Brentford,0.6,1.3,Fulham,17090,Gtech Community Stadium,Graham Scott,Informe del partido,0,0
1872,1872,36,Sáb,04/05/2024,17:30,Manchester City,3.7,0.3,Wolves,52439,Etihad Stadium,Craig Pawson,Informe del partido,5,1
1873,1873,36,Dom,05/05/2024,14:00,Brighton,2.5,0.1,Aston Villa,31596,The American Express Community Stadium,Robert Jones,Informe del partido,1,0
1874,1874,36,Dom,05/05/2024,14:00,Chelsea,4.1,0.9,West Ham,39295,Stamford Bridge,Andy Madley,Informe del partido,5,0
1875,1875,36,Dom,05/05/2024,16:30,Liverpool,3.3,1.2,Tottenham,60075,Anfield,Paul Tierney,Informe del partido,4,2
1876,1876,36,Lun,06/05/2024,20:00,Crystal Palace,1.7,0.4,Manchester Utd,25190,Selhurst Park,Jarred Gillett,Informe del partido,4,0
1877,1877,37,Sáb,11/05/2024,12:30,Fulham,0.1,3.2,Manchester City,24418,Craven Cottage,Anthony Taylor,Informe del partido,0,4
1878,1878,37,Sáb,11/05/2024,15:00,Wolves,1.6,2.6,Crystal Palace,31424,Molineux Stadium,Thomas Bramall,Informe del partido,1,3
1879,1879,37,Sáb,11/05/2024,15:00,West Ham,3.2,0.3,Luton Town,62475,London Stadium,Michael Oliver,Informe del partido,3,1
1880,1880,37,Sáb,11/05/2024,15:00,Tottenham,2.7,0.7,Burnley,61148,Tottenham Hotspur Stadium,Jarred Gillett,Informe del partido,2,1
1881,1881,37,Sáb,11/05/2024,15:00,Everton,2.3,0.6,Sheffield Utd,39221,Goodison Park,Stuart Attwell,Informe del partido,1,0
1882,1882,37,Sáb,11/05/2024,15:00,Newcastle Utd,2.2,1.4,Brighton,51997,St James' Park,Darren England,Informe del partido,1,1
1883,1883,37,Sáb,11/05/2024,15:00,Bournemouth,0.7,1.1,Brentford,11154,Vitality Stadium,Matt Donohue,Informe del partido,1,2
1884,1884,37,Sáb,11/05/2024,17:30,Nott'ham Forest,1.5,1.6,Chelsea,29708,The City Ground,Tony Harrington,Informe del partido,2,3
1885,1885,37,Dom,12/05/2024,16:30,Manchester Utd,0.5,1.5,Arsenal,73600,Old Trafford,Paul Tierney,Informe del partido,0,1
1886,1886,37,Lun,13/05/2024,20:00,Aston Villa,3.1,1.7,Liverpool,42241,Villa Park,Simon Hooper,Informe del partido,3,3
1887,1887,34,Mar,14/05/2024,20:00,Tottenham,1.7,2.4,Manchester City,61065,Tottenham Hotspur Stadium,Chris Kavanagh,Informe del partido,0,2
1888,1888,34,Mié,15/05/2024,19:45,Brighton,1.3,1.5,Chelsea,31555,The American Express Community Stadium,Michael Salisbury,Informe del partido,1,2
1889,1889,34,Mié,15/05/2024,20:00,Manchester Utd,1.5,2.2,Newcastle Utd,73582,Old Trafford,Robert Jones,Informe del partido,3,2
1890,1890,38,Dom,19/05/2024,16:00,Luton Town,2,1.1,Fulham,12027,Kenilworth Road Stadium,Matt Donohue,Informe del partido,2,4
1891,1891,38,Dom,19/05/2024,16:00,Sheffield Utd,1,3.1,Tottenham,29116,Bramall Lane,Andy Madley,Informe del partido,0,3
1892,1892,38,Dom,19/05/2024,16:00,Manchester City,1.9,0.4,West Ham,55097,Etihad Stadium,John Brooks,Informe del partido,3,1
1893,1893,38,Dom,19/05/2024,16:00,Arsenal,2.9,0.6,Everton,60312,Emirates Stadium,Michael Oliver,Informe del partido,2,1
1894,1894,38,Dom,19/05/2024,16:00,Brighton,1.7,1.3,Manchester Utd,31662,The American Express Community Stadium,Craig Pawson,Informe del partido,0,2
1895,1895,38,Dom,19/05/2024,16:00,Brentford,1.1,3.4,Newcastle Utd,17124,Gtech Community Stadium,Simon Hooper,Informe del partido,2,4
1896,1896,38,Dom,19/05/2024,16:00,Chelsea,1.1,2.2,Bournemouth,39724,Stamford Bridge,Anthony Taylor,Informe del partido,2,1
1897,1897,38,Dom,19/05/2024,16:00,Crystal Palace,2.5,0.9,Aston Villa,25191,Selhurst Park,Darren Bond,Informe del partido,5,0
1898,1898,38,Dom,19/05/2024,16:00,Liverpool,4.5,0.5,Wolves,60059,Anfield,Chris Kavanagh,Informe del partido,2,0
1899,1899,38,Dom,19/05/2024,16:00,Burnley,1.2,1.7,Nott'ham Forest,21109,Turf Moor,Graham Scott,Informe del partido,1,2
1900,1900,1,Vie,16/08/2024,20:00,Manchester Utd,2.4,0.4,Fulham,73297,Old Trafford,Robert Jones,Informe del partido,1,0
1901,1901,1,Sáb,17/08/2024,12:30,Ipswich Town,0.5,2.6,Liverpool,30014,Portman Road Stadium,Tim Robinson,Informe del partido,0,2
1902,1902,1,Sáb,17/08/2024,15:00,Newcastle Utd,0.3,1.8,Southampton,52196,St James' Park,Craig Pawson,Informe del partido,1,0
1903,1903,1,Sáb,17/08/2024,15:00,Nott'ham Forest,1.3,1.2,Bournemouth,29763,The City Ground,Michael Oliver,Informe del partido,1,1
1904,1904,1,Sáb,17/08/2024,15:00,Everton,0.5,1.4,Brighton,39217,Goodison Park,Simon Hooper,Informe del partido,0,3
1905,1905,1,Sáb,17/08/2024,15:00,Arsenal,1.2,0.5,Wolves,60261,Emirates Stadium,Jarred Gillett,Informe del partido,2,0
1906,1906,1,Sáb,17/08/2024,17:30,West Ham,2.3,2,Aston Villa,62463,London Stadium,Tony Harrington,Informe del partido,1,2
1907,1907,1,Dom,18/08/2024,14:00,Brentford,1.6,1.2,Crystal Palace,16988,Gtech Community Stadium,Samuel Barrott,Informe del partido,2,1
1908,1908,1,Dom,18/08/2024,16:30,Chelsea,1,0.8,Manchester City,39818,Stamford Bridge,Anthony Taylor,Informe del partido,0,2
1909,1909,1,Lun,19/08/2024,20:00,Leicester City,1,1.2,Tottenham,31977,King Power Stadium,Chris Kavanagh,Informe del partido,1,1
1910,1910,2,Sáb,24/08/2024,12:30,Brighton,2.1,1.4,Manchester Utd,31537,The American Express Stadium,Craig Pawson,Informe del partido,2,1
1911,1911,2,Sáb,24/08/2024,15:00,Tottenham,2.4,1,Everton,61357,Tottenham Hotspur Stadium,Anthony Taylor,Informe del partido,4,0
1912,1912,2,Sáb,24/08/2024,15:00,Fulham,1.8,0.6,Leicester City,25401,Craven Cottage,Darren Bond,Informe del partido,2,1
1913,1913,2,Sáb,24/08/2024,15:00,Crystal Palace,1.3,1.4,West Ham,25099,Selhurst Park,Robert Jones,Informe del partido,0,2
1914,1914,2,Sáb,24/08/2024,15:00,Manchester City,3.3,0.3,Ipswich Town,53147,Etihad Stadium,Samuel Allison,Informe del partido,4,1
1915,1915,2,Sáb,24/08/2024,15:00,Southampton,0.1,2.2,Nott'ham Forest,31150,St Mary's Stadium,Samuel Barrott,Informe del partido,0,1
1916,1916,2,Sáb,24/08/2024,17:30,Aston Villa,1.2,0.9,Arsenal,41587,Villa Park,Michael Oliver,Informe del partido,0,2
1917,1917,2,Dom,25/08/2024,14:00,Bournemouth,2.2,1.6,Newcastle Utd,11161,Vitality Stadium,David Coote,Informe del partido,1,1
1918,1918,2,Dom,25/08/2024,14:00,Wolves,1.9,1.6,Chelsea,31235,Molineux Stadium,Darren England,Informe del partido,2,6
1919,1919,2,Dom,25/08/2024,16:30,Liverpool,2.5,0.5,Brentford,60017,Anfield,Stuart Attwell,Informe del partido,2,0
1920,1920,3,Sáb,31/08/2024,12:30,Arsenal,2.1,1.7,Brighton,60326,Emirates Stadium,Chris Kavanagh,Informe del partido,1,1
1921,1921,3,Sáb,31/08/2024,15:00,Everton,1.8,2.4,Bournemouth,38805,Goodison Park,Stuart Attwell,Informe del partido,2,3
1922,1922,3,Sáb,31/08/2024,15:00,Leicester City,0.4,1.4,Aston Villa,31725,King Power Stadium,David Coote,Informe del partido,1,2
1923,1923,3,Sáb,31/08/2024,15:00,Nott'ham Forest,1,0.7,Wolves,29918,The City Ground,Simon Hooper,Informe del partido,1,1
1924,1924,3,Sáb,31/08/2024,15:00,Ipswich Town,0.4,0.9,Fulham,29517,Portman Road Stadium,Lewis Smith,Informe del partido,1,1
1925,1925,3,Sáb,31/08/2024,15:00,Brentford,2.8,1.5,Southampton,16955,Gtech Community Stadium,Joshua Smith,Informe del partido,3,1
1926,1926,3,Sáb,31/08/2024,17:30,West Ham,0.7,3,Manchester City,62469,London Stadium,Michael Oliver,Informe del partido,1,3
1927,1927,3,Dom,01/09/2024,13:30,Newcastle Utd,1.8,1.2,Tottenham,52211,St James' Park,Robert Jones,Informe del partido,2,1
1928,1928,3,Dom,01/09/2024,13:30,Chelsea,2.4,0.5,Crystal Palace,39298,Stamford Bridge,Jarred Gillett,Informe del partido,1,1
1929,1929,3,Dom,01/09/2024,16:00,Manchester Utd,1.4,1.8,Liverpool,73738,Old Trafford,Anthony Taylor,Informe del partido,0,3
1930,1930,4,Sáb,14/09/2024,12:30,Southampton,1.1,2.6,Manchester Utd,31144,St Mary's Stadium,Stuart Attwell,Informe del partido,0,3
1931,1931,4,Sáb,14/09/2024,15:00,Brighton,1.6,0.3,Ipswich Town,41573,The American Express Stadium,Samuel Barrott,Informe del partido,0,0
1932,1932,4,Sáb,14/09/2024,15:00,Crystal Palace,2.5,1.2,Leicester City,25147,Selhurst Park,Tony Harrington,Informe del partido,2,2
1933,1933,4,Sáb,14/09/2024,15:00,Manchester City,2.1,1,Brentford,52148,Etihad Stadium,Darren Bond,Informe del partido,2,1
1934,1934,4,Sáb,14/09/2024,15:00,Liverpool,0.9,0.4,Nott'ham Forest,60344,Anfield,Michael Oliver,Informe del partido,0,1
1935,1935,4,Sáb,14/09/2024,15:00,Fulham,1.5,0.8,West Ham,26528,Craven Cottage,Tim Robinson,Informe del partido,1,1
1936,1936,4,Sáb,14/09/2024,17:30,Aston Villa,2.1,0.9,Everton,41573,Villa Park,Craig Pawson,Informe del partido,3,2
1937,1937,4,Sáb,14/09/2024,20:00,Bournemouth,1.7,0.8,Chelsea,11235,Vitality Stadium,Anthony Taylor,Informe del partido,0,1
1938,1938,4,Dom,15/09/2024,14:00,Tottenham,0.7,0.7,Arsenal,61645,Tottenham Hotspur Stadium,Jarred Gillett,Informe del partido,0,1
1939,1939,4,Dom,15/09/2024,16:30,Wolves,1.2,1.5,Newcastle Utd,30255,Molineux Stadium,Chris Kavanagh,Informe del partido,1,2
1940,1940,5,Sáb,21/09/2024,12:30,West Ham,0.9,2.2,Chelsea,62473,London Stadium,Samuel Barrott,Informe del partido,0,3
1941,1941,5,Sáb,21/09/2024,15:00,Liverpool,2,1.1,Bournemouth,60347,Anfield,Tony Harrington,Informe del partido,3,0
1942,1942,5,Sáb,21/09/2024,15:00,Leicester City,0.7,1.1,Everton,31765,King Power Stadium,Darren England,Informe del partido,1,1
1943,1943,5,Sáb,21/09/2024,15:00,Southampton,2.4,1.6,Ipswich Town,31117,St Mary's Stadium,Samuel Allison,Informe del partido,1,1
1944,1944,5,Sáb,21/09/2024,15:00,Tottenham,3.5,0.8,Brentford,61246,Tottenham Hotspur Stadium,John Brooks,Informe del partido,3,1
1945,1945,5,Sáb,21/09/2024,15:00,Fulham,2.2,1.5,Newcastle Utd,25700,Craven Cottage,Peter Bankes,Informe del partido,3,1
1946,1946,5,Sáb,21/09/2024,15:00,Aston Villa,1.7,0.5,Wolves,39978,Villa Park,Tim Robinson,Informe del partido,3,1
1947,1947,5,Sáb,21/09/2024,17:30,Crystal Palace,1,1.6,Manchester Utd,25172,Selhurst Park,David Coote,Informe del partido,0,0
1948,1948,5,Dom,22/09/2024,14:00,Brighton,1,1.4,Nott'ham Forest,31444,The American Express Stadium,Robert Jones,Informe del partido,2,2
1949,1949,5,Dom,22/09/2024,16:30,Manchester City,2.1,0.7,Arsenal,52846,Etihad Stadium,Michael Oliver,Informe del partido,2,2
1950,1950,6,Sáb,28/09/2024,12:30,Newcastle Utd,1.6,0.9,Manchester City,52248,St James' Park,Jarred Gillett,Informe del partido,1,1
1951,1951,6,Sáb,28/09/2024,15:00,Chelsea,4.2,1.1,Brighton,39495,Stamford Bridge,Peter Bankes,Informe del partido,4,2
1952,1952,6,Sáb,28/09/2024,15:00,Arsenal,4.4,0.3,Leicester City,60323,Emirates Stadium,Samuel Barrott,Informe del partido,4,2
1953,1953,6,Sáb,28/09/2024,15:00,Brentford,0.4,1,West Ham,17050,Gtech Community Stadium,Simon Hooper,Informe del partido,1,1
1954,1954,6,Sáb,28/09/2024,15:00,Everton,0.9,0.9,Crystal Palace,38954,Goodison Park,Andy Madley,Informe del partido,2,1
1955,1955,6,Sáb,28/09/2024,15:00,Nott'ham Forest,0.8,1.3,Fulham,30139,The City Ground,Joshua Smith,Informe del partido,0,1
1956,1956,6,Sáb,28/09/2024,17:30,Wolves,0.6,2.5,Liverpool,31413,Molineux Stadium,Anthony Taylor,Informe del partido,1,2
1957,1957,6,Dom,29/09/2024,14:00,Ipswich Town,1.2,0.8,Aston Villa,29943,Portman Road Stadium,Stuart Attwell,Informe del partido,2,2
1958,1958,6,Dom,29/09/2024,16:30,Manchester Utd,1,4.4,Tottenham,73587,Old Trafford,Chris Kavanagh,Informe del partido,0,3
1959,1959,6,Lun,30/09/2024,20:00,Bournemouth,1.3,0.6,Southampton,11243,Vitality Stadium,Michael Oliver,Informe del partido,3,1
1960,1960,7,Sáb,05/10/2024,12:30,Crystal Palace,0.6,1.4,Liverpool,25185,Selhurst Park,Simon Hooper,Informe del partido,0,1
1961,1961,7,Sáb,05/10/2024,15:00,Manchester City,1.6,2.6,Fulham,53017,Etihad Stadium,Peter Bankes,Informe del partido,3,2
1962,1962,7,Sáb,05/10/2024,15:00,Brentford,4.2,1,Wolves,16960,Gtech Community Stadium,Andy Madley,Informe del partido,5,3
1963,1963,7,Sáb,05/10/2024,15:00,West Ham,3.6,0.6,Ipswich Town,62467,London Stadium,Anthony Taylor,Informe del partido,4,1
1964,1964,7,Sáb,05/10/2024,15:00,Arsenal,2.8,0.6,Southampton,60307,Emirates Stadium,Tony Harrington,Informe del partido,3,1
1965,1965,7,Sáb,05/10/2024,15:00,Leicester City,0.8,2.1,Bournemouth,31706,King Power Stadium,Darren Bond,Informe del partido,1,0
1966,1966,7,Sáb,05/10/2024,17:30,Everton,0.7,2.1,Newcastle Utd,39265,Goodison Park,Craig Pawson,Informe del partido,0,0
1967,1967,7,Dom,06/10/2024,14:00,Aston Villa,0.5,0.6,Manchester Utd,42682,Villa Park,Robert Jones,Informe del partido,0,0
1968,1968,7,Dom,06/10/2024,14:00,Chelsea,2.3,0.9,Nott'ham Forest,39501,Stamford Bridge,Chris Kavanagh,Informe del partido,1,1
1969,1969,7,Dom,06/10/2024,16:30,Brighton,1.8,1.3,Tottenham,31487,The American Express Stadium,David Coote,Informe del partido,3,2
1970,1970,8,Sáb,19/10/2024,12:30,Tottenham,1.9,0.8,West Ham,61381,Tottenham Hotspur Stadium,Andy Madley,Informe del partido,4,1
1971,1971,8,Sáb,19/10/2024,15:00,Southampton,2.1,3.1,Leicester City,31145,St Mary's Stadium,Anthony Taylor,Informe del partido,2,3
1972,1972,8,Sáb,19/10/2024,15:00,Ipswich Town,1.3,1.7,Everton,29862,Portman Road Stadium,Michael Oliver,Informe del partido,0,2
1973,1973,8,Sáb,19/10/2024,15:00,Newcastle Utd,2,1.1,Brighton,52220,St James' Park,Peter Bankes,Informe del partido,0,1
1974,1974,8,Sáb,19/10/2024,15:00,Fulham,1.8,1.6,Aston Villa,26743,Craven Cottage,Darren England,Informe del partido,1,3
1975,1975,8,Sáb,19/10/2024,15:00,Manchester Utd,1.3,0.9,Brentford,73738,Old Trafford,Samuel Barrott,Informe del partido,2,1
1976,1976,8,Sáb,19/10/2024,17:30,Bournemouth,1.8,0.7,Arsenal,11235,Vitality Stadium,Robert Jones,Informe del partido,2,0
1977,1977,8,Dom,20/10/2024,14:00,Wolves,0.8,1.6,Manchester City,31319,Molineux Stadium,Chris Kavanagh,Informe del partido,1,2
1978,1978,8,Dom,20/10/2024,16:30,Liverpool,1.9,1,Chelsea,60277,Anfield,John Brooks,Informe del partido,2,1
1979,1979,8,Lun,21/10/2024,20:00,Nott'ham Forest,1.7,1,Crystal Palace,29443,The City Ground,Tim Robinson,Informe del partido,1,0
1980,1980,9,Vie,25/10/2024,20:00,Leicester City,0.8,1.7,Nott'ham Forest,31879,King Power Stadium,Craig Pawson,Informe del partido,1,3
1981,1981,9,Sáb,26/10/2024,15:00,Brentford,4,1.3,Ipswich Town,17109,Gtech Community Stadium,Lewis Smith,Informe del partido,4,3
1982,1982,9,Sáb,26/10/2024,15:00,Brighton,1.3,1.3,Wolves,31840,The American Express Stadium,Michael Oliver,Informe del partido,2,2
1983,1983,9,Sáb,26/10/2024,15:00,Manchester City,2.9,0.2,Southampton,52844,Etihad Stadium,Tony Harrington,Informe del partido,1,0
1984,1984,9,Sáb,26/10/2024,15:00,Aston Villa,1.8,0.3,Bournemouth,42165,Villa Park,Chris Kavanagh,Informe del partido,1,1
1985,1985,9,Sáb,26/10/2024,17:30,Everton,0.8,1.2,Fulham,38742,Goodison Park,John Brooks,Informe del partido,1,1
1986,1986,9,Dom,27/10/2024,14:00,Chelsea,1.6,1.8,Newcastle Utd,39526,Stamford Bridge,Simon Hooper,Informe del partido,2,1
1987,1987,9,Dom,27/10/2024,14:00,West Ham,2.8,2.3,Manchester Utd,62474,London Stadium,David Coote,Informe del partido,2,1
1988,1988,9,Dom,27/10/2024,14:00,Crystal Palace,0.8,0.7,Tottenham,25108,Selhurst Park,Darren Bond,Informe del partido,1,0
1989,1989,9,Dom,27/10/2024,16:30,Arsenal,0.9,0.8,Liverpool,60383,Emirates Stadium,Anthony Taylor,Informe del partido,2,2
1990,1990,10,Sáb,02/11/2024,12:30,Newcastle Utd,0.5,1.1,Arsenal,52249,St James' Park,John Brooks,Informe del partido,1,0
1991,1991,10,Sáb,02/11/2024,15:00,Southampton,0.7,1.6,Everton,31143,St Mary's Stadium,Andy Madley,Informe del partido,1,0
1992,1992,10,Sáb,02/11/2024,15:00,Liverpool,1.6,1,Brighton,60331,Anfield,Tony Harrington,Informe del partido,2,1
1993,1993,10,Sáb,02/11/2024,15:00,Nott'ham Forest,2.2,0.1,West Ham,30112,The City Ground,Peter Bankes,Informe del partido,3,0
1994,1994,10,Sáb,02/11/2024,15:00,Ipswich Town,1,1.5,Leicester City,29874,Portman Road Stadium,Tim Robinson,Informe del partido,1,1
1995,1995,10,Sáb,02/11/2024,15:00,Bournemouth,2,1.6,Manchester City,11231,Vitality Stadium,Michael Oliver,Informe del partido,2,1
1996,1996,10,Sáb,02/11/2024,17:30,Wolves,1.5,2.4,Crystal Palace,31124,Molineux Stadium,Anthony Taylor,Informe del partido,2,2
1997,1997,10,Dom,03/11/2024,14:00,Tottenham,2.4,1.8,Aston Villa,61253,Tottenham Hotspur Stadium,Craig Pawson,Informe del partido,4,1
1998,1998,10,Dom,03/11/2024,16:30,Manchester Utd,2,1.1,Chelsea,73813,Old Trafford,Robert Jones,Informe del partido,1,1
1999,1999,10,Lun,04/11/2024,20:00,Fulham,1.3,0.6,Brentford,24931,Craven Cottage,Stuart Attwell,Informe del partido,2,1
2000,2000,11,Sáb,09/11/2024,15:00,Brentford,1.5,2.6,Bournemouth,16587,Gtech Community Stadium,Darren Bond,Informe del partido,3,2
2001,2001,11,Sáb,09/11/2024,15:00,West Ham,0.8,1.1,Everton,62463,London Stadium,Stuart Attwell,Informe del partido,0,0
2002,2002,11,Sáb,09/11/2024,15:00,Crystal Palace,1.5,1.8,Fulham,25142,Selhurst Park,Michael Salisbury,Informe del partido,0,2
2003,2003,11,Sáb,09/11/2024,15:00,Wolves,1.3,0.6,Southampton,31403,Molineux Stadium,Thomas Bramall,Informe del partido,2,0
2004,2004,11,Sáb,09/11/2024,17:30,Brighton,2.3,2.1,Manchester City,31715,The American Express Stadium,Samuel Barrott,Informe del partido,2,1
2005,2005,11,Sáb,09/11/2024,20:00,Liverpool,2,1.2,Aston Villa,60292,Anfield,David Coote,Informe del partido,2,0
2006,2006,11,Dom,10/11/2024,14:00,Manchester Utd,0.8,0.6,Leicester City,73829,Old Trafford,Peter Bankes,Informe del partido,3,0
2007,2007,11,Dom,10/11/2024,14:00,Nott'ham Forest,0.6,1.6,Newcastle Utd,30145,The City Ground,Anthony Taylor,Informe del partido,1,3
2008,2008,11,Dom,10/11/2024,14:00,Tottenham,1.5,1.6,Ipswich Town,61505,Tottenham Hotspur Stadium,Darren England,Informe del partido,1,2
2009,2009,11,Dom,10/11/2024,16:30,Chelsea,1.5,1.5,Arsenal,39780,Stamford Bridge,Michael Oliver,Informe del partido,1,1
2010,2010,12,Sáb,23/11/2024,12:30,Leicester City,1.1,2.7,Chelsea,31880,King Power Stadium,Andy Madley,Informe del partido,1,2
2011,2011,12,Sáb,23/11/2024,15:00,Arsenal,1.2,0.3,Nott'ham Forest,60298,Emirates Stadium,Simon Hooper,Informe del partido,3,0
2012,2012,12,Sáb,23/11/2024,15:00,Bournemouth,1.6,0.9,Brighton,11196,Vitality Stadium,Stuart Attwell,Informe del partido,1,2
2013,2013,12,Sáb,23/11/2024,15:00,Aston Villa,3,1.3,Crystal Palace,42175,Villa Park,Tim Robinson,Informe del partido,2,2
2014,2014,12,Sáb,23/11/2024,15:00,Everton,1.2,1.1,Brentford,38915,Goodison Park,Chris Kavanagh,Informe del partido,0,0
2015,2015,12,Sáb,23/11/2024,15:00,Fulham,1,1.3,Wolves,26685,Craven Cottage,Robert Jones,Informe del partido,1,4
2016,2016,12,Sáb,23/11/2024,17:30,Manchester City,2.1,2.5,Tottenham,52478,Etihad Stadium,John Brooks,Informe del partido,0,4
2017,2017,12,Dom,24/11/2024,14:00,Southampton,1.3,3.1,Liverpool,31278,St Mary's Stadium,Samuel Barrott,Informe del partido,2,3
2018,2018,12,Dom,24/11/2024,16:30,Ipswich Town,1.6,0.8,Manchester Utd,30017,Portman Road Stadium,Anthony Taylor,Informe del partido,1,1
2019,2019,12,Lun,25/11/2024,20:00,Newcastle Utd,1.6,0.9,West Ham,52094,St James' Park,Craig Pawson,Informe del partido,0,2
2020,2020,13,Vie,29/11/2024,20:00,Brighton,1.7,1,Southampton,31542,The American Express Stadium,Robert Jones,Informe del partido,1,1
2021,2021,13,Sáb,30/11/2024,15:00,Crystal Palace,1.7,0,Newcastle Utd,25101,Selhurst Park,Darren England,Informe del partido,1,1
2022,2022,13,Sáb,30/11/2024,15:00,Wolves,0.5,3.3,Bournemouth,26685,Molineux Stadium,Peter Bankes,Informe del partido,2,4
2023,2023,13,Sáb,30/11/2024,15:00,Nott'ham Forest,1.6,0.6,Ipswich Town,30237,The City Ground,Tony Harrington,Informe del partido,1,0
2024,2024,13,Sáb,30/11/2024,15:00,Brentford,2.4,1.1,Leicester City,17084,Gtech Community Stadium,Michael Oliver,Informe del partido,4,1
2025,2025,13,Sáb,30/11/2024,17:30,West Ham,1.5,3.5,Arsenal,62475,London Stadium,Anthony Taylor,Informe del partido,2,5
2026,2026,13,Dom,01/12/2024,13:30,Chelsea,1.6,1.2,Aston Villa,40853,Stamford Bridge,Stuart Attwell,Informe del partido,3,0
2027,2027,13,Dom,01/12/2024,13:30,Tottenham,0.8,1.5,Fulham,61141,Tottenham Hotspur Stadium,Darren Bond,Informe del partido,1,1
2028,2028,13,Dom,01/12/2024,13:30,Manchester Utd,1.1,0.6,Everton,73817,Old Trafford,John Brooks,Informe del partido,4,0
2029,2029,13,Dom,01/12/2024,16:00,Liverpool,3.4,0.8,Manchester City,60248,Anfield,Chris Kavanagh,Informe del partido,2,0
2030,2030,14,Mar,03/12/2024,19:30,Ipswich Town,0.5,1.6,Crystal Palace,29533,Portman Road Stadium,Craig Pawson,Informe del partido,0,1
2031,2031,14,Mar,03/12/2024,20:15,Leicester City,1.7,3,West Ham,30947,King Power Stadium,Joshua Smith,Informe del partido,3,1
2032,2032,14,Mié,04/12/2024,19:30,Everton,1,0.8,Wolves,38820,Goodison Park,Michael Salisbury,Informe del partido,4,0
2033,2033,14,Mié,04/12/2024,19:30,Newcastle Utd,2.1,1.9,Liverpool,52237,St James' Park,Andy Madley,Informe del partido,3,3
2034,2034,14,Mié,04/12/2024,19:30,Manchester City,2.4,1,Nott'ham Forest,51764,Etihad Stadium,Michael Oliver,Informe del partido,3,0
2035,2035,14,Mié,04/12/2024,19:30,Southampton,1.6,5.2,Chelsea,31193,St Mary's Stadium,Tony Harrington,Informe del partido,1,5
2036,2036,14,Mié,04/12/2024,20:15,Arsenal,2.1,0.2,Manchester Utd,60256,Emirates Stadium,Samuel Barrott,Informe del partido,2,0
2037,2037,14,Mié,04/12/2024,20:15,Aston Villa,2.4,0.9,Brentford,42148,Villa Park,Lewis Smith,Informe del partido,3,1
2038,2038,14,Jue,05/12/2024,19:30,Fulham,1.1,1.4,Brighton,26368,Craven Cottage,Peter Bankes,Informe del partido,3,1
2039,2039,14,Jue,05/12/2024,20:15,Bournemouth,3.5,0.9,Tottenham,11234,Vitality Stadium,Simon Hooper,Informe del partido,1,0
2040,2041,15,Sáb,07/12/2024,15:00,Brentford,1.2,1.5,Newcastle Utd,17078,Gtech Community Stadium,Simon Hooper,Informe del partido,4,2
2041,2042,15,Sáb,07/12/2024,15:00,Crystal Palace,1.3,1.4,Manchester City,25142,Selhurst Park,Robert Jones,Informe del partido,2,2
2042,2043,15,Sáb,07/12/2024,15:00,Aston Villa,2.3,0.3,Southampton,42453,Villa Park,Darren Bond,Informe del partido,1,0
2043,2044,15,Sáb,07/12/2024,17:30,Manchester Utd,1.6,0.8,Nott'ham Forest,73778,Old Trafford,Darren England,Informe del partido,2,3
2044,2045,15,Dom,08/12/2024,14:00,Fulham,0.2,1.8,Arsenal,26954,Craven Cottage,Chris Kavanagh,Informe del partido,1,1
2045,2046,15,Dom,08/12/2024,14:00,Ipswich Town,1.3,3.2,Bournemouth,29180,Portman Road Stadium,Michael Salisbury,Informe del partido,1,2
2046,2047,15,Dom,08/12/2024,14:00,Leicester City,1.3,1.5,Brighton,31647,King Power Stadium,Stuart Attwell,Informe del partido,2,2
2047,2048,15,Dom,08/12/2024,16:30,Tottenham,2.8,2.8,Chelsea,61184,Tottenham Hotspur Stadium,Anthony Taylor,Informe del partido,3,4
2048,2049,15,Lun,09/12/2024,20:00,West Ham,1,1.4,Wolves,62474,London Stadium,John Brooks,Informe del partido,2,1
2049,2050,16,Sáb,14/12/2024,15:00,Newcastle Utd,3.8,0.2,Leicester City,52235,St James' Park,Thomas Bramall,Informe del partido,4,0
2050,2051,16,Sáb,14/12/2024,15:00,Arsenal,1.2,0.1,Everton,60176,Emirates Stadium,Craig Pawson,Informe del partido,0,0
2051,2052,16,Sáb,14/12/2024,15:00,Wolves,1.3,1.1,Ipswich Town,30866,Molineux Stadium,Simon Hooper,Informe del partido,1,2
2052,2053,16,Sáb,14/12/2024,15:00,Liverpool,2.1,1.2,Fulham,60333,Anfield,Tony Harrington,Informe del partido,2,2
2053,2054,16,Sáb,14/12/2024,17:30,Nott'ham Forest,1.7,0.4,Aston Villa,30117,The City Ground,Samuel Barrott,Informe del partido,2,1
2054,2055,16,Dom,15/12/2024,14:00,Brighton,1,2.2,Crystal Palace,30893,The American Express Stadium,Michael Oliver,Informe del partido,1,3
2055,2056,16,Dom,15/12/2024,16:30,Manchester City,0.9,2.1,Manchester Utd,53184,Etihad Stadium,Anthony Taylor,Informe del partido,1,2
2056,2057,16,Dom,15/12/2024,19:00,Southampton,0.8,2.3,Tottenham,31090,St Mary's Stadium,Darren England,Informe del partido,0,5
2057,2058,16,Dom,15/12/2024,19:00,Chelsea,2.2,1.6,Brentford,39571,Stamford Bridge,Peter Bankes,Informe del partido,2,1
2058,2059,16,Lun,16/12/2024,20:00,Bournemouth,1.9,2.1,West Ham,11204,Vitality Stadium,Chris Kavanagh,Informe del partido,1,1
2059,2060,17,Sáb,21/12/2024,12:30,Aston Villa,1.6,1,Manchester City,42345,Villa Park,Peter Bankes,Informe del partido,2,1
2060,2061,17,Sáb,21/12/2024,15:00,West Ham,1.2,0.9,Brighton,62460,London Stadium,Robert Jones,Informe del partido,1,1
2061,2062,17,Sáb,21/12/2024,15:00,Brentford,0.7,0.9,Nott'ham Forest,17115,Gtech Community Stadium,Michael Oliver,Informe del partido,0,2
2062,2063,17,Sáb,21/12/2024,15:00,Ipswich Town,0.7,2.3,Newcastle Utd,29774,Portman Road Stadium,Stuart Attwell,Informe del partido,0,4
2063,2064,17,Sáb,21/12/2024,17:30,Crystal Palace,1.6,2.5,Arsenal,25167,Selhurst Park,Simon Hooper,Informe del partido,1,5
2064,2065,17,Dom,22/12/2024,14:00,Manchester Utd,2.2,1.6,Bournemouth,73720,Old Trafford,Craig Pawson,Informe del partido,0,3
2065,2066,17,Dom,22/12/2024,14:00,Fulham,0.9,0.3,Southampton,26819,Craven Cottage,Tim Robinson,Informe del partido,0,0
2066,2067,17,Dom,22/12/2024,14:00,Everton,1,1.2,Chelsea,39358,Goodison Park,Chris Kavanagh,Informe del partido,0,0
2067,2068,17,Dom,22/12/2024,14:00,Leicester City,0.8,1.1,Wolves,31818,King Power Stadium,Anthony Taylor,Informe del partido,0,3
2068,2069,17,Dom,22/12/2024,16:30,Tottenham,1.3,5.6,Liverpool,61439,Tottenham Hotspur Stadium,Samuel Barrott,Informe del partido,3,6
2069,2070,18,Jue,26/12/2024,12:30,Manchester City,2.1,0.7,Everton,55527,Etihad Stadium,Simon Hooper,Informe del partido,1,1
2070,2071,18,Jue,26/12/2024,15:00,Chelsea,1.1,1.8,Fulham,39687,Stamford Bridge,Samuel Barrott,Informe del partido,1,2
2071,2072,18,Jue,26/12/2024,15:00,Southampton,1.4,1.7,West Ham,31059,St Mary's Stadium,Lewis Smith,Informe del partido,0,1
2072,2073,18,Jue,26/12/2024,15:00,Bournemouth,1.4,0.4,Crystal Palace,11129,Vitality Stadium,Thomas Bramall,Informe del partido,0,0
2073,2074,18,Jue,26/12/2024,15:00,Newcastle Utd,2.7,0.3,Aston Villa,52168,St James' Park,Anthony Taylor,Informe del partido,3,0
2074,2075,18,Jue,26/12/2024,15:00,Nott'ham Forest,1.1,0.9,Tottenham,30200,The City Ground,Craig Pawson,Informe del partido,1,0
2075,2076,18,Jue,26/12/2024,17:30,Wolves,0.9,0.4,Manchester Utd,31407,Molineux Stadium,Tony Harrington,Informe del partido,2,0
2076,2077,18,Jue,26/12/2024,20:00,Liverpool,2,0.3,Leicester City,60300,Anfield,Darren Bond,Informe del partido,3,1
2077,2078,18,Vie,27/12/2024,19:30,Brighton,1.3,1.1,Brentford,31548,The American Express Stadium,Andy Madley,Informe del partido,0,0
2078,2079,18,Vie,27/12/2024,20:15,Arsenal,1.8,0.2,Ipswich Town,60271,Emirates Stadium,Darren England,Informe del partido,1,0
2079,2080,19,Dom,29/12/2024,14:30,Leicester City,1.3,1.3,Manchester City,32057,King Power Stadium,Michael Oliver,Informe del partido,0,2
2080,2081,19,Dom,29/12/2024,15:00,Tottenham,2.2,0.7,Wolves,61284,Tottenham Hotspur Stadium,Chris Kavanagh,Informe del partido,2,2
2081,2082,19,Dom,29/12/2024,15:00,Fulham,1.1,2,Bournemouth,27301,Craven Cottage,Robert Jones,Informe del partido,2,2
2082,2083,19,Dom,29/12/2024,15:00,Everton,0.9,1.5,Nott'ham Forest,25414,Goodison Park,Tony Harrington,Informe del partido,0,2
2083,2084,19,Dom,29/12/2024,15:00,Crystal Palace,2,0.9,Southampton,25130,Selhurst Park,Michael Salisbury,Informe del partido,2,1
2084,2085,19,Dom,29/12/2024,17:15,West Ham,0.4,3.1,Liverpool,62476,London Stadium,Anthony Taylor,Informe del partido,0,5
2085,2086,19,Lun,30/12/2024,19:45,Aston Villa,1.8,1.1,Brighton,41414,Villa Park,Craig Pawson,Informe del partido,2,2
2086,2087,19,Lun,30/12/2024,19:45,Ipswich Town,1.6,2,Chelsea,29968,Portman Road Stadium,John Brooks,Informe del partido,2,0
2087,2088,19,Lun,30/12/2024,20:00,Manchester Utd,0.8,1.9,Newcastle Utd,73809,Old Trafford,Simon Hooper,Informe del partido,0,2
2088,2089,19,Mié,01/01/2025,17:30,Brentford,0.3,1.9,Arsenal,47190,Gtech Community Stadium,Peter Bankes,Informe del partido,1,3
