,Sem.,Día,Fecha,Hora,Local,xG,xG.1,Visitante,Asistencia,Sedes,Árbitro,Informe del partido,Goles Local,Goles Visitante
0,1.0,Vie,2019-08-09,20:00,Liverpool,1.8,0.9,Norwich City,53333.0,Anfield,Michael Oliver,Informe del partido,4,1
1,1.0,Sáb,2019-08-10,12:30,West Ham,1.1,3.2,Manchester City,59870.0,London Stadium,Mike Dean,Informe del partido,0,5
2,1.0,Sáb,2019-08-10,15:00,Burnley,0.9,1.2,Southampton,19784.0,Turf Moor,Graham Scott,Informe del partido,3,0
3,1.0,Sáb,2019-08-10,15:00,Watford,0.7,0.8,Brighton,20245.0,Vicarage Road Stadium,Craig Pawson,Informe del partido,0,3
4,1.0,Sáb,2019-08-10,15:00,Crystal Palace,0.9,1.1,Everton,25151.0,Selhurst Park,Jonathan Moss,Informe del partido,0,0
5,1.0,Sáb,2019-08-10,15:00,Bournemouth,1.3,1.3,Sheffield Utd,10714.0,Vitality Stadium,Kevin Friend,Informe del partido,1,1
6,1.0,Sáb,2019-08-10,17:30,Tottenham,2.4,0.7,Aston Villa,60407.0,Tottenham Hotspur Stadium,Chris Kavanagh,Informe del partido,3,1
7,1.0,Dom,2019-08-11,14:00,Newcastle Utd,0.4,1.1,Arsenal,47635.0,St. James' Park,Martin Atkinson,Informe del partido,0,1
8,1.0,Dom,2019-08-11,14:00,Leicester City,0.7,0.7,Wolves,32015.0,King Power Stadium,Andre Marriner,Informe del partido,0,0
9,1.0,Dom,2019-08-11,16:30,Manchester Utd,2.2,1.0,Chelsea,73620.0,Old Trafford,Anthony Taylor,Informe del partido,4,0
10,2.0,Sáb,2019-08-17,12:30,Arsenal,0.8,1.5,Burnley,60214.0,Emirates Stadium,Mike Dean,Informe del partido,2,1
11,2.0,Sáb,2019-08-17,15:00,Norwich City,1.7,0.9,Newcastle Utd,27059.0,Carrow Road,Stuart Attwell,Informe del partido,3,1
12,2.0,Sáb,2019-08-17,15:00,Aston Villa,2.0,1.6,Bournemouth,40996.0,Villa Park,Martin Atkinson,Informe del partido,1,2
13,2.0,Sáb,2019-08-17,15:00,Brighton,2.0,0.8,West Ham,30459.0,The American Express Community Stadium,Anthony Taylor,Informe del partido,1,1
14,2.0,Sáb,2019-08-17,15:00,Southampton,1.9,1.3,Liverpool,31712.0,St. Mary's Stadium,Andre Marriner,Informe del partido,1,2
15,2.0,Sáb,2019-08-17,15:00,Everton,0.7,1.2,Watford,39066.0,Goodison Park,Lee Mason,Informe del partido,1,0
16,2.0,Sáb,2019-08-17,17:30,Manchester City,2.9,0.1,Tottenham,54503.0,Etihad Stadium,Michael Oliver,Informe del partido,2,2
17,2.0,Dom,2019-08-18,14:00,Sheffield Utd,2.2,0.3,Crystal Palace,30197.0,Bramall Lane,David Coote,Informe del partido,1,0
18,2.0,Dom,2019-08-18,16:30,Chelsea,1.1,0.8,Leicester City,40629.0,Stamford Bridge,Oliver Langford,Informe del partido,1,1
19,2.0,Lun,2019-08-19,20:00,Wolves,0.3,1.2,Manchester Utd,31314.0,Molineux Stadium,Jonathan Moss,Informe del partido,1,1
20,3.0,Vie,2019-08-23,20:00,Aston Villa,1.0,1.3,Everton,41922.0,Villa Park,Michael Oliver,Informe del partido,2,0
21,3.0,Sáb,2019-08-24,12:30,Norwich City,1.1,1.5,Chelsea,27032.0,Carrow Road,Martin Atkinson,Informe del partido,2,3
22,3.0,Sáb,2019-08-24,15:00,Sheffield Utd,0.3,0.8,Leicester City,30079.0,Bramall Lane,Andy Madley,Informe del partido,1,2
23,3.0,Sáb,2019-08-24,15:00,Manchester Utd,2.5,1.1,Crystal Palace,73454.0,Old Trafford,Paul Tierney,Informe del partido,1,2
24,3.0,Sáb,2019-08-24,15:00,Watford,2.3,3.5,West Ham,20035.0,Vicarage Road Stadium,Chris Kavanagh,Informe del partido,1,3
25,3.0,Sáb,2019-08-24,15:00,Brighton,0.8,1.7,Southampton,30019.0,The American Express Community Stadium,Kevin Friend,Informe del partido,0,2
26,3.0,Sáb,2019-08-24,17:30,Liverpool,2.5,1.0,Arsenal,53298.0,Anfield,Anthony Taylor,Informe del partido,3,1
27,3.0,Dom,2019-08-25,14:00,Bournemouth,2.2,3.0,Manchester City,10486.0,Vitality Stadium,Andre Marriner,Informe del partido,1,3
28,3.0,Dom,2019-08-25,16:30,Wolves,1.5,1.6,Burnley,30522.0,Molineux Stadium,Craig Pawson,Informe del partido,1,1
29,3.0,Dom,2019-08-25,16:30,Tottenham,1.1,0.8,Newcastle Utd,59245.0,Tottenham Hotspur Stadium,Mike Dean,Informe del partido,0,1
30,4.0,Sáb,2019-08-31,12:30,Southampton,0.9,1.5,Manchester Utd,30499.0,St. Mary's Stadium,Mike Dean,Informe del partido,1,1
31,4.0,Sáb,2019-08-31,15:00,West Ham,2.0,1.4,Norwich City,59950.0,London Stadium,Paul Tierney,Informe del partido,2,0
32,4.0,Sáb,2019-08-31,15:00,Crystal Palace,1.4,0.4,Aston Villa,25248.0,Selhurst Park,Kevin Friend,Informe del partido,1,0
33,4.0,Sáb,2019-08-31,15:00,Leicester City,2.0,0.6,Bournemouth,31613.0,King Power Stadium,Peter Bankes,Informe del partido,3,1
34,4.0,Sáb,2019-08-31,15:00,Chelsea,2.0,1.1,Sheffield Utd,40560.0,Stamford Bridge,Stuart Attwell,Informe del partido,2,2
35,4.0,Sáb,2019-08-31,15:00,Newcastle Utd,1.0,1.0,Watford,44157.0,St. James' Park,Graham Scott,Informe del partido,1,1
36,4.0,Sáb,2019-08-31,15:00,Manchester City,1.9,0.9,Brighton,54386.0,Etihad Stadium,Jonathan Moss,Informe del partido,4,0
37,4.0,Sáb,2019-08-31,17:30,Burnley,0.9,1.0,Liverpool,21762.0,Turf Moor,Chris Kavanagh,Informe del partido,0,3
38,4.0,Dom,2019-09-01,14:00,Everton,1.3,2.0,Wolves,39374.0,Goodison Park,Anthony Taylor,Informe del partido,3,2
39,4.0,Dom,2019-09-01,16:30,Arsenal,2.4,2.0,Tottenham,60333.0,Emirates Stadium,Martin Atkinson,Informe del partido,2,2
40,5.0,Sáb,2019-09-14,12:30,Liverpool,3.0,0.3,Newcastle Utd,51430.0,Anfield,Andre Marriner,Informe del partido,3,1
41,5.0,Sáb,2019-09-14,15:00,Wolves,1.7,2.7,Chelsea,31534.0,Molineux Stadium,Graham Scott,Informe del partido,2,5
42,5.0,Sáb,2019-09-14,15:00,Brighton,1.4,0.4,Burnley,29398.0,The American Express Community Stadium,Michael Oliver,Informe del partido,1,1
43,5.0,Sáb,2019-09-14,15:00,Tottenham,1.0,0.6,Crystal Palace,59812.0,Tottenham Hotspur Stadium,Craig Pawson,Informe del partido,4,0
44,5.0,Sáb,2019-09-14,15:00,Manchester Utd,1.2,0.6,Leicester City,73689.0,Old Trafford,Martin Atkinson,Informe del partido,1,0
45,5.0,Sáb,2019-09-14,15:00,Sheffield Utd,1.8,1.6,Southampton,30985.0,Bramall Lane,Lee Mason,Informe del partido,0,1
46,5.0,Sáb,2019-09-14,17:30,Norwich City,1.5,2.3,Manchester City,27035.0,Carrow Road,Kevin Friend,Informe del partido,3,2
47,5.0,Dom,2019-09-15,14:00,Bournemouth,1.4,1.5,Everton,10416.0,Vitality Stadium,Paul Tierney,Informe del partido,3,1
48,5.0,Dom,2019-09-15,16:30,Watford,2.7,0.8,Arsenal,21360.0,Vicarage Road Stadium,Anthony Taylor,Informe del partido,2,2
49,5.0,Lun,2019-09-16,20:00,Aston Villa,1.3,0.6,West Ham,42010.0,Villa Park,Mike Dean,Informe del partido,0,0
50,6.0,Vie,2019-09-20,20:00,Southampton,2.5,1.2,Bournemouth,30168.0,St. Mary's Stadium,Chris Kavanagh,Informe del partido,1,3
51,6.0,Sáb,2019-09-21,12:30,Leicester City,1.3,1.1,Tottenham,32129.0,King Power Stadium,Paul Tierney,Informe del partido,2,1
52,6.0,Sáb,2019-09-21,15:00,Manchester City,5.9,0.4,Watford,54273.0,Etihad Stadium,Mike Dean,Informe del partido,8,0
53,6.0,Sáb,2019-09-21,15:00,Everton,1.0,0.5,Sheffield Utd,39354.0,Goodison Park,Simon Hooper,Informe del partido,0,2
54,6.0,Sáb,2019-09-21,15:00,Burnley,2.0,0.8,Norwich City,19712.0,Turf Moor,David Coote,Informe del partido,2,0
55,6.0,Sáb,2019-09-21,17:30,Newcastle Utd,0.9,1.4,Brighton,43316.0,St. James' Park,Martin Atkinson,Informe del partido,0,0
56,6.0,Dom,2019-09-22,14:00,Crystal Palace,0.9,1.5,Wolves,25122.0,Selhurst Park,Stuart Attwell,Informe del partido,1,1
57,6.0,Dom,2019-09-22,14:00,West Ham,0.4,0.9,Manchester Utd,59936.0,London Stadium,Anthony Taylor,Informe del partido,2,0
58,6.0,Dom,2019-09-22,16:30,Chelsea,1.3,0.6,Liverpool,40638.0,Stamford Bridge,Michael Oliver,Informe del partido,1,2
59,6.0,Dom,2019-09-22,16:30,Arsenal,2.4,1.5,Aston Villa,60331.0,Emirates Stadium,Jonathan Moss,Informe del partido,3,2
60,7.0,Sáb,2019-09-28,12:30,Sheffield Utd,1.3,1.9,Liverpool,31774.0,Bramall Lane,Anthony Taylor,Informe del partido,0,1
61,7.0,Sáb,2019-09-28,15:00,Chelsea,3.7,0.6,Brighton,40683.0,Stamford Bridge,Chris Kavanagh,Informe del partido,2,0
62,7.0,Sáb,2019-09-28,15:00,Tottenham,1.0,1.5,Southampton,59645.0,Tottenham Hotspur Stadium,Graham Scott,Informe del partido,2,1
63,7.0,Sáb,2019-09-28,15:00,Aston Villa,1.0,1.5,Burnley,41546.0,Villa Park,Lee Mason,Informe del partido,2,2
64,7.0,Sáb,2019-09-28,15:00,Crystal Palace,1.5,0.7,Norwich City,25477.0,Selhurst Park,Jonathan Moss,Informe del partido,2,0
65,7.0,Sáb,2019-09-28,15:00,Wolves,1.4,1.4,Watford,30711.0,Molineux Stadium,Paul Tierney,Informe del partido,2,0
66,7.0,Sáb,2019-09-28,15:00,Bournemouth,1.9,1.6,West Ham,10729.0,Vitality Stadium,Stuart Attwell,Informe del partido,2,2
67,7.0,Sáb,2019-09-28,17:30,Everton,2.4,2.8,Manchester City,39222.0,Goodison Park,Michael Oliver,Informe del partido,1,3
68,7.0,Dom,2019-09-29,16:30,Leicester City,1.6,0.1,Newcastle Utd,32168.0,King Power Stadium,Craig Pawson,Informe del partido,5,0
69,7.0,Lun,2019-09-30,20:00,Manchester Utd,0.9,1.9,Arsenal,73201.0,Old Trafford,Kevin Friend,Informe del partido,1,1
70,8.0,Sáb,2019-10-05,12:30,Brighton,2.4,0.4,Tottenham,30610.0,The American Express Community Stadium,Jonathan Moss,Informe del partido,3,0
71,8.0,Sáb,2019-10-05,15:00,Watford,1.4,0.4,Sheffield Utd,20811.0,Vicarage Road Stadium,Andre Marriner,Informe del partido,0,0
72,8.0,Sáb,2019-10-05,15:00,Burnley,0.6,1.3,Everton,20650.0,Turf Moor,Graham Scott,Informe del partido,1,0
73,8.0,Sáb,2019-10-05,15:00,Liverpool,3.5,0.1,Leicester City,53322.0,Anfield,Chris Kavanagh,Informe del partido,2,1
74,8.0,Sáb,2019-10-05,15:00,Norwich City,2.6,3.0,Aston Villa,27045.0,Carrow Road,Andy Madley,Informe del partido,1,5
75,8.0,Sáb,2019-10-05,17:30,West Ham,1.4,2.1,Crystal Palace,59912.0,London Stadium,Michael Oliver,Informe del partido,1,2
76,8.0,Dom,2019-10-06,14:00,Manchester City,1.4,1.0,Wolves,54435.0,Etihad Stadium,Craig Pawson,Informe del partido,0,2
77,8.0,Dom,2019-10-06,14:00,Southampton,1.4,1.7,Chelsea,31473.0,St. Mary's Stadium,Paul Tierney,Informe del partido,1,4
78,8.0,Dom,2019-10-06,14:00,Arsenal,1.2,0.6,Bournemouth,60326.0,Emirates Stadium,Martin Atkinson,Informe del partido,1,0
79,8.0,Dom,2019-10-06,16:30,Newcastle Utd,0.8,0.9,Manchester Utd,51198.0,St. James' Park,Mike Dean,Informe del partido,1,0
80,9.0,Sáb,2019-10-19,12:30,Everton,2.1,0.8,West Ham,39263.0,Goodison Park,Paul Tierney,Informe del partido,2,0
81,9.0,Sáb,2019-10-19,15:00,Aston Villa,3.0,1.2,Brighton,41826.0,Villa Park,David Coote,Informe del partido,2,1
82,9.0,Sáb,2019-10-19,15:00,Leicester City,1.0,1.5,Burnley,32105.0,King Power Stadium,Jonathan Moss,Informe del partido,2,1
83,9.0,Sáb,2019-10-19,15:00,Tottenham,1.0,0.7,Watford,58754.0,Tottenham Hotspur Stadium,Chris Kavanagh,Informe del partido,1,1
84,9.0,Sáb,2019-10-19,15:00,Wolves,0.9,1.4,Southampton,30915.0,Molineux Stadium,Peter Bankes,Informe del partido,1,1
85,9.0,Sáb,2019-10-19,15:00,Chelsea,2.0,0.4,Newcastle Utd,40513.0,Stamford Bridge,Andre Marriner,Informe del partido,1,0
86,9.0,Sáb,2019-10-19,15:00,Bournemouth,0.7,0.4,Norwich City,10669.0,Vitality Stadium,Lee Mason,Informe del partido,0,0
87,9.0,Sáb,2019-10-19,17:30,Crystal Palace,0.9,3.5,Manchester City,25480.0,Selhurst Park,Anthony Taylor,Informe del partido,0,2
88,9.0,Dom,2019-10-20,16:30,Manchester Utd,0.7,1.2,Liverpool,73737.0,Old Trafford,Martin Atkinson,Informe del partido,1,1
89,9.0,Lun,2019-10-21,20:00,Sheffield Utd,0.9,1.0,Arsenal,30775.0,Bramall Lane,Mike Dean,Informe del partido,1,0
90,10.0,Vie,2019-10-25,20:00,Southampton,0.3,4.6,Leicester City,28762.0,St. Mary's Stadium,Andre Marriner,Informe del partido,0,9
91,10.0,Sáb,2019-10-26,12:30,Manchester City,2.9,1.0,Aston Villa,54506.0,Etihad Stadium,Graham Scott,Informe del partido,3,0
92,10.0,Sáb,2019-10-26,15:00,Watford,0.8,1.0,Bournemouth,20821.0,Vicarage Road Stadium,Mike Dean,Informe del partido,0,0
93,10.0,Sáb,2019-10-26,15:00,West Ham,2.3,1.0,Sheffield Utd,59878.0,London Stadium,David Coote,Informe del partido,1,1
94,10.0,Sáb,2019-10-26,15:00,Brighton,1.2,0.9,Everton,30529.0,The American Express Community Stadium,Andy Madley,Informe del partido,3,2
95,10.0,Sáb,2019-10-26,17:30,Burnley,2.1,0.9,Chelsea,20975.0,Turf Moor,Michael Oliver,Informe del partido,2,4
96,10.0,Dom,2019-10-27,14:00,Newcastle Utd,1.0,2.1,Wolves,46019.0,St. James' Park,Kevin Friend,Informe del partido,1,1
97,10.0,Dom,2019-10-27,16:30,Arsenal,1.3,1.6,Crystal Palace,60345.0,Emirates Stadium,Martin Atkinson,Informe del partido,2,2
98,10.0,Dom,2019-10-27,16:30,Liverpool,2.6,1.2,Tottenham,53222.0,Anfield,Anthony Taylor,Informe del partido,2,1
99,10.0,Dom,2019-10-27,16:30,Norwich City,1.0,4.2,Manchester Utd,27108.0,Carrow Road,Stuart Attwell,Informe del partido,1,3
100,11.0,Sáb,2019-11-02,12:30,Bournemouth,1.9,0.8,Manchester Utd,10669.0,Vitality Stadium,Chris Kavanagh,Informe del partido,1,0
101,11.0,Sáb,2019-11-02,15:00,Sheffield Utd,2.3,0.8,Burnley,31131.0,Bramall Lane,Simon Hooper,Informe del partido,3,0
102,11.0,Sáb,2019-11-02,15:00,Brighton,2.7,0.4,Norwich City,30539.0,The American Express Community Stadium,Kevin Friend,Informe del partido,2,0
103,11.0,Sáb,2019-11-02,15:00,Aston Villa,0.4,2.4,Liverpool,41878.0,Villa Park,Jonathan Moss,Informe del partido,1,2
104,11.0,Sáb,2019-11-02,15:00,Arsenal,0.9,1.8,Wolves,60383.0,Emirates Stadium,Michael Oliver,Informe del partido,1,1
105,11.0,Sáb,2019-11-02,15:00,West Ham,1.8,1.5,Newcastle Utd,59907.0,London Stadium,Stuart Attwell,Informe del partido,2,3
106,11.0,Sáb,2019-11-02,15:00,Manchester City,2.9,0.9,Southampton,53922.0,Etihad Stadium,Lee Mason,Informe del partido,2,1
107,11.0,Sáb,2019-11-02,17:30,Watford,1.3,2.1,Chelsea,21011.0,Vicarage Road Stadium,Anthony Taylor,Informe del partido,1,2
108,11.0,Dom,2019-11-03,14:00,Crystal Palace,0.5,1.1,Leicester City,25480.0,Selhurst Park,Paul Tierney,Informe del partido,0,2
109,11.0,Dom,2019-11-03,16:30,Everton,1.1,0.6,Tottenham,39001.0,Goodison Park,Martin Atkinson,Informe del partido,1,1
110,12.0,Vie,2019-11-08,20:00,Norwich City,0.7,1.3,Watford,27074.0,Carrow Road,Andre Marriner,Informe del partido,0,2
111,12.0,Sáb,2019-11-09,12:30,Chelsea,3.6,0.2,Crystal Palace,40525.0,Stamford Bridge,Mike Dean,Informe del partido,2,0
112,12.0,Sáb,2019-11-09,15:00,Southampton,0.9,1.8,Everton,29754.0,St. Mary's Stadium,Paul Tierney,Informe del partido,1,2
113,12.0,Sáb,2019-11-09,15:00,Burnley,2.1,0.5,West Ham,20255.0,Turf Moor,Kevin Friend,Informe del partido,3,0
114,12.0,Sáb,2019-11-09,15:00,Newcastle Utd,2.4,1.8,Bournemouth,44424.0,St. James' Park,Martin Atkinson,Informe del partido,2,1
115,12.0,Sáb,2019-11-09,15:00,Tottenham,1.8,0.9,Sheffield Utd,59781.0,Tottenham Hotspur Stadium,Graham Scott,Informe del partido,1,1
116,12.0,Sáb,2019-11-09,17:30,Leicester City,1.2,1.0,Arsenal,32209.0,King Power Stadium,Chris Kavanagh,Informe del partido,2,0
117,12.0,Dom,2019-11-10,14:00,Manchester Utd,3.6,0.8,Brighton,73556.0,Old Trafford,Jonathan Moss,Informe del partido,3,1
118,12.0,Dom,2019-11-10,14:00,Wolves,2.4,0.6,Aston Villa,31607.0,Molineux Stadium,Anthony Taylor,Informe del partido,2,1
119,12.0,Dom,2019-11-10,16:30,Liverpool,1.1,1.3,Manchester City,53324.0,Anfield,Michael Oliver,Informe del partido,3,1
120,13.0,Sáb,2019-11-23,12:30,West Ham,0.7,2.1,Tottenham,59930.0,London Stadium,Michael Oliver,Informe del partido,2,3
121,13.0,Sáb,2019-11-23,15:00,Crystal Palace,1.0,1.4,Liverpool,25486.0,Selhurst Park,Kevin Friend,Informe del partido,1,2
122,13.0,Sáb,2019-11-23,15:00,Arsenal,1.8,2.4,Southampton,60295.0,Emirates Stadium,Stuart Attwell,Informe del partido,2,2
123,13.0,Sáb,2019-11-23,15:00,Bournemouth,0.6,1.1,Wolves,10539.0,Vitality Stadium,Simon Hooper,Informe del partido,1,2
124,13.0,Sáb,2019-11-23,15:00,Everton,0.9,1.7,Norwich City,39241.0,Goodison Park,Anthony Taylor,Informe del partido,0,2
125,13.0,Sáb,2019-11-23,15:00,Brighton,0.6,3.6,Leicester City,30640.0,The American Express Community Stadium,Mike Dean,Informe del partido,0,2
126,13.0,Sáb,2019-11-23,15:00,Watford,1.0,1.9,Burnley,19711.0,Vicarage Road Stadium,Paul Tierney,Informe del partido,0,3
127,13.0,Sáb,2019-11-23,17:30,Manchester City,1.0,0.9,Chelsea,54486.0,Etihad Stadium,Martin Atkinson,Informe del partido,2,1
128,13.0,Dom,2019-11-24,16:30,Sheffield Utd,1.3,1.3,Manchester Utd,32024.0,Bramall Lane,Andre Marriner,Informe del partido,3,3
129,13.0,Lun,2019-11-25,20:00,Aston Villa,2.3,0.6,Newcastle Utd,41821.0,Villa Park,Lee Mason,Informe del partido,2,0
130,14.0,Sáb,2019-11-30,12:30,Newcastle Utd,0.3,2.4,Manchester City,49937.0,St. James' Park,Chris Kavanagh,Informe del partido,2,2
131,14.0,Sáb,2019-11-30,15:00,Tottenham,2.3,1.1,Bournemouth,59626.0,Tottenham Hotspur Stadium,Lee Mason,Informe del partido,3,2
132,14.0,Sáb,2019-11-30,15:00,Liverpool,1.3,0.8,Brighton,53319.0,Anfield,Martin Atkinson,Informe del partido,2,1
133,14.0,Sáb,2019-11-30,15:00,Burnley,1.9,0.7,Crystal Palace,19818.0,Turf Moor,Peter Bankes,Informe del partido,0,2
134,14.0,Sáb,2019-11-30,15:00,Chelsea,2.3,0.9,West Ham,40595.0,Stamford Bridge,Jonathan Moss,Informe del partido,0,1
135,14.0,Sáb,2019-11-30,17:30,Southampton,2.1,0.6,Watford,26929.0,St. Mary's Stadium,Michael Oliver,Informe del partido,2,1
136,14.0,Dom,2019-12-01,14:00,Norwich City,0.8,1.9,Arsenal,27067.0,Carrow Road,Paul Tierney,Informe del partido,2,2
137,14.0,Dom,2019-12-01,14:00,Wolves,1.3,1.5,Sheffield Utd,31642.0,Molineux Stadium,David Coote,Informe del partido,1,1
138,14.0,Dom,2019-12-01,16:30,Leicester City,2.2,1.1,Everton,32144.0,King Power Stadium,Graham Scott,Informe del partido,2,1
139,14.0,Dom,2019-12-01,16:30,Manchester Utd,1.7,1.2,Aston Villa,73381.0,Old Trafford,Craig Pawson,Informe del partido,2,2
140,15.0,Mar,2019-12-03,19:30,Crystal Palace,0.3,0.4,Bournemouth,23497.0,Selhurst Park,Anthony Taylor,Informe del partido,1,0
141,15.0,Mar,2019-12-03,20:15,Burnley,0.6,2.2,Manchester City,20101.0,Turf Moor,Jonathan Moss,Informe del partido,1,4
142,15.0,Mié,2019-12-04,19:30,Wolves,1.5,0.6,West Ham,31217.0,Molineux Stadium,Andre Marriner,Informe del partido,2,0
143,15.0,Mié,2019-12-04,19:30,Southampton,1.7,0.9,Norwich City,27019.0,St. Mary's Stadium,Kevin Friend,Informe del partido,2,1
144,15.0,Mié,2019-12-04,19:30,Chelsea,1.8,1.0,Aston Villa,40628.0,Stamford Bridge,Chris Kavanagh,Informe del partido,2,1
145,15.0,Mié,2019-12-04,19:30,Manchester Utd,1.4,0.9,Tottenham,73252.0,Old Trafford,Paul Tierney,Informe del partido,2,1
146,15.0,Mié,2019-12-04,19:30,Leicester City,2.4,0.2,Watford,31763.0,King Power Stadium,Craig Pawson,Informe del partido,2,0
147,15.0,Mié,2019-12-04,20:15,Liverpool,2.0,1.5,Everton,53094.0,Anfield,Mike Dean,Informe del partido,5,2
148,15.0,Jue,2019-12-05,19:30,Sheffield Utd,1.1,0.5,Newcastle Utd,30409.0,Bramall Lane,Stuart Attwell,Informe del partido,0,2
149,15.0,Jue,2019-12-05,20:15,Arsenal,0.9,1.7,Brighton,60164.0,Emirates Stadium,Graham Scott,Informe del partido,1,2
150,16.0,Sáb,2019-12-07,12:30,Everton,1.8,1.1,Chelsea,39114.0,Goodison Park,Craig Pawson,Informe del partido,3,1
151,16.0,Sáb,2019-12-07,15:00,Tottenham,2.6,0.9,Burnley,58401.0,Tottenham Hotspur Stadium,Kevin Friend,Informe del partido,5,0
152,16.0,Sáb,2019-12-07,15:00,Watford,1.4,0.2,Crystal Palace,20070.0,Vicarage Road Stadium,Martin Atkinson,Informe del partido,0,0
153,16.0,Sáb,2019-12-07,15:00,Bournemouth,0.1,2.4,Liverpool,10832.0,Vitality Stadium,Chris Kavanagh,Informe del partido,0,3
154,16.0,Sáb,2019-12-07,17:30,Manchester City,2.2,1.4,Manchester Utd,54403.0,Etihad Stadium,Anthony Taylor,Informe del partido,1,2
155,16.0,Dom,2019-12-08,14:00,Norwich City,0.7,0.8,Sheffield Utd,26881.0,Carrow Road,Simon Hooper,Informe del partido,1,2
156,16.0,Dom,2019-12-08,14:00,Aston Villa,1.2,4.6,Leicester City,41908.0,Villa Park,Michael Oliver,Informe del partido,1,4
157,16.0,Dom,2019-12-08,14:00,Newcastle Utd,0.9,1.7,Southampton,42303.0,St. James' Park,David Coote,Informe del partido,2,1
158,16.0,Dom,2019-12-08,16:30,Brighton,1.2,1.5,Wolves,30189.0,The American Express Community Stadium,Jonathan Moss,Informe del partido,2,2
159,16.0,Lun,2019-12-09,20:00,West Ham,0.6,1.4,Arsenal,59936.0,London Stadium,Mike Dean,Informe del partido,1,3
160,17.0,Sáb,2019-12-14,12:30,Liverpool,1.4,1.0,Watford,53311.0,Anfield,Andre Marriner,Informe del partido,2,0
161,17.0,Sáb,2019-12-14,15:00,Leicester City,1.1,1.1,Norwich City,32101.0,King Power Stadium,Andy Madley,Informe del partido,1,1
162,17.0,Sáb,2019-12-14,15:00,Burnley,1.4,1.0,Newcastle Utd,19798.0,Turf Moor,Tim Robinson,Informe del partido,1,0
163,17.0,Sáb,2019-12-14,15:00,Sheffield Utd,1.7,1.1,Aston Villa,30396.0,Bramall Lane,Peter Bankes,Informe del partido,2,0
164,17.0,Sáb,2019-12-14,15:00,Chelsea,2.1,1.0,Bournemouth,40243.0,Stamford Bridge,Graham Scott,Informe del partido,0,1
165,17.0,Sáb,2019-12-14,17:30,Southampton,0.9,0.9,West Ham,27701.0,St. Mary's Stadium,Martin Atkinson,Informe del partido,0,1
166,17.0,Dom,2019-12-15,14:00,Manchester Utd,1.4,0.3,Everton,63328.0,Old Trafford,Michael Oliver,Informe del partido,1,1
167,17.0,Dom,2019-12-15,14:00,Wolves,0.9,0.9,Tottenham,31674.0,Molineux Stadium,Stuart Attwell,Informe del partido,1,2
168,17.0,Dom,2019-12-15,16:30,Arsenal,0.5,1.3,Manchester City,60031.0,Emirates Stadium,Paul Tierney,Informe del partido,0,3
169,17.0,Lun,2019-12-16,19:45,Crystal Palace,0.7,2.3,Brighton,24175.0,Selhurst Park,Craig Pawson,Informe del partido,1,1
170,18.0,Sáb,2019-12-21,12:30,Everton,0.5,0.6,Arsenal,39336.0,Goodison Park,Kevin Friend,Informe del partido,0,0
171,18.0,Sáb,2019-12-21,15:00,Norwich City,1.3,1.4,Wolves,27053.0,Carrow Road,Peter Bankes,Informe del partido,1,2
172,18.0,Sáb,2019-12-21,15:00,Brighton,0.5,1.3,Sheffield Utd,30505.0,The American Express Community Stadium,Robert Jones,Informe del partido,0,1
173,18.0,Sáb,2019-12-21,15:00,Newcastle Utd,0.5,1.3,Crystal Palace,45453.0,St. James' Park,Simon Hooper,Informe del partido,1,0
174,18.0,Sáb,2019-12-21,15:00,Aston Villa,1.1,2.8,Southampton,41834.0,Villa Park,Craig Pawson,Informe del partido,1,3
175,18.0,Sáb,2019-12-21,15:00,Bournemouth,0.1,0.2,Burnley,10020.0,Vitality Stadium,Martin Atkinson,Informe del partido,0,1
176,18.0,Sáb,2019-12-21,17:30,Manchester City,3.3,1.1,Leicester City,54415.0,Etihad Stadium,Mike Dean,Informe del partido,3,1
177,18.0,Dom,2019-12-22,14:00,Watford,1.5,1.8,Manchester Utd,21488.0,Vicarage Road Stadium,Lee Mason,Informe del partido,2,0
178,18.0,Dom,2019-12-22,16:30,Tottenham,0.3,1.3,Chelsea,61104.0,Tottenham Hotspur Stadium,Anthony Taylor,Informe del partido,0,2
179,19.0,Jue,2019-12-26,12:30,Tottenham,0.8,1.0,Brighton,56308.0,Tottenham Hotspur Stadium,Graham Scott,Informe del partido,2,1
180,19.0,Jue,2019-12-26,15:00,Aston Villa,0.6,1.2,Norwich City,41289.0,Villa Park,Chris Kavanagh,Informe del partido,1,0
181,19.0,Jue,2019-12-26,15:00,Crystal Palace,2.7,0.9,West Ham,25462.0,Selhurst Park,Andre Marriner,Informe del partido,2,1
182,19.0,Jue,2019-12-26,15:00,Bournemouth,2.0,1.4,Arsenal,10234.0,Vitality Stadium,Stuart Attwell,Informe del partido,1,1
183,19.0,Jue,2019-12-26,15:00,Sheffield Utd,2.4,0.6,Watford,30222.0,Bramall Lane,David Coote,Informe del partido,1,1
184,19.0,Jue,2019-12-26,15:00,Everton,1.4,0.3,Burnley,39177.0,Goodison Park,Anthony Taylor,Informe del partido,1,0
185,19.0,Jue,2019-12-26,15:00,Chelsea,0.7,1.1,Southampton,40651.0,Stamford Bridge,Jonathan Moss,Informe del partido,0,2
186,19.0,Jue,2019-12-26,17:30,Manchester Utd,1.9,0.8,Newcastle Utd,73206.0,Old Trafford,Kevin Friend,Informe del partido,4,1
187,19.0,Jue,2019-12-26,20:00,Leicester City,0.1,3.2,Liverpool,32211.0,King Power Stadium,Michael Oliver,Informe del partido,0,4
188,19.0,Vie,2019-12-27,19:45,Wolves,2.6,1.5,Manchester City,31737.0,Molineux Stadium,Martin Atkinson,Informe del partido,3,2
189,20.0,Sáb,2019-12-28,12:30,Brighton,0.8,0.5,Bournemouth,30441.0,The American Express Community Stadium,Paul Tierney,Informe del partido,2,0
190,20.0,Sáb,2019-12-28,15:00,Watford,2.8,0.6,Aston Villa,21348.0,Vicarage Road Stadium,Simon Hooper,Informe del partido,3,0
191,20.0,Sáb,2019-12-28,15:00,Newcastle Utd,1.8,2.9,Everton,52211.0,St. James' Park,Lee Mason,Informe del partido,1,2
192,20.0,Sáb,2019-12-28,15:00,Southampton,1.4,0.3,Crystal Palace,31108.0,St. Mary's Stadium,Andy Madley,Informe del partido,1,1
193,20.0,Sáb,2019-12-28,17:30,West Ham,1.0,2.5,Leicester City,59919.0,London Stadium,David Coote,Informe del partido,1,2
194,20.0,Sáb,2019-12-28,17:30,Norwich City,0.2,1.9,Tottenham,27072.0,Carrow Road,Kevin Friend,Informe del partido,2,2
195,20.0,Sáb,2019-12-28,19:45,Burnley,0.5,2.2,Manchester Utd,21924.0,Turf Moor,Mike Dean,Informe del partido,0,2
196,20.0,Dom,2019-12-29,14:00,Arsenal,0.5,1.4,Chelsea,60309.0,Emirates Stadium,Craig Pawson,Informe del partido,1,2
197,20.0,Dom,2019-12-29,16:30,Liverpool,1.2,0.5,Wolves,53326.0,Anfield,Anthony Taylor,Informe del partido,1,0
198,20.0,Dom,2019-12-29,18:00,Manchester City,1.1,1.1,Sheffield Utd,54512.0,Etihad Stadium,Chris Kavanagh,Informe del partido,2,0
199,21.0,Mié,2020-01-01,12:30,Brighton,1.3,1.3,Chelsea,30559.0,The American Express Community Stadium,Stuart Attwell,Informe del partido,1,1
200,21.0,Mié,2020-01-01,12:30,Burnley,2.2,1.3,Aston Villa,19561.0,Turf Moor,Michael Oliver,Informe del partido,1,2
201,21.0,Mié,2020-01-01,15:00,Newcastle Utd,0.7,2.6,Leicester City,52178.0,St. James' Park,Martin Atkinson,Informe del partido,0,3
202,21.0,Mié,2020-01-01,15:00,Southampton,1.3,0.9,Tottenham,30976.0,St. Mary's Stadium,Mike Dean,Informe del partido,1,0
203,21.0,Mié,2020-01-01,15:00,Watford,1.1,1.2,Wolves,20584.0,Vicarage Road Stadium,Andy Madley,Informe del partido,2,1
204,21.0,Mié,2020-01-01,17:30,Norwich City,1.4,1.3,Crystal Palace,27021.0,Carrow Road,Jonathan Moss,Informe del partido,1,1
205,21.0,Mié,2020-01-01,17:30,West Ham,2.4,0.6,Bournemouth,59917.0,London Stadium,Graham Scott,Informe del partido,4,0
206,21.0,Mié,2020-01-01,17:30,Manchester City,1.5,1.0,Everton,54407.0,Etihad Stadium,Andre Marriner,Informe del partido,2,1
207,21.0,Mié,2020-01-01,20:00,Arsenal,1.5,0.7,Manchester Utd,60328.0,Emirates Stadium,Chris Kavanagh,Informe del partido,2,0
208,21.0,Jue,2020-01-02,20:00,Liverpool,2.8,0.6,Sheffield Utd,53321.0,Anfield,Paul Tierney,Informe del partido,2,0
209,22.0,Vie,2020-01-10,20:00,Sheffield Utd,1.4,0.7,West Ham,30124.0,Bramall Lane,Michael Oliver,Informe del partido,1,0
210,22.0,Sáb,2020-01-11,12:30,Crystal Palace,0.6,1.4,Arsenal,25468.0,Selhurst Park,Paul Tierney,Informe del partido,1,1
211,22.0,Sáb,2020-01-11,15:00,Chelsea,2.7,0.8,Burnley,40396.0,Stamford Bridge,Kevin Friend,Informe del partido,3,0
212,22.0,Sáb,2020-01-11,15:00,Everton,1.7,1.3,Brighton,38772.0,Goodison Park,David Coote,Informe del partido,1,0
213,22.0,Sáb,2020-01-11,15:00,Leicester City,0.7,2.1,Southampton,32115.0,King Power Stadium,Lee Mason,Informe del partido,1,2
214,22.0,Sáb,2020-01-11,15:00,Wolves,1.6,0.2,Newcastle Utd,31570.0,Molineux Stadium,Peter Bankes,Informe del partido,1,1
215,22.0,Sáb,2020-01-11,15:00,Manchester Utd,2.9,0.3,Norwich City,73271.0,Old Trafford,Anthony Taylor,Informe del partido,4,0
216,22.0,Sáb,2020-01-11,17:30,Tottenham,1.2,1.2,Liverpool,61023.0,Tottenham Hotspur Stadium,Martin Atkinson,Informe del partido,0,1
217,22.0,Dom,2020-01-12,14:00,Bournemouth,0.4,2.0,Watford,10384.0,Vitality Stadium,Mike Dean,Informe del partido,0,3
218,22.0,Dom,2020-01-12,16:30,Aston Villa,1.1,2.8,Manchester City,41823.0,Villa Park,Jonathan Moss,Informe del partido,1,6
219,23.0,Sáb,2020-01-18,12:30,Watford,2.5,1.9,Tottenham,21366.0,Vicarage Road Stadium,Michael Oliver,Informe del partido,0,0
220,23.0,Sáb,2020-01-18,15:00,Arsenal,1.4,0.8,Sheffield Utd,60310.0,Emirates Stadium,Mike Dean,Informe del partido,1,1
221,23.0,Sáb,2020-01-18,15:00,Norwich City,1.8,0.7,Bournemouth,26781.0,Carrow Road,Paul Tierney,Informe del partido,1,0
222,23.0,Sáb,2020-01-18,15:00,Manchester City,2.6,0.4,Crystal Palace,54439.0,Etihad Stadium,Graham Scott,Informe del partido,2,2
223,23.0,Sáb,2020-01-18,15:00,Southampton,0.7,2.4,Wolves,31152.0,St. Mary's Stadium,Darren England,Informe del partido,2,3
224,23.0,Sáb,2020-01-18,15:00,Brighton,1.1,0.6,Aston Villa,30551.0,The American Express Community Stadium,Andy Madley,Informe del partido,1,1
225,23.0,Sáb,2020-01-18,15:00,West Ham,1.3,1.7,Everton,59915.0,London Stadium,Andre Marriner,Informe del partido,1,1
226,23.0,Sáb,2020-01-18,17:30,Newcastle Utd,0.6,2.4,Chelsea,52217.0,St. James' Park,Chris Kavanagh,Informe del partido,1,0
227,23.0,Dom,2020-01-19,14:00,Burnley,1.4,2.5,Leicester City,19788.0,Turf Moor,Anthony Taylor,Informe del partido,2,1
228,23.0,Dom,2020-01-19,16:30,Liverpool,1.9,1.3,Manchester Utd,52916.0,Anfield,Craig Pawson,Informe del partido,2,0
229,24.0,Mar,2020-01-21,19:30,Crystal Palace,0.6,1.1,Southampton,23739.0,Selhurst Park,Andre Marriner,Informe del partido,0,2
230,24.0,Mar,2020-01-21,19:30,Everton,1.8,1.3,Newcastle Utd,38822.0,Goodison Park,Simon Hooper,Informe del partido,2,2
231,24.0,Mar,2020-01-21,19:30,Aston Villa,1.3,1.8,Watford,40867.0,Villa Park,Martin Atkinson,Informe del partido,2,1
232,24.0,Mar,2020-01-21,19:30,Sheffield Utd,0.8,2.8,Manchester City,31285.0,Bramall Lane,Lee Mason,Informe del partido,0,1
233,24.0,Mar,2020-01-21,19:30,Bournemouth,1.4,1.8,Brighton,10065.0,Vitality Stadium,Kevin Friend,Informe del partido,3,1
234,24.0,Mar,2020-01-21,20:15,Chelsea,2.9,0.4,Arsenal,40577.0,Stamford Bridge,Stuart Attwell,Informe del partido,2,2
235,24.0,Mié,2020-01-22,19:30,Leicester City,2.8,1.6,West Ham,31968.0,King Power Stadium,David Coote,Informe del partido,4,1
236,24.0,Mié,2020-01-22,19:30,Tottenham,2.1,1.5,Norwich City,58182.0,Tottenham Hotspur Stadium,Chris Kavanagh,Informe del partido,2,1
237,24.0,Mié,2020-01-22,20:15,Manchester Utd,1.4,0.6,Burnley,73198.0,Old Trafford,Jonathan Moss,Informe del partido,0,2
238,24.0,Jue,2020-01-23,20:00,Wolves,1.8,1.1,Liverpool,31746.0,Molineux Stadium,Michael Oliver,Informe del partido,1,2
239,18.0,Mié,2020-01-29,19:45,West Ham,0.7,2.8,Liverpool,59959.0,London Stadium,Jonathan Moss,Informe del partido,0,2
240,25.0,Sáb,2020-02-01,12:30,Leicester City,1.4,0.6,Chelsea,32186.0,King Power Stadium,Lee Mason,Informe del partido,2,2
241,25.0,Sáb,2020-02-01,15:00,West Ham,0.8,1.9,Brighton,59952.0,London Stadium,Michael Oliver,Informe del partido,3,3
242,25.0,Sáb,2020-02-01,15:00,Watford,0.9,2.2,Everton,21229.0,Vicarage Road Stadium,Craig Pawson,Informe del partido,2,3
243,25.0,Sáb,2020-02-01,15:00,Crystal Palace,0.8,0.7,Sheffield Utd,25170.0,Selhurst Park,Andy Madley,Informe del partido,0,1
244,25.0,Sáb,2020-02-01,15:00,Liverpool,3.2,0.8,Southampton,53291.0,Anfield,Kevin Friend,Informe del partido,4,0
245,25.0,Sáb,2020-02-01,15:00,Bournemouth,2.2,1.7,Aston Villa,10722.0,Vitality Stadium,Anthony Taylor,Informe del partido,2,1
246,25.0,Sáb,2020-02-01,15:00,Newcastle Utd,1.0,2.2,Norwich City,52204.0,St. James' Park,Martin Atkinson,Informe del partido,0,0
247,25.0,Sáb,2020-02-01,17:30,Manchester Utd,1.0,1.3,Wolves,73363.0,Old Trafford,Paul Tierney,Informe del partido,0,0
248,25.0,Dom,2020-02-02,14:00,Burnley,1.9,1.2,Arsenal,21048.0,Turf Moor,Chris Kavanagh,Informe del partido,0,0
249,25.0,Dom,2020-02-02,16:30,Tottenham,0.3,2.4,Manchester City,61022.0,Tottenham Hotspur Stadium,Mike Dean,Informe del partido,2,0
250,26.0,Sáb,2020-02-08,12:30,Everton,2.5,1.1,Crystal Palace,38987.0,Goodison Park,David Coote,Informe del partido,3,1
251,26.0,Sáb,2020-02-08,17:30,Brighton,0.8,0.2,Watford,30443.0,The American Express Community Stadium,Kevin Friend,Informe del partido,1,1
252,26.0,Dom,2020-02-09,14:00,Sheffield Utd,1.9,1.4,Bournemouth,30361.0,Bramall Lane,Jonathan Moss,Informe del partido,2,1
253,26.0,Vie,2020-02-14,20:00,Wolves,1.0,0.7,Leicester City,31682.0,Molineux Stadium,Mike Dean,Informe del partido,0,0
254,26.0,Sáb,2020-02-15,12:30,Southampton,0.8,0.8,Burnley,26302.0,St. Mary's Stadium,Simon Hooper,Informe del partido,1,2
255,26.0,Sáb,2020-02-15,17:30,Norwich City,0.3,2.0,Liverpool,27110.0,Carrow Road,Stuart Attwell,Informe del partido,0,1
256,26.0,Dom,2020-02-16,14:00,Aston Villa,1.8,3.4,Tottenham,41874.0,Villa Park,Martin Atkinson,Informe del partido,2,3
257,26.0,Dom,2020-02-16,16:30,Arsenal,2.6,0.9,Newcastle Utd,60188.0,Emirates Stadium,Lee Mason,Informe del partido,4,0
258,26.0,Lun,2020-02-17,20:00,Chelsea,0.9,0.6,Manchester Utd,40504.0,Stamford Bridge,Anthony Taylor,Informe del partido,0,2
259,26.0,Mié,2020-02-19,19:30,Manchester City,2.1,0.1,West Ham,52159.0,Etihad Stadium,Kevin Friend,Informe del partido,2,0
260,27.0,Sáb,2020-02-22,12:30,Chelsea,1.7,0.2,Tottenham,40608.0,Stamford Bridge,Michael Oliver,Informe del partido,2,1
261,27.0,Sáb,2020-02-22,15:00,Crystal Palace,1.6,0.2,Newcastle Utd,25486.0,Selhurst Park,Peter Bankes,Informe del partido,1,0
262,27.0,Sáb,2020-02-22,15:00,Southampton,2.6,0.5,Aston Villa,31478.0,St. Mary's Stadium,Craig Pawson,Informe del partido,2,0
263,27.0,Sáb,2020-02-22,15:00,Burnley,3.2,1.8,Bournemouth,18227.0,Turf Moor,Mike Dean,Informe del partido,3,0
264,27.0,Sáb,2020-02-22,15:00,Sheffield Utd,1.6,1.2,Brighton,31888.0,Bramall Lane,Graham Scott,Informe del partido,1,1
265,27.0,Sáb,2020-02-22,17:30,Leicester City,0.8,2.4,Manchester City,32068.0,King Power Stadium,Paul Tierney,Informe del partido,0,1
266,27.0,Dom,2020-02-23,14:00,Wolves,2.9,0.4,Norwich City,31046.0,Molineux Stadium,Chris Kavanagh,Informe del partido,3,0
267,27.0,Dom,2020-02-23,14:00,Manchester Utd,2.4,0.3,Watford,73347.0,Old Trafford,Martin Atkinson,Informe del partido,3,0
268,27.0,Dom,2020-02-23,16:30,Arsenal,1.3,2.7,Everton,60296.0,Emirates Stadium,Stuart Attwell,Informe del partido,3,2
269,27.0,Lun,2020-02-24,20:00,Liverpool,2.4,0.7,West Ham,53313.0,Anfield,Jonathan Moss,Informe del partido,3,2
270,28.0,Vie,2020-02-28,20:00,Norwich City,0.6,1.3,Leicester City,27010.0,Carrow Road,Craig Pawson,Informe del partido,1,0
271,28.0,Sáb,2020-02-29,12:30,Brighton,2.2,2.5,Crystal Palace,30124.0,The American Express Community Stadium,Martin Atkinson,Informe del partido,0,1
272,28.0,Sáb,2020-02-29,15:00,West Ham,2.3,0.7,Southampton,59962.0,London Stadium,Anthony Taylor,Informe del partido,3,1
273,28.0,Sáb,2020-02-29,15:00,Bournemouth,1.4,1.9,Chelsea,10667.0,Vitality Stadium,Andre Marriner,Informe del partido,2,2
274,28.0,Sáb,2020-02-29,15:00,Newcastle Utd,1.1,0.7,Burnley,52219.0,St. James' Park,Andy Madley,Informe del partido,0,0
275,28.0,Sáb,2020-02-29,17:30,Watford,2.3,0.3,Liverpool,21634.0,Vicarage Road Stadium,Michael Oliver,Informe del partido,3,0
276,28.0,Dom,2020-03-01,14:00,Tottenham,1.7,2.6,Wolves,58064.0,Tottenham Hotspur Stadium,Stuart Attwell,Informe del partido,2,3
277,28.0,Dom,2020-03-01,14:00,Everton,2.1,1.1,Manchester Utd,39374.0,Goodison Park,Chris Kavanagh,Informe del partido,1,1
278,29.0,Sáb,2020-03-07,12:30,Liverpool,1.8,1.4,Bournemouth,53323.0,Anfield,Paul Tierney,Informe del partido,2,1
279,29.0,Sáb,2020-03-07,15:00,Wolves,0.8,0.3,Brighton,31490.0,Molineux Stadium,Andre Marriner,Informe del partido,0,0
280,29.0,Sáb,2020-03-07,15:00,Crystal Palace,0.8,0.6,Watford,25461.0,Selhurst Park,Anthony Taylor,Informe del partido,1,0
281,29.0,Sáb,2020-03-07,15:00,Southampton,0.6,2.8,Newcastle Utd,30096.0,St. Mary's Stadium,Graham Scott,Informe del partido,0,1
282,29.0,Sáb,2020-03-07,15:00,Arsenal,1.2,1.5,West Ham,60335.0,Emirates Stadium,Martin Atkinson,Informe del partido,1,0
283,29.0,Sáb,2020-03-07,15:00,Sheffield Utd,0.9,2.4,Norwich City,31379.0,Bramall Lane,Simon Hooper,Informe del partido,1,0
284,29.0,Sáb,2020-03-07,17:30,Burnley,3.0,1.2,Tottenham,20496.0,Turf Moor,Jonathan Moss,Informe del partido,1,1
285,29.0,Dom,2020-03-08,14:00,Chelsea,1.8,0.5,Everton,40694.0,Stamford Bridge,Kevin Friend,Informe del partido,4,0
286,29.0,Dom,2020-03-08,16:30,Manchester Utd,1.6,0.6,Manchester City,73288.0,Old Trafford,Mike Dean,Informe del partido,2,0
287,29.0,Lun,2020-03-09,20:00,Leicester City,2.1,0.5,Aston Villa,32125.0,King Power Stadium,Michael Oliver,Informe del partido,4,0
288,28.0,Mié,2020-06-17,18:00,Aston Villa,1.4,0.3,Sheffield Utd,,Villa Park,Michael Oliver,Informe del partido,0,0
289,28.0,Mié,2020-06-17,20:15,Manchester City,2.6,0.3,Arsenal,,Etihad Stadium,Anthony Taylor,Informe del partido,3,0
290,30.0,Vie,2020-06-19,18:00,Norwich City,0.6,1.7,Southampton,,Carrow Road,Kevin Friend,Informe del partido,0,3
291,30.0,Vie,2020-06-19,20:15,Tottenham,0.4,1.7,Manchester Utd,,Tottenham Hotspur Stadium,Jonathan Moss,Informe del partido,1,1
292,30.0,Sáb,2020-06-20,12:30,Watford,1.3,1.0,Leicester City,,Vicarage Road Stadium,Craig Pawson,Informe del partido,1,1
293,30.0,Sáb,2020-06-20,15:00,Brighton,1.0,0.8,Arsenal,,The American Express Community Stadium,Martin Atkinson,Informe del partido,2,1
294,30.0,Sáb,2020-06-20,17:30,West Ham,0.5,1.0,Wolves,,London Stadium,Anthony Taylor,Informe del partido,0,2
295,30.0,Sáb,2020-06-20,19:45,Bournemouth,0.5,0.8,Crystal Palace,,Vitality Stadium,Stuart Attwell,Informe del partido,0,2
296,30.0,Dom,2020-06-21,14:00,Newcastle Utd,2.0,0.6,Sheffield Utd,,St. James' Park,David Coote,Informe del partido,3,0
297,30.0,Dom,2020-06-21,16:15,Aston Villa,1.0,1.1,Chelsea,,Villa Park,Paul Tierney,Informe del partido,1,2
298,30.0,Dom,2020-06-21,19:00,Everton,0.9,0.7,Liverpool,,Goodison Park,Mike Dean,Informe del partido,0,0
299,30.0,Lun,2020-06-22,20:00,Manchester City,2.4,0.0,Burnley,,Etihad Stadium,Andre Marriner,Informe del partido,5,0
300,31.0,Mar,2020-06-23,18:00,Leicester City,0.6,1.1,Brighton,,King Power Stadium,Lee Mason,Informe del partido,0,0
301,31.0,Mar,2020-06-23,20:15,Tottenham,2.3,1.2,West Ham,,Tottenham Hotspur Stadium,Craig Pawson,Informe del partido,2,0
302,31.0,Mié,2020-06-24,18:00,Norwich City,0.4,0.8,Everton,,Carrow Road,Andy Madley,Informe del partido,0,1
303,31.0,Mié,2020-06-24,18:00,Wolves,1.7,0.1,Bournemouth,,Molineux Stadium,Michael Oliver,Informe del partido,1,0
304,31.0,Mié,2020-06-24,18:00,Manchester Utd,2.4,0.1,Sheffield Utd,,Old Trafford,Anthony Taylor,Informe del partido,3,0
305,31.0,Mié,2020-06-24,18:00,Newcastle Utd,0.9,1.6,Aston Villa,,St. James' Park,Chris Kavanagh,Informe del partido,1,1
306,31.0,Mié,2020-06-24,20:15,Liverpool,2.4,0.1,Crystal Palace,,Anfield,Martin Atkinson,Informe del partido,4,0
307,31.0,Jue,2020-06-25,18:00,Southampton,0.9,1.9,Arsenal,,St. Mary's Stadium,Graham Scott,Informe del partido,0,2
308,31.0,Jue,2020-06-25,18:00,Burnley,0.9,0.7,Watford,,Turf Moor,Mike Dean,Informe del partido,1,0
309,31.0,Jue,2020-06-25,20:15,Chelsea,3.2,0.8,Manchester City,,Stamford Bridge,Stuart Attwell,Informe del partido,2,1
310,32.0,Sáb,2020-06-27,12:30,Aston Villa,0.6,0.7,Wolves,,Villa Park,Craig Pawson,Informe del partido,0,1
311,32.0,Dom,2020-06-28,16:30,Watford,0.5,1.3,Southampton,,Vicarage Road Stadium,Michael Oliver,Informe del partido,1,3
312,32.0,Lun,2020-06-29,20:00,Crystal Palace,0.9,0.4,Burnley,,Selhurst Park,Simon Hooper,Informe del partido,0,1
313,32.0,Mar,2020-06-30,20:15,Brighton,0.4,1.0,Manchester Utd,,The American Express Community Stadium,Andre Marriner,Informe del partido,0,3
314,32.0,Mié,2020-07-01,18:00,Bournemouth,1.6,1.8,Newcastle Utd,,Vitality Stadium,Kevin Friend,Informe del partido,1,4
315,32.0,Mié,2020-07-01,18:00,Everton,1.2,1.8,Leicester City,,Goodison Park,David Coote,Informe del partido,2,1
316,32.0,Mié,2020-07-01,18:00,Arsenal,1.5,0.3,Norwich City,,Emirates Stadium,Peter Bankes,Informe del partido,4,0
317,32.0,Mié,2020-07-01,20:15,West Ham,2.2,1.6,Chelsea,,London Stadium,Martin Atkinson,Informe del partido,3,2
318,32.0,Jue,2020-07-02,18:00,Sheffield Utd,1.6,1.1,Tottenham,,Bramall Lane,Chris Kavanagh,Informe del partido,3,1
319,32.0,Jue,2020-07-02,20:15,Manchester City,2.4,1.1,Liverpool,,Etihad Stadium,Anthony Taylor,Informe del partido,4,0
320,33.0,Sáb,2020-07-04,12:30,Norwich City,0.6,1.0,Brighton,,Carrow Road,Stuart Attwell,Informe del partido,0,1
321,33.0,Sáb,2020-07-04,15:00,Leicester City,2.8,0.8,Crystal Palace,,King Power Stadium,Jonathan Moss,Informe del partido,3,0
322,33.0,Sáb,2020-07-04,15:00,Manchester Utd,2.5,1.8,Bournemouth,,Old Trafford,Mike Dean,Informe del partido,5,2
323,33.0,Sáb,2020-07-04,17:30,Wolves,1.2,1.3,Arsenal,,Molineux Stadium,Michael Oliver,Informe del partido,0,2
324,33.0,Sáb,2020-07-04,20:00,Chelsea,2.5,0.6,Watford,,Stamford Bridge,Kevin Friend,Informe del partido,3,0
325,33.0,Dom,2020-07-05,12:00,Burnley,1.3,1.1,Sheffield Utd,,Turf Moor,Peter Bankes,Informe del partido,1,1
326,33.0,Dom,2020-07-05,14:15,Newcastle Utd,1.4,2.1,West Ham,,St. James' Park,Craig Pawson,Informe del partido,2,2
327,33.0,Dom,2020-07-05,16:30,Liverpool,0.7,0.7,Aston Villa,,Anfield,Paul Tierney,Informe del partido,2,0
328,33.0,Dom,2020-07-05,19:00,Southampton,0.6,3.2,Manchester City,,St. Mary's Stadium,Andre Marriner,Informe del partido,1,0
329,33.0,Lun,2020-07-06,20:00,Tottenham,0.5,0.5,Everton,,Tottenham Hotspur Stadium,Graham Scott,Informe del partido,1,0
330,34.0,Mar,2020-07-07,18:00,Crystal Palace,1.5,1.9,Chelsea,,Selhurst Park,David Coote,Informe del partido,2,3
331,34.0,Mar,2020-07-07,18:00,Watford,1.2,1.2,Norwich City,,Vicarage Road Stadium,Anthony Taylor,Informe del partido,2,1
332,34.0,Mar,2020-07-07,20:15,Arsenal,1.1,0.9,Leicester City,,Emirates Stadium,Chris Kavanagh,Informe del partido,1,1
333,34.0,Mié,2020-07-08,18:00,Manchester City,2.8,0.3,Newcastle Utd,,Etihad Stadium,Andy Madley,Informe del partido,5,0
334,34.0,Mié,2020-07-08,18:00,West Ham,1.6,0.9,Burnley,,London Stadium,Michael Oliver,Informe del partido,0,1
335,34.0,Mié,2020-07-08,18:00,Sheffield Utd,0.5,0.4,Wolves,,Bramall Lane,Martin Atkinson,Informe del partido,1,0
336,34.0,Mié,2020-07-08,20:15,Brighton,2.4,2.5,Liverpool,,The American Express Community Stadium,Craig Pawson,Informe del partido,1,3
337,34.0,Jue,2020-07-09,18:00,Everton,1.0,2.4,Southampton,,Goodison Park,Lee Mason,Informe del partido,1,1
338,34.0,Jue,2020-07-09,18:00,Bournemouth,1.4,0.5,Tottenham,,Vitality Stadium,Paul Tierney,Informe del partido,0,0
339,34.0,Jue,2020-07-09,20:15,Aston Villa,0.5,2.3,Manchester Utd,,Villa Park,Jonathan Moss,Informe del partido,0,3
340,35.0,Sáb,2020-07-11,12:30,Norwich City,0.6,3.5,West Ham,,Carrow Road,Kevin Friend,Informe del partido,0,4
341,35.0,Sáb,2020-07-11,12:30,Watford,3.4,1.3,Newcastle Utd,,Vicarage Road Stadium,Craig Pawson,Informe del partido,2,1
342,35.0,Sáb,2020-07-11,15:00,Liverpool,1.7,0.4,Burnley,,Anfield,David Coote,Informe del partido,1,1
343,35.0,Sáb,2020-07-11,17:30,Sheffield Utd,2.3,1.2,Chelsea,,Bramall Lane,Andre Marriner,Informe del partido,3,0
344,35.0,Sáb,2020-07-11,20:00,Brighton,0.2,4.4,Manchester City,,The American Express Community Stadium,Graham Scott,Informe del partido,0,5
345,35.0,Dom,2020-07-12,12:00,Wolves,2.6,0.3,Everton,,Molineux Stadium,Anthony Taylor,Informe del partido,3,0
346,35.0,Dom,2020-07-12,14:15,Aston Villa,1.7,1.2,Crystal Palace,,Villa Park,Martin Atkinson,Informe del partido,2,0
347,35.0,Dom,2020-07-12,16:30,Tottenham,2.0,0.6,Arsenal,,Tottenham Hotspur Stadium,Michael Oliver,Informe del partido,2,1
348,35.0,Dom,2020-07-12,19:00,Bournemouth,2.5,1.5,Leicester City,,Vitality Stadium,Stuart Attwell,Informe del partido,4,1
349,35.0,Lun,2020-07-13,20:00,Manchester Utd,1.5,1.6,Southampton,,Old Trafford,Chris Kavanagh,Informe del partido,2,2
350,36.0,Mar,2020-07-14,20:15,Chelsea,2.5,0.1,Norwich City,,Stamford Bridge,Jonathan Moss,Informe del partido,1,0
351,36.0,Mié,2020-07-15,18:00,Newcastle Utd,1.1,1.5,Tottenham,,St. James' Park,David Coote,Informe del partido,1,3
352,36.0,Mié,2020-07-15,18:00,Burnley,1.9,1.2,Wolves,,Turf Moor,Mike Dean,Informe del partido,1,1
353,36.0,Mié,2020-07-15,18:00,Manchester City,0.7,1.6,Bournemouth,,Etihad Stadium,Lee Mason,Informe del partido,2,1
354,36.0,Mié,2020-07-15,20:15,Arsenal,0.8,2.1,Liverpool,,Emirates Stadium,Paul Tierney,Informe del partido,2,1
355,36.0,Jue,2020-07-16,18:00,Leicester City,2.6,0.7,Sheffield Utd,,King Power Stadium,Michael Oliver,Informe del partido,2,0
356,36.0,Jue,2020-07-16,18:00,Everton,0.9,1.3,Aston Villa,,Goodison Park,Anthony Taylor,Informe del partido,1,1
357,36.0,Jue,2020-07-16,20:15,Crystal Palace,0.6,2.2,Manchester Utd,,Selhurst Park,Graham Scott,Informe del partido,0,2
358,36.0,Jue,2020-07-16,20:15,Southampton,2.5,0.7,Brighton,,St. Mary's Stadium,Andre Marriner,Informe del partido,1,1
359,36.0,Vie,2020-07-17,20:00,West Ham,0.9,1.5,Watford,,London Stadium,Martin Atkinson,Informe del partido,3,1
360,37.0,Sáb,2020-07-18,17:30,Norwich City,0.3,1.8,Burnley,,Carrow Road,Kevin Friend,Informe del partido,0,2
361,37.0,Dom,2020-07-19,14:00,Bournemouth,0.5,2.5,Southampton,,Vitality Stadium,Craig Pawson,Informe del partido,0,2
362,37.0,Dom,2020-07-19,16:00,Tottenham,0.8,1.7,Leicester City,,Tottenham Hotspur Stadium,Anthony Taylor,Informe del partido,3,0
363,37.0,Lun,2020-07-20,18:00,Brighton,0.8,0.9,Newcastle Utd,,The American Express Community Stadium,Simon Hooper,Informe del partido,0,0
364,37.0,Lun,2020-07-20,18:00,Sheffield Utd,0.5,0.4,Everton,,Bramall Lane,Stuart Attwell,Informe del partido,0,1
365,37.0,Lun,2020-07-20,20:15,Wolves,1.5,0.4,Crystal Palace,,Molineux Stadium,Peter Bankes,Informe del partido,2,0
366,37.0,Mar,2020-07-21,18:00,Watford,0.1,3.3,Manchester City,,Vicarage Road Stadium,Michael Oliver,Informe del partido,0,4
367,37.0,Mar,2020-07-21,20:15,Aston Villa,0.6,0.6,Arsenal,,Villa Park,Chris Kavanagh,Informe del partido,1,0
368,37.0,Mié,2020-07-22,18:00,Manchester Utd,0.6,1.5,West Ham,,Old Trafford,Paul Tierney,Informe del partido,1,1
369,37.0,Mié,2020-07-22,20:15,Liverpool,1.7,2.4,Chelsea,,Anfield,Andre Marriner,Informe del partido,5,3
370,38.0,Dom,2020-07-26,16:00,Everton,1.7,1.5,Bournemouth,,Goodison Park,Chris Kavanagh,Informe del partido,1,3
371,38.0,Dom,2020-07-26,16:00,Leicester City,0.8,1.3,Manchester Utd,,King Power Stadium,Martin Atkinson,Informe del partido,0,2
372,38.0,Dom,2020-07-26,16:00,Southampton,1.7,1.4,Sheffield Utd,,St. Mary's Stadium,Peter Bankes,Informe del partido,3,1
373,38.0,Dom,2020-07-26,16:00,Arsenal,2.3,3.7,Watford,,Emirates Stadium,Mike Dean,Informe del partido,3,2
374,38.0,Dom,2020-07-26,16:00,Crystal Palace,0.8,0.3,Tottenham,,Selhurst Park,Andre Marriner,Informe del partido,1,1
375,38.0,Dom,2020-07-26,16:00,Manchester City,3.2,1.0,Norwich City,,Etihad Stadium,Craig Pawson,Informe del partido,5,0
376,38.0,Dom,2020-07-26,16:00,Chelsea,1.4,0.2,Wolves,,Stamford Bridge,Stuart Attwell,Informe del partido,2,0
377,38.0,Dom,2020-07-26,16:00,West Ham,0.9,1.0,Aston Villa,,London Stadium,Michael Oliver,Informe del partido,1,1
378,38.0,Dom,2020-07-26,16:00,Newcastle Utd,0.1,0.6,Liverpool,,St. James' Park,Anthony Taylor,Informe del partido,1,3
379,38.0,Dom,2020-07-26,16:00,Burnley,1.7,1.2,Brighton,,Turf Moor,Jonathan Moss,Informe del partido,1,2
380,1.0,Sáb,2020-09-12,12:30,Fulham,0.1,1.9,Arsenal,,Craven Cottage,Chris Kavanagh,Informe del partido,0,3
381,1.0,Sáb,2020-09-12,15:00,Crystal Palace,1.1,0.9,Southampton,,Selhurst Park,Jonathan Moss,Informe del partido,1,0
382,1.0,Sáb,2020-09-12,17:30,Liverpool,2.7,0.3,Leeds United,,Anfield,Michael Oliver,Informe del partido,4,3
383,1.0,Sáb,2020-09-12,20:00,West Ham,1.0,1.6,Newcastle Utd,,London Stadium,Stuart Attwell,Informe del partido,0,2
384,1.0,Dom,2020-09-13,14:00,West Brom,0.4,2.8,Leicester City,,The Hawthorns,Anthony Taylor,Informe del partido,0,3
385,1.0,Dom,2020-09-13,16:30,Tottenham,1.1,1.2,Everton,,Tottenham Hotspur Stadium,Martin Atkinson,Informe del partido,0,1
386,1.0,Lun,2020-09-14,18:00,Sheffield Utd,1.0,1.4,Wolves,,Bramall Lane,Mike Dean,Informe del partido,0,2
387,1.0,Lun,2020-09-14,20:15,Brighton,1.1,1.2,Chelsea,,The American Express Community Stadium,Craig Pawson,Informe del partido,1,3
388,2.0,Sáb,2020-09-19,12:30,Everton,3.9,0.3,West Brom,,Goodison Park,Mike Dean,Informe del partido,5,2
389,2.0,Sáb,2020-09-19,15:00,Leeds United,1.4,1.7,Fulham,,Elland Road,Anthony Taylor,Informe del partido,4,3
390,2.0,Sáb,2020-09-19,17:30,Manchester Utd,1.2,1.6,Crystal Palace,,Old Trafford,Martin Atkinson,Informe del partido,1,3
391,2.0,Sáb,2020-09-19,20:00,Arsenal,1.1,2.0,West Ham,,Emirates Stadium,Michael Oliver,Informe del partido,2,1
392,2.0,Dom,2020-09-20,12:00,Southampton,2.0,2.1,Tottenham,,St. Mary's Stadium,David Coote,Informe del partido,2,5
393,2.0,Dom,2020-09-20,14:00,Newcastle Utd,0.5,1.8,Brighton,,St. James' Park,Kevin Friend,Informe del partido,0,3
394,2.0,Dom,2020-09-20,16:30,Chelsea,0.9,2.1,Liverpool,,Stamford Bridge,Paul Tierney,Informe del partido,0,2
395,2.0,Dom,2020-09-20,19:00,Leicester City,1.2,1.4,Burnley,,King Power Stadium,Lee Mason,Informe del partido,4,2
396,2.0,Lun,2020-09-21,18:00,Aston Villa,1.0,0.9,Sheffield Utd,,Villa Park,Graham Scott,Informe del partido,1,0
397,2.0,Lun,2020-09-21,20:15,Wolves,0.6,1.9,Manchester City,,Molineux Stadium,Andre Marriner,Informe del partido,1,3
398,3.0,Sáb,2020-09-26,12:30,Brighton,2.5,1.5,Manchester Utd,,The American Express Community Stadium,Chris Kavanagh,Informe del partido,2,3
399,3.0,Sáb,2020-09-26,15:00,Crystal Palace,0.4,1.9,Everton,,Selhurst Park,Kevin Friend,Informe del partido,1,2
400,3.0,Sáb,2020-09-26,17:30,West Brom,0.6,2.0,Chelsea,,The Hawthorns,Jonathan Moss,Informe del partido,3,3
401,3.0,Sáb,2020-09-26,20:00,Burnley,0.5,0.6,Southampton,,Turf Moor,Andre Marriner,Informe del partido,0,1
402,3.0,Dom,2020-09-27,12:00,Sheffield Utd,1.4,1.2,Leeds United,,Bramall Lane,Paul Tierney,Informe del partido,0,1
403,3.0,Dom,2020-09-27,14:00,Tottenham,2.9,1.0,Newcastle Utd,,Tottenham Hotspur Stadium,Peter Bankes,Informe del partido,1,1
404,3.0,Dom,2020-09-27,16:30,Manchester City,0.9,2.9,Leicester City,,Etihad Stadium,Michael Oliver,Informe del partido,2,5
405,3.0,Dom,2020-09-27,19:00,West Ham,2.4,0.5,Wolves,,London Stadium,Martin Atkinson,Informe del partido,4,0
406,3.0,Lun,2020-09-28,17:45,Fulham,0.7,1.4,Aston Villa,,Craven Cottage,Stuart Attwell,Informe del partido,0,3
407,3.0,Lun,2020-09-28,20:00,Liverpool,2.7,1.3,Arsenal,,Anfield,Craig Pawson,Informe del partido,3,1
408,4.0,Sáb,2020-10-03,12:30,Chelsea,2.7,0.2,Crystal Palace,,Stamford Bridge,Michael Oliver,Informe del partido,4,0
409,4.0,Sáb,2020-10-03,15:00,Everton,1.6,1.3,Brighton,,Goodison Park,Simon Hooper,Informe del partido,4,2
410,4.0,Sáb,2020-10-03,17:30,Leeds United,2.4,1.2,Manchester City,,Elland Road,Mike Dean,Informe del partido,1,1
411,4.0,Sáb,2020-10-03,20:00,Newcastle Utd,1.8,0.4,Burnley,,St. James' Park,David Coote,Informe del partido,3,1
412,4.0,Dom,2020-10-04,12:00,Southampton,1.2,0.2,West Brom,,St. Mary's Stadium,Chris Kavanagh,Informe del partido,2,0
413,4.0,Dom,2020-10-04,12:00,Leicester City,0.6,2.0,West Ham,,King Power Stadium,Andy Madley,Informe del partido,0,3
414,4.0,Dom,2020-10-04,14:00,Arsenal,0.6,0.2,Sheffield Utd,,Emirates Stadium,Lee Mason,Informe del partido,2,1
415,4.0,Dom,2020-10-04,14:00,Wolves,1.2,0.9,Fulham,,Molineux Stadium,Darren England,Informe del partido,1,0
416,4.0,Dom,2020-10-04,16:30,Manchester Utd,0.9,3.4,Tottenham,,Old Trafford,Anthony Taylor,Informe del partido,1,6
417,4.0,Dom,2020-10-04,19:15,Aston Villa,2.7,1.8,Liverpool,,Villa Park,Martin Atkinson,Informe del partido,7,2
418,5.0,Sáb,2020-10-17,12:30,Everton,1.2,2.6,Liverpool,,Goodison Park,Michael Oliver,Informe del partido,2,2
419,5.0,Sáb,2020-10-17,15:00,Chelsea,1.8,1.9,Southampton,,Stamford Bridge,Peter Bankes,Informe del partido,3,3
420,5.0,Sáb,2020-10-17,17:30,Manchester City,1.3,0.9,Arsenal,,Etihad Stadium,Chris Kavanagh,Informe del partido,1,0
421,5.0,Sáb,2020-10-17,20:00,Newcastle Utd,0.9,2.3,Manchester Utd,,St. James' Park,Craig Pawson,Informe del partido,1,4
422,5.0,Dom,2020-10-18,12:00,Sheffield Utd,1.7,1.5,Fulham,,Bramall Lane,Andre Marriner,Informe del partido,1,1
423,5.0,Dom,2020-10-18,14:00,Crystal Palace,0.8,1.7,Brighton,,Selhurst Park,Stuart Attwell,Informe del partido,1,1
424,5.0,Dom,2020-10-18,16:30,Tottenham,1.7,1.9,West Ham,,Tottenham Hotspur Stadium,Paul Tierney,Informe del partido,3,3
425,5.0,Dom,2020-10-18,19:15,Leicester City,0.6,0.7,Aston Villa,,King Power Stadium,Jonathan Moss,Informe del partido,0,1
426,5.0,Lun,2020-10-19,17:30,West Brom,0.8,1.1,Burnley,,The Hawthorns,Anthony Taylor,Informe del partido,0,0
427,5.0,Lun,2020-10-19,20:00,Leeds United,1.0,0.4,Wolves,,Elland Road,David Coote,Informe del partido,0,1
428,6.0,Vie,2020-10-23,20:00,Aston Villa,1.4,2.7,Leeds United,,Villa Park,Paul Tierney,Informe del partido,0,3
429,6.0,Sáb,2020-10-24,12:30,West Ham,0.3,1.0,Manchester City,,London Stadium,Anthony Taylor,Informe del partido,1,1
430,6.0,Sáb,2020-10-24,15:00,Fulham,1.1,2.5,Crystal Palace,,Craven Cottage,Graham Scott,Informe del partido,1,2
431,6.0,Sáb,2020-10-24,17:30,Manchester Utd,0.6,0.2,Chelsea,,Old Trafford,Martin Atkinson,Informe del partido,0,0
432,6.0,Sáb,2020-10-24,20:00,Liverpool,2.3,1.6,Sheffield Utd,,Anfield,Mike Dean,Informe del partido,2,1
433,6.0,Dom,2020-10-25,14:00,Southampton,0.7,0.4,Everton,,St. Mary's Stadium,Kevin Friend,Informe del partido,2,0
434,6.0,Dom,2020-10-25,16:30,Wolves,0.7,0.3,Newcastle Utd,,Molineux Stadium,Lee Mason,Informe del partido,1,1
435,6.0,Dom,2020-10-25,19:15,Arsenal,0.7,0.7,Leicester City,,Emirates Stadium,Craig Pawson,Informe del partido,0,1
436,6.0,Lun,2020-10-26,17:30,Brighton,0.5,0.4,West Brom,,The American Express Community Stadium,Jonathan Moss,Informe del partido,1,1
437,6.0,Lun,2020-10-26,20:00,Burnley,1.0,0.6,Tottenham,,Turf Moor,Michael Oliver,Informe del partido,0,1
438,7.0,Vie,2020-10-30,20:00,Wolves,1.3,0.7,Crystal Palace,,Molineux Stadium,Martin Atkinson,Informe del partido,2,0
439,7.0,Sáb,2020-10-31,12:30,Sheffield Utd,0.5,1.6,Manchester City,,Bramall Lane,Michael Oliver,Informe del partido,0,1
440,7.0,Sáb,2020-10-31,15:00,Burnley,0.5,0.9,Chelsea,,Turf Moor,David Coote,Informe del partido,0,3
441,7.0,Sáb,2020-10-31,17:30,Liverpool,1.7,0.3,West Ham,,Anfield,Kevin Friend,Informe del partido,2,1
442,7.0,Dom,2020-11-01,12:00,Aston Villa,1.9,0.7,Southampton,,Villa Park,Darren England,Informe del partido,3,4
443,7.0,Dom,2020-11-01,14:00,Newcastle Utd,2.9,1.5,Everton,,St. James' Park,Stuart Attwell,Informe del partido,2,1
444,7.0,Dom,2020-11-01,16:30,Manchester Utd,0.4,1.0,Arsenal,,Old Trafford,Mike Dean,Informe del partido,0,1
445,7.0,Dom,2020-11-01,19:15,Tottenham,1.7,0.3,Brighton,,Tottenham Hotspur Stadium,Graham Scott,Informe del partido,2,1
446,7.0,Lun,2020-11-02,17:30,Fulham,1.5,0.5,West Brom,,Craven Cottage,Simon Hooper,Informe del partido,2,0
447,7.0,Lun,2020-11-02,20:00,Leeds United,2.1,2.9,Leicester City,,Elland Road,Andre Marriner,Informe del partido,1,4
448,8.0,Vie,2020-11-06,17:30,Brighton,1.5,0.5,Burnley,,The American Express Community Stadium,Mike Dean,Informe del partido,0,0
449,8.0,Vie,2020-11-06,20:00,Southampton,0.7,0.3,Newcastle Utd,,St. Mary's Stadium,Peter Bankes,Informe del partido,2,0
450,8.0,Sáb,2020-11-07,12:30,Everton,0.4,1.5,Manchester Utd,,Goodison Park,Paul Tierney,Informe del partido,1,3
451,8.0,Sáb,2020-11-07,15:00,Crystal Palace,0.9,0.8,Leeds United,,Selhurst Park,Chris Kavanagh,Informe del partido,4,1
452,8.0,Sáb,2020-11-07,17:30,Chelsea,2.2,0.4,Sheffield Utd,,Stamford Bridge,Jonathan Moss,Informe del partido,4,1
453,8.0,Sáb,2020-11-07,20:00,West Ham,1.3,1.7,Fulham,,London Stadium,Robert Jones,Informe del partido,1,0
454,8.0,Dom,2020-11-08,12:00,West Brom,0.8,1.9,Tottenham,,The Hawthorns,Andy Madley,Informe del partido,0,1
455,8.0,Dom,2020-11-08,14:00,Leicester City,2.0,0.8,Wolves,,King Power Stadium,Anthony Taylor,Informe del partido,1,0
456,8.0,Dom,2020-11-08,16:30,Manchester City,1.4,1.2,Liverpool,,Etihad Stadium,Craig Pawson,Informe del partido,1,1
457,8.0,Dom,2020-11-08,19:15,Arsenal,1.5,1.8,Aston Villa,,Emirates Stadium,Martin Atkinson,Informe del partido,0,3
458,9.0,Sáb,2020-11-21,12:30,Newcastle Utd,0.3,1.5,Chelsea,,St. James' Park,Craig Pawson,Informe del partido,0,2
459,9.0,Sáb,2020-11-21,15:00,Aston Villa,1.5,1.4,Brighton,,Villa Park,Michael Oliver,Informe del partido,1,2
460,9.0,Sáb,2020-11-21,17:30,Tottenham,0.7,1.4,Manchester City,,Tottenham Hotspur Stadium,Mike Dean,Informe del partido,2,0
461,9.0,Sáb,2020-11-21,20:00,Manchester Utd,2.4,0.6,West Brom,,Old Trafford,David Coote,Informe del partido,1,0
462,9.0,Dom,2020-11-22,12:00,Fulham,1.9,2.0,Everton,,Craven Cottage,Andy Madley,Informe del partido,2,3
463,9.0,Dom,2020-11-22,14:00,Sheffield Utd,0.9,2.1,West Ham,,Bramall Lane,Martin Atkinson,Informe del partido,0,1
464,9.0,Dom,2020-11-22,16:30,Leeds United,1.8,0.9,Arsenal,,Elland Road,Anthony Taylor,Informe del partido,0,0
465,9.0,Dom,2020-11-22,19:15,Liverpool,3.1,1.6,Leicester City,,Anfield,Chris Kavanagh,Informe del partido,3,0
466,9.0,Lun,2020-11-23,17:30,Burnley,1.5,1.5,Crystal Palace,,Turf Moor,Kevin Friend,Informe del partido,1,0
467,9.0,Lun,2020-11-23,20:00,Wolves,1.5,1.0,Southampton,,Molineux Stadium,Andre Marriner,Informe del partido,1,1
468,10.0,Vie,2020-11-27,20:00,Crystal Palace,0.6,1.3,Newcastle Utd,,Selhurst Park,Graham Scott,Informe del partido,0,2
469,10.0,Sáb,2020-11-28,12:30,Brighton,2.3,0.2,Liverpool,,The American Express Community Stadium,Stuart Attwell,Informe del partido,1,1
470,10.0,Sáb,2020-11-28,15:00,Manchester City,1.7,0.5,Burnley,,Etihad Stadium,Lee Mason,Informe del partido,5,0
471,10.0,Sáb,2020-11-28,17:30,Everton,1.2,2.9,Leeds United,,Goodison Park,Chris Kavanagh,Informe del partido,0,1
472,10.0,Sáb,2020-11-28,20:00,West Brom,1.2,2.9,Sheffield Utd,,The Hawthorns,Mike Dean,Informe del partido,1,0
473,10.0,Dom,2020-11-29,14:00,Southampton,0.5,2.1,Manchester Utd,,St. Mary's Stadium,Jonathan Moss,Informe del partido,2,3
474,10.0,Dom,2020-11-29,16:30,Chelsea,0.8,0.2,Tottenham,,Stamford Bridge,Paul Tierney,Informe del partido,0,0
475,10.0,Dom,2020-11-29,19:15,Arsenal,1.5,1.8,Wolves,,Emirates Stadium,Michael Oliver,Informe del partido,1,2
476,10.0,Lun,2020-11-30,17:30,Leicester City,1.2,2.2,Fulham,,King Power Stadium,Simon Hooper,Informe del partido,1,2
477,10.0,Lun,2020-11-30,20:00,West Ham,0.4,2.5,Aston Villa,,London Stadium,Peter Bankes,Informe del partido,2,1
478,11.0,Sáb,2020-12-05,12:30,Burnley,0.8,2.2,Everton,,Turf Moor,Anthony Taylor,Informe del partido,1,1
479,11.0,Sáb,2020-12-05,15:00,Manchester City,2.9,0.3,Fulham,,Etihad Stadium,Jonathan Moss,Informe del partido,2,0
480,11.0,Sáb,2020-12-05,17:30,West Ham,2.0,1.7,Manchester Utd,2000.0,London Stadium,Andre Marriner,Informe del partido,1,3
481,11.0,Sáb,2020-12-05,20:00,Chelsea,4.1,0.8,Leeds United,2000.0,Stamford Bridge,Kevin Friend,Informe del partido,3,1
482,11.0,Dom,2020-12-06,12:00,West Brom,0.7,1.6,Crystal Palace,,The Hawthorns,Paul Tierney,Informe del partido,1,5
483,11.0,Dom,2020-12-06,14:15,Sheffield Utd,0.2,1.4,Leicester City,,Bramall Lane,Stuart Attwell,Informe del partido,1,2
484,11.0,Dom,2020-12-06,16:30,Tottenham,0.3,0.6,Arsenal,2000.0,Tottenham Hotspur Stadium,Martin Atkinson,Informe del partido,2,0
485,11.0,Dom,2020-12-06,19:15,Liverpool,1.2,0.4,Wolves,2000.0,Anfield,Craig Pawson,Informe del partido,4,0
486,11.0,Lun,2020-12-07,20:00,Brighton,1.9,1.4,Southampton,2000.0,The American Express Community Stadium,David Coote,Informe del partido,1,2
487,12.0,Vie,2020-12-11,20:00,Leeds United,1.6,1.3,West Ham,,Elland Road,Michael Oliver,Informe del partido,1,2
488,12.0,Sáb,2020-12-12,12:30,Wolves,1.1,1.4,Aston Villa,,Molineux Stadium,Mike Dean,Informe del partido,0,1
489,12.0,Sáb,2020-12-12,15:00,Newcastle Utd,0.8,0.6,West Brom,,St. James' Park,Darren England,Informe del partido,2,1
490,12.0,Sáb,2020-12-12,17:30,Manchester Utd,0.6,1.3,Manchester City,,Old Trafford,Chris Kavanagh,Informe del partido,0,0
491,12.0,Sáb,2020-12-12,20:00,Everton,1.2,0.7,Chelsea,2000.0,Goodison Park,Jonathan Moss,Informe del partido,1,0
492,12.0,Dom,2020-12-13,12:00,Southampton,2.0,0.3,Sheffield Utd,2000.0,St. Mary's Stadium,Andy Madley,Informe del partido,3,0
493,12.0,Dom,2020-12-13,14:15,Crystal Palace,1.6,0.9,Tottenham,2000.0,Selhurst Park,Kevin Friend,Informe del partido,1,1
494,12.0,Dom,2020-12-13,16:30,Fulham,1.5,1.8,Liverpool,2000.0,Craven Cottage,Andre Marriner,Informe del partido,1,1
495,12.0,Dom,2020-12-13,19:15,Leicester City,1.5,0.9,Brighton,,King Power Stadium,Martin Atkinson,Informe del partido,3,0
496,12.0,Dom,2020-12-13,19:15,Arsenal,1.6,1.4,Burnley,2000.0,Emirates Stadium,Graham Scott,Informe del partido,0,1
497,13.0,Mar,2020-12-15,18:00,Wolves,0.5,1.0,Chelsea,,Molineux Stadium,Stuart Attwell,Informe del partido,2,1
498,13.0,Mar,2020-12-15,20:00,Manchester City,2.2,0.4,West Brom,,Etihad Stadium,Peter Bankes,Informe del partido,1,1
499,13.0,Mié,2020-12-16,18:00,Arsenal,0.6,1.2,Southampton,,Emirates Stadium,Paul Tierney,Informe del partido,1,1
500,13.0,Mié,2020-12-16,18:00,Leicester City,0.8,1.4,Everton,,King Power Stadium,Lee Mason,Informe del partido,0,2
501,13.0,Mié,2020-12-16,18:00,Leeds United,2.7,1.5,Newcastle Utd,,Elland Road,Simon Hooper,Informe del partido,5,2
502,13.0,Mié,2020-12-16,20:00,Liverpool,1.0,1.1,Tottenham,2000.0,Anfield,Anthony Taylor,Informe del partido,2,1
503,13.0,Mié,2020-12-16,20:00,West Ham,0.4,1.1,Crystal Palace,,London Stadium,David Coote,Informe del partido,1,1
504,13.0,Mié,2020-12-16,20:00,Fulham,1.0,0.5,Brighton,,Craven Cottage,Robert Jones,Informe del partido,0,0
505,13.0,Jue,2020-12-17,18:00,Aston Villa,1.5,0.3,Burnley,,Villa Park,Craig Pawson,Informe del partido,0,0
506,13.0,Jue,2020-12-17,20:00,Sheffield Utd,1.5,1.9,Manchester Utd,,Bramall Lane,Michael Oliver,Informe del partido,2,3
507,14.0,Sáb,2020-12-19,12:30,Crystal Palace,0.3,2.5,Liverpool,,Selhurst Park,Jonathan Moss,Informe del partido,0,7
508,14.0,Sáb,2020-12-19,15:00,Southampton,0.7,0.9,Manchester City,,St. Mary's Stadium,Mike Dean,Informe del partido,0,1
509,14.0,Sáb,2020-12-19,17:30,Everton,0.6,1.4,Arsenal,,Goodison Park,Andre Marriner,Informe del partido,2,1
510,14.0,Sáb,2020-12-19,20:00,Newcastle Utd,1.4,1.0,Fulham,,St. James' Park,Graham Scott,Informe del partido,1,1
511,14.0,Dom,2020-12-20,12:00,Brighton,2.8,0.5,Sheffield Utd,,The American Express Community Stadium,Peter Bankes,Informe del partido,1,1
512,14.0,Dom,2020-12-20,14:15,Tottenham,0.7,1.7,Leicester City,,Tottenham Hotspur Stadium,Craig Pawson,Informe del partido,0,2
513,14.0,Dom,2020-12-20,16:30,Manchester Utd,3.6,1.8,Leeds United,,Old Trafford,Anthony Taylor,Informe del partido,6,2
514,14.0,Dom,2020-12-20,19:15,West Brom,0.0,2.4,Aston Villa,,The Hawthorns,Martin Atkinson,Informe del partido,0,3
515,14.0,Lun,2020-12-21,17:30,Burnley,1.7,1.5,Wolves,,Turf Moor,Lee Mason,Informe del partido,2,1
516,14.0,Lun,2020-12-21,20:00,Chelsea,2.0,0.4,West Ham,,Stamford Bridge,Chris Kavanagh,Informe del partido,3,0
517,15.0,Sáb,2020-12-26,12:30,Leicester City,0.9,1.7,Manchester Utd,,King Power Stadium,Mike Dean,Informe del partido,2,2
518,15.0,Sáb,2020-12-26,15:00,Aston Villa,3.9,0.9,Crystal Palace,,Villa Park,Anthony Taylor,Informe del partido,3,0
519,15.0,Sáb,2020-12-26,15:00,Fulham,0.7,0.2,Southampton,,Craven Cottage,Darren England,Informe del partido,0,0
520,15.0,Sáb,2020-12-26,17:30,Arsenal,2.0,2.6,Chelsea,,Emirates Stadium,Michael Oliver,Informe del partido,3,1
521,15.0,Sáb,2020-12-26,20:00,Sheffield Utd,1.4,0.7,Everton,,Bramall Lane,David Coote,Informe del partido,0,1
522,15.0,Sáb,2020-12-26,20:00,Manchester City,3.0,0.3,Newcastle Utd,,Etihad Stadium,Andre Marriner,Informe del partido,2,0
523,15.0,Dom,2020-12-27,12:00,Leeds United,1.9,1.5,Burnley,,Elland Road,Robert Jones,Informe del partido,1,0
524,15.0,Dom,2020-12-27,14:15,West Ham,1.3,1.1,Brighton,,London Stadium,Simon Hooper,Informe del partido,2,2
525,15.0,Dom,2020-12-27,16:30,Liverpool,1.5,0.6,West Brom,2000.0,Anfield,Kevin Friend,Informe del partido,1,1
526,15.0,Dom,2020-12-27,19:15,Wolves,0.9,0.4,Tottenham,,Molineux Stadium,Paul Tierney,Informe del partido,1,1
527,16.0,Lun,2020-12-28,15:00,Crystal Palace,0.5,1.9,Leicester City,,Selhurst Park,Graham Scott,Informe del partido,1,1
528,16.0,Lun,2020-12-28,17:30,Chelsea,1.7,0.7,Aston Villa,,Stamford Bridge,Stuart Attwell,Informe del partido,1,1
529,16.0,Mar,2020-12-29,18:00,West Brom,0.5,1.2,Leeds United,,The Hawthorns,Lee Mason,Informe del partido,0,5
530,16.0,Mar,2020-12-29,18:00,Southampton,0.6,1.2,West Ham,,St. Mary's Stadium,Andy Madley,Informe del partido,0,0
531,16.0,Mar,2020-12-29,18:00,Burnley,1.0,0.7,Sheffield Utd,,Turf Moor,Chris Kavanagh,Informe del partido,1,0
532,16.0,Mar,2020-12-29,18:00,Brighton,0.8,1.1,Arsenal,,The American Express Community Stadium,Martin Atkinson,Informe del partido,0,1
533,16.0,Mar,2020-12-29,20:00,Manchester Utd,1.5,0.5,Wolves,,Old Trafford,Jonathan Moss,Informe del partido,1,0
534,16.0,Mié,2020-12-30,20:00,Newcastle Utd,0.5,1.4,Liverpool,,St. James' Park,Paul Tierney,Informe del partido,0,0
535,17.0,Vie,2021-01-01,17:30,Everton,0.4,1.3,West Ham,,Goodison Park,Kevin Friend,Informe del partido,0,1
536,17.0,Vie,2021-01-01,20:00,Manchester Utd,2.1,1.4,Aston Villa,,Old Trafford,Michael Oliver,Informe del partido,2,1
537,17.0,Sáb,2021-01-02,12:30,Tottenham,2.6,1.1,Leeds United,,Tottenham Hotspur Stadium,David Coote,Informe del partido,3,0
538,17.0,Sáb,2021-01-02,15:00,Crystal Palace,0.6,0.4,Sheffield Utd,,Selhurst Park,Stuart Attwell,Informe del partido,2,0
539,17.0,Sáb,2021-01-02,17:30,Brighton,2.2,1.6,Wolves,,The American Express Community Stadium,Andy Madley,Informe del partido,3,3
540,17.0,Sáb,2021-01-02,20:00,West Brom,1.0,3.7,Arsenal,,The Hawthorns,Martin Atkinson,Informe del partido,0,4
541,17.0,Dom,2021-01-03,14:15,Newcastle Utd,0.5,0.6,Leicester City,,St. James' Park,Robert Jones,Informe del partido,1,2
542,17.0,Dom,2021-01-03,16:30,Chelsea,0.8,2.7,Manchester City,,Stamford Bridge,Anthony Taylor,Informe del partido,1,3
543,17.0,Lun,2021-01-04,20:00,Southampton,0.4,1.5,Liverpool,,St. Mary's Stadium,Andre Marriner,Informe del partido,1,0
544,18.0,Mar,2021-01-12,18:00,Sheffield Utd,2.1,0.6,Newcastle Utd,,Bramall Lane,Andy Madley,Informe del partido,1,0
545,1.0,Mar,2021-01-12,20:15,Burnley,0.9,1.2,Manchester Utd,,Turf Moor,Kevin Friend,Informe del partido,0,1
546,18.0,Mar,2021-01-12,20:15,Wolves,0.7,0.6,Everton,,Molineux Stadium,Martin Atkinson,Informe del partido,1,2
547,18.0,Mié,2021-01-13,18:00,Manchester City,2.0,0.2,Brighton,,Etihad Stadium,Darren England,Informe del partido,1,0
548,16.0,Mié,2021-01-13,20:15,Tottenham,2.4,1.1,Fulham,,Tottenham Hotspur Stadium,Paul Tierney,Informe del partido,1,1
549,18.0,Jue,2021-01-14,20:00,Arsenal,0.4,0.8,Crystal Palace,,Emirates Stadium,Andre Marriner,Informe del partido,0,0
550,19.0,Sáb,2021-01-16,12:30,Wolves,1.5,2.4,West Brom,,Molineux Stadium,Michael Oliver,Informe del partido,2,3
551,19.0,Sáb,2021-01-16,15:00,West Ham,1.7,0.5,Burnley,,London Stadium,Chris Kavanagh,Informe del partido,1,0
552,19.0,Sáb,2021-01-16,15:00,Leeds United,0.3,1.4,Brighton,,Elland Road,Kevin Friend,Informe del partido,0,1
553,19.0,Sáb,2021-01-16,17:30,Fulham,0.7,1.6,Chelsea,,Craven Cottage,Peter Bankes,Informe del partido,0,1
554,19.0,Sáb,2021-01-16,20:00,Leicester City,2.2,0.6,Southampton,,King Power Stadium,Stuart Attwell,Informe del partido,2,0
555,19.0,Dom,2021-01-17,14:00,Sheffield Utd,0.9,1.0,Tottenham,,Bramall Lane,Andre Marriner,Informe del partido,1,3
556,19.0,Dom,2021-01-17,16:30,Liverpool,1.2,1.1,Manchester Utd,,Anfield,Paul Tierney,Informe del partido,0,0
557,19.0,Dom,2021-01-17,19:15,Manchester City,0.7,0.1,Crystal Palace,,Etihad Stadium,Lee Mason,Informe del partido,4,0
558,19.0,Lun,2021-01-18,20:00,Arsenal,2.4,0.2,Newcastle Utd,,Emirates Stadium,David Coote,Informe del partido,3,0
559,18.0,Mar,2021-01-19,18:00,West Ham,2.0,0.5,West Brom,,London Stadium,Graham Scott,Informe del partido,2,1
560,18.0,Mar,2021-01-19,20:15,Leicester City,1.4,0.7,Chelsea,,King Power Stadium,Craig Pawson,Informe del partido,2,0
561,1.0,Mié,2021-01-20,18:00,Manchester City,3.4,0.6,Aston Villa,,Etihad Stadium,Jonathan Moss,Informe del partido,2,0
562,18.0,Mié,2021-01-20,20:15,Fulham,0.9,1.7,Manchester Utd,,Craven Cottage,Martin Atkinson,Informe del partido,1,2
563,18.0,Jue,2021-01-21,20:00,Liverpool,1.6,1.1,Burnley,,Anfield,Mike Dean,Informe del partido,0,1
564,11.0,Sáb,2021-01-23,20:00,Aston Villa,2.3,0.5,Newcastle Utd,,Villa Park,Simon Hooper,Informe del partido,2,0
565,20.0,Mar,2021-01-26,18:00,Newcastle Utd,1.4,0.7,Leeds United,,St. James' Park,Anthony Taylor,Informe del partido,1,2
566,20.0,Mar,2021-01-26,18:00,Crystal Palace,0.7,2.8,West Ham,,Selhurst Park,Stuart Attwell,Informe del partido,2,3
567,20.0,Mar,2021-01-26,20:15,West Brom,0.5,1.8,Manchester City,,The Hawthorns,Chris Kavanagh,Informe del partido,0,5
568,20.0,Mar,2021-01-26,20:15,Southampton,0.8,2.2,Arsenal,,St. Mary's Stadium,Kevin Friend,Informe del partido,1,3
569,20.0,Mié,2021-01-27,18:00,Chelsea,0.7,0.5,Wolves,,Stamford Bridge,Andy Madley,Informe del partido,0,0
570,20.0,Mié,2021-01-27,18:00,Burnley,0.5,2.2,Aston Villa,,Turf Moor,Paul Tierney,Informe del partido,3,2
571,20.0,Mié,2021-01-27,19:30,Brighton,1.8,0.5,Fulham,,The American Express Community Stadium,Craig Pawson,Informe del partido,0,0
572,20.0,Mié,2021-01-27,20:15,Everton,0.5,1.2,Leicester City,,Goodison Park,Mike Dean,Informe del partido,1,1
573,20.0,Mié,2021-01-27,20:15,Manchester Utd,1.1,1.0,Sheffield Utd,,Old Trafford,Peter Bankes,Informe del partido,1,2
574,20.0,Jue,2021-01-28,20:00,Tottenham,0.1,2.5,Liverpool,,Tottenham Hotspur Stadium,Martin Atkinson,Informe del partido,1,3
575,21.0,Sáb,2021-01-30,12:30,Everton,0.8,1.7,Newcastle Utd,,Goodison Park,Stuart Attwell,Informe del partido,0,2
576,21.0,Sáb,2021-01-30,15:00,Crystal Palace,1.4,0.4,Wolves,,Selhurst Park,Simon Hooper,Informe del partido,1,0
577,21.0,Sáb,2021-01-30,15:00,Manchester City,1.5,0.2,Sheffield Utd,,Etihad Stadium,David Coote,Informe del partido,1,0
578,21.0,Sáb,2021-01-30,15:00,West Brom,1.0,1.3,Fulham,,The Hawthorns,Anthony Taylor,Informe del partido,2,2
579,21.0,Sáb,2021-01-30,17:30,Arsenal,0.9,1.6,Manchester Utd,,Emirates Stadium,Michael Oliver,Informe del partido,0,0
580,21.0,Sáb,2021-01-30,20:00,Southampton,1.9,0.6,Aston Villa,,St. Mary's Stadium,Lee Mason,Informe del partido,0,1
581,21.0,Dom,2021-01-31,12:00,Chelsea,1.2,0.2,Burnley,,Stamford Bridge,Graham Scott,Informe del partido,2,0
582,21.0,Dom,2021-01-31,14:00,Leicester City,1.8,2.1,Leeds United,,King Power Stadium,Chris Kavanagh,Informe del partido,1,3
583,21.0,Dom,2021-01-31,16:30,West Ham,0.8,2.0,Liverpool,,London Stadium,Jonathan Moss,Informe del partido,1,3
584,21.0,Dom,2021-01-31,19:15,Brighton,1.6,0.4,Tottenham,,The American Express Community Stadium,Peter Bankes,Informe del partido,1,0
585,22.0,Mar,2021-02-02,18:00,Sheffield Utd,1.3,1.6,West Brom,,Bramall Lane,Paul Tierney,Informe del partido,2,1
586,22.0,Mar,2021-02-02,18:00,Wolves,1.5,0.8,Arsenal,,Molineux Stadium,Craig Pawson,Informe del partido,2,1
587,22.0,Mar,2021-02-02,20:15,Manchester Utd,4.7,0.5,Southampton,,Old Trafford,Mike Dean,Informe del partido,9,0
588,22.0,Mar,2021-02-02,20:15,Newcastle Utd,1.9,0.7,Crystal Palace,,St. James' Park,Darren England,Informe del partido,1,2
589,22.0,Mié,2021-02-03,18:00,Burnley,0.1,2.0,Manchester City,,Turf Moor,Martin Atkinson,Informe del partido,0,2
590,22.0,Mié,2021-02-03,18:00,Fulham,0.6,1.4,Leicester City,,Craven Cottage,Robert Jones,Informe del partido,0,2
591,22.0,Mié,2021-02-03,19:30,Leeds United,1.3,1.6,Everton,,Elland Road,Michael Oliver,Informe del partido,1,2
592,22.0,Mié,2021-02-03,20:15,Liverpool,1.0,1.3,Brighton,,Anfield,Kevin Friend,Informe del partido,0,1
593,22.0,Mié,2021-02-03,20:15,Aston Villa,0.7,1.7,West Ham,,Villa Park,Andy Madley,Informe del partido,1,3
594,22.0,Jue,2021-02-04,20:00,Tottenham,0.6,1.6,Chelsea,,Tottenham Hotspur Stadium,Andre Marriner,Informe del partido,0,1
595,23.0,Sáb,2021-02-06,12:30,Aston Villa,1.2,0.8,Arsenal,,Villa Park,Chris Kavanagh,Informe del partido,1,0
596,23.0,Sáb,2021-02-06,15:00,Burnley,1.8,0.5,Brighton,,Turf Moor,Anthony Taylor,Informe del partido,1,1
597,23.0,Sáb,2021-02-06,15:00,Newcastle Utd,0.7,1.3,Southampton,,St. James' Park,Craig Pawson,Informe del partido,3,2
598,23.0,Sáb,2021-02-06,17:30,Fulham,1.5,1.0,West Ham,,Craven Cottage,Mike Dean,Informe del partido,0,0
599,23.0,Sáb,2021-02-06,20:00,Manchester Utd,1.8,1.5,Everton,,Old Trafford,Jonathan Moss,Informe del partido,3,3
600,23.0,Dom,2021-02-07,12:00,Tottenham,1.5,0.6,West Brom,,Tottenham Hotspur Stadium,Stuart Attwell,Informe del partido,2,0
601,23.0,Dom,2021-02-07,14:00,Wolves,1.1,0.8,Leicester City,,Molineux Stadium,Martin Atkinson,Informe del partido,0,0
602,23.0,Dom,2021-02-07,16:30,Liverpool,1.2,3.5,Manchester City,,Anfield,Michael Oliver,Informe del partido,1,4
603,23.0,Dom,2021-02-07,19:15,Sheffield Utd,0.6,1.6,Chelsea,,Bramall Lane,Kevin Friend,Informe del partido,1,2
604,23.0,Lun,2021-02-08,20:00,Leeds United,1.9,0.4,Crystal Palace,,Elland Road,Andre Marriner,Informe del partido,2,0
605,24.0,Sáb,2021-02-13,12:30,Leicester City,1.9,1.7,Liverpool,,King Power Stadium,Anthony Taylor,Informe del partido,3,1
606,24.0,Sáb,2021-02-13,15:00,Crystal Palace,0.5,1.4,Burnley,,Selhurst Park,Michael Oliver,Informe del partido,0,3
607,24.0,Sáb,2021-02-13,17:30,Manchester City,2.2,0.3,Tottenham,,Etihad Stadium,Paul Tierney,Informe del partido,3,0
608,24.0,Sáb,2021-02-13,20:00,Brighton,2.2,0.1,Aston Villa,,The American Express Community Stadium,Darren England,Informe del partido,0,0
609,24.0,Dom,2021-02-14,12:00,Southampton,0.8,1.1,Wolves,,St. Mary's Stadium,Graham Scott,Informe del partido,1,2
610,24.0,Dom,2021-02-14,14:00,West Brom,1.0,0.5,Manchester Utd,,The Hawthorns,Craig Pawson,Informe del partido,1,1
611,24.0,Dom,2021-02-14,16:30,Arsenal,2.3,0.9,Leeds United,,Emirates Stadium,Stuart Attwell,Informe del partido,4,2
612,24.0,Dom,2021-02-14,19:00,Everton,0.3,2.5,Fulham,,Goodison Park,Andy Madley,Informe del partido,0,2
613,24.0,Lun,2021-02-15,18:00,West Ham,1.9,0.7,Sheffield Utd,,London Stadium,Simon Hooper,Informe del partido,3,0
614,24.0,Lun,2021-02-15,20:00,Chelsea,2.2,0.6,Newcastle Utd,,Stamford Bridge,Peter Bankes,Informe del partido,2,0
615,17.0,Mié,2021-02-17,18:00,Burnley,0.9,0.5,Fulham,,Turf Moor,Jonathan Moss,Informe del partido,1,1
616,16.0,Mié,2021-02-17,20:15,Everton,1.0,1.0,Manchester City,,Goodison Park,Andre Marriner,Informe del partido,1,3
617,25.0,Vie,2021-02-19,20:00,Wolves,0.6,1.7,Leeds United,,Molineux Stadium,David Coote,Informe del partido,1,0
618,25.0,Sáb,2021-02-20,12:30,Southampton,0.6,1.2,Chelsea,,St. Mary's Stadium,Anthony Taylor,Informe del partido,1,1
619,25.0,Sáb,2021-02-20,15:00,Burnley,0.5,1.6,West Brom,,Turf Moor,Mike Dean,Informe del partido,0,0
620,25.0,Sáb,2021-02-20,17:30,Liverpool,1.4,1.6,Everton,,Anfield,Chris Kavanagh,Informe del partido,0,2
621,25.0,Sáb,2021-02-20,20:00,Fulham,1.2,0.9,Sheffield Utd,,Craven Cottage,Martin Atkinson,Informe del partido,1,0
622,25.0,Dom,2021-02-21,12:00,West Ham,1.1,1.1,Tottenham,,London Stadium,Craig Pawson,Informe del partido,2,1
623,25.0,Dom,2021-02-21,14:05,Aston Villa,1.4,1.1,Leicester City,,Villa Park,Michael Oliver,Informe del partido,1,2
624,25.0,Dom,2021-02-21,16:30,Arsenal,0.3,1.8,Manchester City,,Emirates Stadium,Jonathan Moss,Informe del partido,0,1
625,25.0,Dom,2021-02-21,19:00,Manchester Utd,1.7,0.4,Newcastle Utd,,Old Trafford,Paul Tierney,Informe del partido,3,1
626,25.0,Lun,2021-02-22,20:00,Brighton,2.4,0.2,Crystal Palace,,The American Express Community Stadium,Kevin Friend,Informe del partido,1,2
627,18.0,Mar,2021-02-23,18:00,Leeds United,1.3,0.9,Southampton,,Elland Road,Andre Marriner,Informe del partido,3,0
628,26.0,Sáb,2021-02-27,12:30,Manchester City,0.5,1.5,West Ham,,Etihad Stadium,Michael Oliver,Informe del partido,2,1
629,26.0,Sáb,2021-02-27,15:00,West Brom,0.8,2.9,Brighton,,The Hawthorns,Lee Mason,Informe del partido,1,0
630,26.0,Sáb,2021-02-27,17:30,Leeds United,0.9,0.7,Aston Villa,,Elland Road,Peter Bankes,Informe del partido,0,1
631,26.0,Sáb,2021-02-27,20:00,Newcastle Utd,1.7,1.1,Wolves,,St. James' Park,Mike Dean,Informe del partido,1,1
632,26.0,Dom,2021-02-28,12:00,Crystal Palace,0.1,1.4,Fulham,,Selhurst Park,Anthony Taylor,Informe del partido,0,0
633,26.0,Dom,2021-02-28,12:00,Leicester City,0.4,2.3,Arsenal,,King Power Stadium,Paul Tierney,Informe del partido,1,3
634,26.0,Dom,2021-02-28,14:00,Tottenham,2.1,0.7,Burnley,,Tottenham Hotspur Stadium,Kevin Friend,Informe del partido,4,0
635,26.0,Dom,2021-02-28,16:30,Chelsea,1.1,0.4,Manchester Utd,,Stamford Bridge,Stuart Attwell,Informe del partido,0,0
636,26.0,Dom,2021-02-28,19:15,Sheffield Utd,0.7,2.7,Liverpool,,Bramall Lane,Jonathan Moss,Informe del partido,0,2
637,26.0,Lun,2021-03-01,20:00,Everton,1.2,0.6,Southampton,,Goodison Park,Martin Atkinson,Informe del partido,1,0
638,29.0,Mar,2021-03-02,20:00,Manchester City,3.3,0.3,Wolves,,Etihad Stadium,Chris Kavanagh,Informe del partido,4,1
639,29.0,Mié,2021-03-03,18:00,Sheffield Utd,0.9,2.3,Aston Villa,,Bramall Lane,Robert Jones,Informe del partido,1,0
640,29.0,Mié,2021-03-03,18:00,Burnley,1.8,1.2,Leicester City,,Turf Moor,Andy Madley,Informe del partido,1,1
641,29.0,Mié,2021-03-03,20:15,Crystal Palace,0.9,0.9,Manchester Utd,,Selhurst Park,Andre Marriner,Informe del partido,0,0
642,29.0,Jue,2021-03-04,18:00,West Brom,1.0,1.0,Everton,,The Hawthorns,Darren England,Informe del partido,0,1
643,33.0,Jue,2021-03-04,18:00,Fulham,0.7,1.6,Tottenham,,Craven Cottage,David Coote,Informe del partido,0,1
644,29.0,Jue,2021-03-04,20:15,Liverpool,0.3,1.0,Chelsea,,Anfield,Martin Atkinson,Informe del partido,0,1
645,27.0,Sáb,2021-03-06,12:30,Burnley,1.1,2.5,Arsenal,,Turf Moor,Andre Marriner,Informe del partido,1,1
646,27.0,Sáb,2021-03-06,15:00,Sheffield Utd,0.7,1.9,Southampton,,Bramall Lane,Paul Tierney,Informe del partido,0,2
647,27.0,Sáb,2021-03-06,17:30,Aston Villa,0.6,1.6,Wolves,,Villa Park,Andy Madley,Informe del partido,0,0
648,27.0,Sáb,2021-03-06,20:00,Brighton,0.8,0.9,Leicester City,,The American Express Community Stadium,Michael Oliver,Informe del partido,1,2
649,27.0,Dom,2021-03-07,12:00,West Brom,2.0,0.5,Newcastle Utd,,The Hawthorns,Martin Atkinson,Informe del partido,0,0
650,27.0,Dom,2021-03-07,14:00,Liverpool,0.9,1.3,Fulham,,Anfield,Kevin Friend,Informe del partido,0,1
651,27.0,Dom,2021-03-07,16:30,Manchester City,1.3,1.7,Manchester Utd,,Etihad Stadium,Anthony Taylor,Informe del partido,0,2
652,27.0,Dom,2021-03-07,19:15,Tottenham,2.7,0.5,Crystal Palace,,Tottenham Hotspur Stadium,Stuart Attwell,Informe del partido,4,1
653,27.0,Lun,2021-03-08,18:00,Chelsea,2.4,0.3,Everton,,Stamford Bridge,David Coote,Informe del partido,2,0
654,27.0,Lun,2021-03-08,20:00,West Ham,1.8,1.4,Leeds United,,London Stadium,Mike Dean,Informe del partido,2,0
655,33.0,Mié,2021-03-10,18:00,Manchester City,2.6,1.6,Southampton,,Etihad Stadium,Jonathan Moss,Informe del partido,5,2
656,28.0,Vie,2021-03-12,20:00,Newcastle Utd,1.5,0.9,Aston Villa,,St. James' Park,Paul Tierney,Informe del partido,1,1
657,28.0,Sáb,2021-03-13,12:30,Leeds United,0.4,1.0,Chelsea,,Elland Road,Kevin Friend,Informe del partido,0,0
658,28.0,Sáb,2021-03-13,15:00,Crystal Palace,1.2,0.8,West Brom,,Selhurst Park,Simon Hooper,Informe del partido,1,0
659,28.0,Sáb,2021-03-13,17:30,Everton,1.5,0.8,Burnley,,Goodison Park,Jonathan Moss,Informe del partido,1,2
660,28.0,Sáb,2021-03-13,20:00,Fulham,0.3,2.2,Manchester City,,Craven Cottage,Andre Marriner,Informe del partido,0,3
661,28.0,Dom,2021-03-14,12:00,Southampton,0.6,0.8,Brighton,,St. Mary's Stadium,Stuart Attwell,Informe del partido,1,2
662,28.0,Dom,2021-03-14,14:00,Leicester City,4.0,0.1,Sheffield Utd,,King Power Stadium,Peter Bankes,Informe del partido,5,0
663,28.0,Dom,2021-03-14,16:30,Arsenal,1.7,0.4,Tottenham,,Emirates Stadium,Michael Oliver,Informe del partido,2,1
664,28.0,Dom,2021-03-14,19:15,Manchester Utd,1.5,0.6,West Ham,,Old Trafford,Martin Atkinson,Informe del partido,1,0
665,28.0,Lun,2021-03-15,20:00,Wolves,1.1,0.9,Liverpool,,Molineux Stadium,Craig Pawson,Informe del partido,0,1
666,29.0,Vie,2021-03-19,20:00,Fulham,1.6,1.3,Leeds United,,Craven Cottage,David Coote,Informe del partido,1,2
667,29.0,Sáb,2021-03-20,20:00,Brighton,0.9,0.1,Newcastle Utd,,The American Express Community Stadium,Anthony Taylor,Informe del partido,3,0
668,29.0,Dom,2021-03-21,15:00,West Ham,2.4,1.4,Arsenal,,London Stadium,Jonathan Moss,Informe del partido,3,3
669,18.0,Dom,2021-03-21,19:30,Aston Villa,0.4,1.8,Tottenham,,Villa Park,Mike Dean,Informe del partido,0,2
670,30.0,Sáb,2021-04-03,12:30,Chelsea,2.1,1.6,West Brom,,Stamford Bridge,David Coote,Informe del partido,2,5
671,30.0,Sáb,2021-04-03,15:00,Leeds United,2.4,1.1,Sheffield Utd,,Elland Road,Graham Scott,Informe del partido,2,1
672,30.0,Sáb,2021-04-03,17:30,Leicester City,0.3,1.4,Manchester City,,King Power Stadium,Anthony Taylor,Informe del partido,0,2
673,30.0,Sáb,2021-04-03,20:00,Arsenal,0.1,2.4,Liverpool,,Emirates Stadium,Stuart Attwell,Informe del partido,0,3
674,30.0,Dom,2021-04-04,12:00,Southampton,2.2,1.5,Burnley,,St. Mary's Stadium,Andre Marriner,Informe del partido,3,2
675,30.0,Dom,2021-04-04,14:05,Newcastle Utd,3.4,2.7,Tottenham,,St. James' Park,Craig Pawson,Informe del partido,2,2
676,30.0,Dom,2021-04-04,16:30,Aston Villa,1.5,1.0,Fulham,,Villa Park,Andy Madley,Informe del partido,3,1
677,30.0,Dom,2021-04-04,19:30,Manchester Utd,1.5,1.2,Brighton,,Old Trafford,Mike Dean,Informe del partido,2,1
678,30.0,Lun,2021-04-05,18:00,Everton,2.5,0.7,Crystal Palace,,Goodison Park,Kevin Friend,Informe del partido,1,1
679,30.0,Lun,2021-04-05,20:15,Wolves,2.1,1.3,West Ham,,Molineux Stadium,Michael Oliver,Informe del partido,2,3
680,31.0,Vie,2021-04-09,20:00,Fulham,0.9,0.5,Wolves,,Craven Cottage,Jonathan Moss,Informe del partido,0,1
681,31.0,Sáb,2021-04-10,12:30,Manchester City,2.1,0.1,Leeds United,,Etihad Stadium,Andre Marriner,Informe del partido,1,2
682,31.0,Sáb,2021-04-10,15:00,Liverpool,2.3,0.5,Aston Villa,,Anfield,Paul Tierney,Informe del partido,2,1
683,31.0,Sáb,2021-04-10,17:30,Crystal Palace,0.4,3.1,Chelsea,,Selhurst Park,Michael Oliver,Informe del partido,1,4
684,31.0,Dom,2021-04-11,12:00,Burnley,2.0,1.2,Newcastle Utd,,Turf Moor,Anthony Taylor,Informe del partido,1,2
685,31.0,Dom,2021-04-11,14:05,West Ham,0.8,0.9,Leicester City,,London Stadium,Mike Dean,Informe del partido,3,2
686,31.0,Dom,2021-04-11,16:30,Tottenham,0.9,2.1,Manchester Utd,,Tottenham Hotspur Stadium,Chris Kavanagh,Informe del partido,1,3
687,31.0,Dom,2021-04-11,19:00,Sheffield Utd,0.3,1.7,Arsenal,,Bramall Lane,Peter Bankes,Informe del partido,0,3
688,31.0,Lun,2021-04-12,18:00,West Brom,3.0,1.5,Southampton,,The Hawthorns,Simon Hooper,Informe del partido,3,0
689,31.0,Lun,2021-04-12,20:15,Brighton,1.2,0.4,Everton,,The American Express Community Stadium,Darren England,Informe del partido,0,0
690,32.0,Vie,2021-04-16,20:00,Everton,1.8,1.4,Tottenham,,Goodison Park,Michael Oliver,Informe del partido,2,2
691,32.0,Sáb,2021-04-17,12:30,Newcastle Utd,2.2,1.9,West Ham,,St. James' Park,Kevin Friend,Informe del partido,3,2
692,32.0,Sáb,2021-04-17,20:15,Wolves,1.1,0.5,Sheffield Utd,,Molineux Stadium,Robert Jones,Informe del partido,1,0
693,32.0,Dom,2021-04-18,13:30,Arsenal,2.7,0.9,Fulham,,Emirates Stadium,Craig Pawson,Informe del partido,1,1
694,32.0,Dom,2021-04-18,16:00,Manchester Utd,2.5,0.9,Burnley,,Old Trafford,Jonathan Moss,Informe del partido,3,1
695,32.0,Lun,2021-04-19,20:00,Leeds United,2.3,1.4,Liverpool,,Elland Road,Anthony Taylor,Informe del partido,1,1
696,32.0,Mar,2021-04-20,20:15,Chelsea,0.7,0.5,Brighton,,Stamford Bridge,Stuart Attwell,Informe del partido,0,0
697,29.0,Mié,2021-04-21,18:00,Tottenham,1.4,0.8,Southampton,,Tottenham Hotspur Stadium,David Coote,Informe del partido,2,1
698,32.0,Mié,2021-04-21,20:15,Aston Villa,0.7,1.2,Manchester City,,Villa Park,Peter Bankes,Informe del partido,1,2
699,32.0,Jue,2021-04-22,20:00,Leicester City,2.1,0.5,West Brom,,King Power Stadium,Andy Madley,Informe del partido,3,0
700,33.0,Vie,2021-04-23,20:00,Arsenal,0.8,0.5,Everton,,Emirates Stadium,Jonathan Moss,Informe del partido,0,1
701,33.0,Sáb,2021-04-24,12:30,Liverpool,2.4,1.0,Newcastle Utd,,Anfield,Andre Marriner,Informe del partido,1,1
702,33.0,Sáb,2021-04-24,17:30,West Ham,0.4,2.5,Chelsea,,London Stadium,Chris Kavanagh,Informe del partido,0,1
703,33.0,Sáb,2021-04-24,20:00,Sheffield Utd,0.7,2.0,Brighton,,Bramall Lane,Kevin Friend,Informe del partido,1,0
704,33.0,Dom,2021-04-25,12:00,Wolves,0.4,2.0,Burnley,,Molineux Stadium,Darren England,Informe del partido,0,4
705,33.0,Dom,2021-04-25,14:00,Leeds United,0.3,1.2,Manchester Utd,,Elland Road,Craig Pawson,Informe del partido,0,0
706,33.0,Dom,2021-04-25,19:00,Aston Villa,3.2,1.5,West Brom,,Villa Park,Stuart Attwell,Informe del partido,2,2
707,33.0,Lun,2021-04-26,20:00,Leicester City,1.5,0.7,Crystal Palace,,King Power Stadium,Graham Scott,Informe del partido,2,1
708,34.0,Vie,2021-04-30,20:00,Southampton,0.9,1.9,Leicester City,,St. Mary's Stadium,Robert Jones,Informe del partido,1,1
709,34.0,Sáb,2021-05-01,12:30,Crystal Palace,0.9,1.7,Manchester City,,Selhurst Park,David Coote,Informe del partido,0,2
710,34.0,Sáb,2021-05-01,15:00,Brighton,2.3,0.6,Leeds United,,The American Express Community Stadium,Chris Kavanagh,Informe del partido,2,0
711,34.0,Sáb,2021-05-01,17:30,Chelsea,1.7,0.3,Fulham,,Stamford Bridge,Kevin Friend,Informe del partido,2,0
712,34.0,Sáb,2021-05-01,20:00,Everton,1.0,1.6,Aston Villa,,Goodison Park,Simon Hooper,Informe del partido,1,2
713,34.0,Dom,2021-05-02,14:00,Newcastle Utd,0.3,2.0,Arsenal,,St. James' Park,Mike Dean,Informe del partido,0,2
714,34.0,Dom,2021-05-02,19:15,Tottenham,2.2,0.5,Sheffield Utd,,Tottenham Hotspur Stadium,Andre Marriner,Informe del partido,4,0
715,34.0,Lun,2021-05-03,18:00,West Brom,1.1,1.0,Wolves,,The Hawthorns,Paul Tierney,Informe del partido,1,1
716,34.0,Lun,2021-05-03,20:15,Burnley,2.0,2.3,West Ham,,Turf Moor,Anthony Taylor,Informe del partido,1,2
717,35.0,Vie,2021-05-07,20:00,Leicester City,2.2,2.7,Newcastle Utd,,King Power Stadium,Darren England,Informe del partido,2,4
718,35.0,Sáb,2021-05-08,12:30,Leeds United,2.5,0.9,Tottenham,,Elland Road,Michael Oliver,Informe del partido,3,1
719,35.0,Sáb,2021-05-08,15:00,Sheffield Utd,0.7,2.0,Crystal Palace,,Bramall Lane,Simon Hooper,Informe del partido,0,2
720,35.0,Sáb,2021-05-08,17:30,Manchester City,1.8,0.7,Chelsea,,Etihad Stadium,Anthony Taylor,Informe del partido,1,2
721,35.0,Sáb,2021-05-08,20:15,Liverpool,1.7,1.1,Southampton,,Anfield,Kevin Friend,Informe del partido,2,0
722,35.0,Dom,2021-05-09,12:00,Wolves,1.1,0.3,Brighton,,Molineux Stadium,Jonathan Moss,Informe del partido,2,1
723,35.0,Dom,2021-05-09,14:05,Aston Villa,0.5,1.7,Manchester Utd,,Villa Park,Chris Kavanagh,Informe del partido,1,3
724,35.0,Dom,2021-05-09,16:30,West Ham,1.3,1.5,Everton,,London Stadium,Stuart Attwell,Informe del partido,0,1
725,35.0,Dom,2021-05-09,19:00,Arsenal,0.9,1.8,West Brom,,Emirates Stadium,Peter Bankes,Informe del partido,3,1
726,35.0,Lun,2021-05-10,20:00,Fulham,1.0,1.5,Burnley,,Craven Cottage,David Coote,Informe del partido,0,2
727,36.0,Mar,2021-05-11,18:00,Manchester Utd,0.2,0.9,Leicester City,,Old Trafford,Craig Pawson,Informe del partido,1,2
728,32.0,Mar,2021-05-11,20:15,Southampton,1.2,1.5,Crystal Palace,,St. Mary's Stadium,Andy Madley,Informe del partido,3,1
729,36.0,Mié,2021-05-12,20:15,Chelsea,1.8,0.6,Arsenal,,Stamford Bridge,Andre Marriner,Informe del partido,0,1
730,19.0,Jue,2021-05-13,18:00,Aston Villa,0.6,1.0,Everton,,Villa Park,Martin Atkinson,Informe del partido,0,0
731,34.0,Jue,2021-05-13,20:15,Manchester Utd,1.9,2.7,Liverpool,,Old Trafford,Anthony Taylor,Informe del partido,2,4
732,36.0,Vie,2021-05-14,20:00,Newcastle Utd,2.2,1.5,Manchester City,,St. James' Park,Kevin Friend,Informe del partido,3,4
733,36.0,Sáb,2021-05-15,12:30,Burnley,1.3,1.5,Leeds United,,Turf Moor,Graham Scott,Informe del partido,0,4
734,36.0,Sáb,2021-05-15,15:00,Southampton,1.6,0.8,Fulham,,St. Mary's Stadium,Craig Pawson,Informe del partido,3,1
735,36.0,Sáb,2021-05-15,20:00,Brighton,0.8,1.7,West Ham,,The American Express Community Stadium,Andre Marriner,Informe del partido,1,1
736,36.0,Dom,2021-05-16,12:00,Crystal Palace,1.9,1.4,Aston Villa,,Selhurst Park,David Coote,Informe del partido,3,2
737,36.0,Dom,2021-05-16,14:05,Tottenham,3.2,0.9,Wolves,,Tottenham Hotspur Stadium,Martin Atkinson,Informe del partido,2,0
738,36.0,Dom,2021-05-16,16:30,West Brom,1.0,1.9,Liverpool,,The Hawthorns,Mike Dean,Informe del partido,1,2
739,36.0,Dom,2021-05-16,19:00,Everton,1.4,1.2,Sheffield Utd,,Goodison Park,Jonathan Moss,Informe del partido,0,1
740,37.0,Mar,2021-05-18,18:00,Manchester Utd,0.9,0.9,Fulham,10000.0,Old Trafford,Lee Mason,Informe del partido,1,1
741,37.0,Mar,2021-05-18,18:00,Southampton,1.6,1.7,Leeds United,8000.0,St. Mary's Stadium,Peter Bankes,Informe del partido,0,2
742,37.0,Mar,2021-05-18,19:00,Brighton,1.1,0.9,Manchester City,7945.0,The American Express Community Stadium,Stuart Attwell,Informe del partido,3,2
743,37.0,Mar,2021-05-18,20:15,Chelsea,3.1,0.8,Leicester City,8000.0,Stamford Bridge,Mike Dean,Informe del partido,2,1
744,37.0,Mié,2021-05-19,18:00,Newcastle Utd,1.6,0.9,Sheffield Utd,10000.0,St. James' Park,Robert Jones,Informe del partido,1,0
745,37.0,Mié,2021-05-19,18:00,Tottenham,0.8,1.4,Aston Villa,10000.0,Tottenham Hotspur Stadium,Craig Pawson,Informe del partido,1,2
746,37.0,Mié,2021-05-19,18:00,Everton,0.7,0.3,Wolves,4988.0,Goodison Park,Andy Madley,Informe del partido,1,0
747,37.0,Mié,2021-05-19,19:00,Crystal Palace,1.0,1.8,Arsenal,6500.0,Selhurst Park,Anthony Taylor,Informe del partido,1,3
748,37.0,Mié,2021-05-19,20:15,Burnley,0.8,2.6,Liverpool,3387.0,Turf Moor,Chris Kavanagh,Informe del partido,0,3
749,37.0,Mié,2021-05-19,20:15,West Brom,1.1,3.4,West Ham,5371.0,The Hawthorns,Michael Oliver,Informe del partido,1,3
750,38.0,Dom,2021-05-23,16:00,Aston Villa,1.1,3.3,Chelsea,10000.0,Villa Park,Stuart Attwell,Informe del partido,2,1
751,38.0,Dom,2021-05-23,16:00,Leicester City,1.9,1.5,Tottenham,8000.0,King Power Stadium,Anthony Taylor,Informe del partido,2,4
752,38.0,Dom,2021-05-23,16:00,Manchester City,2.5,1.1,Everton,10000.0,Etihad Stadium,Michael Oliver,Informe del partido,5,0
753,38.0,Dom,2021-05-23,16:00,Sheffield Utd,0.5,1.1,Burnley,5000.0,Bramall Lane,Kevin Friend,Informe del partido,1,0
754,38.0,Dom,2021-05-23,16:00,Wolves,0.9,2.0,Manchester Utd,4500.0,Molineux Stadium,Mike Dean,Informe del partido,1,2
755,38.0,Dom,2021-05-23,16:00,West Ham,1.3,1.5,Southampton,10000.0,London Stadium,Martin Atkinson,Informe del partido,3,0
756,38.0,Dom,2021-05-23,16:00,Leeds United,2.3,1.0,West Brom,8000.0,Elland Road,David Coote,Informe del partido,3,1
757,38.0,Dom,2021-05-23,16:00,Arsenal,0.8,0.2,Brighton,10000.0,Emirates Stadium,Jonathan Moss,Informe del partido,2,0
758,38.0,Dom,2021-05-23,16:00,Liverpool,1.6,0.6,Crystal Palace,9901.0,Anfield,Craig Pawson,Informe del partido,2,0
759,38.0,Dom,2021-05-23,16:00,Fulham,1.0,1.3,Newcastle Utd,2000.0,Craven Cottage,Chris Kavanagh,Informe del partido,0,2
760,1.0,Vie,2021-08-13,20:00,Brentford,1.2,1.3,Arsenal,16479.0,Brentford Community Stadium,Michael Oliver,Informe del partido,2,0
761,1.0,Sáb,2021-08-14,12:30,Manchester Utd,1.5,0.5,Leeds United,72732.0,Old Trafford,Paul Tierney,Informe del partido,5,1
762,1.0,Sáb,2021-08-14,15:00,Leicester City,0.5,1.3,Wolves,31983.0,King Power Stadium,Craig Pawson,Informe del partido,1,0
763,1.0,Sáb,2021-08-14,15:00,Burnley,1.5,1.0,Brighton,16910.0,Turf Moor,David Coote,Informe del partido,1,2
764,1.0,Sáb,2021-08-14,15:00,Chelsea,0.7,0.2,Crystal Palace,38965.0,Stamford Bridge,Jonathan Moss,Informe del partido,3,0
765,1.0,Sáb,2021-08-14,15:00,Watford,1.2,1.2,Aston Villa,20051.0,Vicarage Road Stadium,Mike Dean,Informe del partido,3,2
766,1.0,Sáb,2021-08-14,15:00,Everton,2.4,0.8,Southampton,38487.0,Goodison Park,Andy Madley,Informe del partido,3,1
767,1.0,Sáb,2021-08-14,17:30,Norwich City,1.4,1.6,Liverpool,27023.0,Carrow Road,Andre Marriner,Informe del partido,0,3
768,1.0,Dom,2021-08-15,14:00,Newcastle Utd,1.8,2.7,West Ham,50673.0,St. James' Park,Martin Atkinson,Informe del partido,2,4
769,1.0,Dom,2021-08-15,16:30,Tottenham,1.0,1.8,Manchester City,58262.0,Tottenham Hotspur Stadium,Anthony Taylor,Informe del partido,1,0
770,2.0,Sáb,2021-08-21,12:30,Liverpool,2.7,0.9,Burnley,52591.0,Anfield,Mike Dean,Informe del partido,2,0
771,2.0,Sáb,2021-08-21,15:00,Aston Villa,1.2,0.7,Newcastle Utd,41964.0,Villa Park,David Coote,Informe del partido,2,0
772,2.0,Sáb,2021-08-21,15:00,Manchester City,2.6,0.1,Norwich City,51437.0,Etihad Stadium,Graham Scott,Informe del partido,5,0
773,2.0,Sáb,2021-08-21,15:00,Leeds United,1.2,1.8,Everton,36293.0,Elland Road,Darren England,Informe del partido,2,2
774,2.0,Sáb,2021-08-21,15:00,Crystal Palace,0.5,0.9,Brentford,23091.0,Selhurst Park,Martin Atkinson,Informe del partido,0,0
775,2.0,Sáb,2021-08-21,17:30,Brighton,1.3,0.5,Watford,29485.0,The American Express Community Stadium,Anthony Taylor,Informe del partido,2,0
776,2.0,Dom,2021-08-22,14:00,Wolves,1.7,1.7,Tottenham,30368.0,Molineux Stadium,Stuart Attwell,Informe del partido,0,1
777,2.0,Dom,2021-08-22,14:00,Southampton,0.7,1.8,Manchester Utd,32000.0,St. Mary's Stadium,Craig Pawson,Informe del partido,1,1
778,2.0,Dom,2021-08-22,16:30,Arsenal,0.3,3.1,Chelsea,58729.0,Emirates Stadium,Paul Tierney,Informe del partido,0,2
779,2.0,Lun,2021-08-23,20:00,West Ham,2.3,0.6,Leicester City,59901.0,London Stadium,Michael Oliver,Informe del partido,4,1
780,3.0,Sáb,2021-08-28,12:30,Manchester City,4.4,0.2,Arsenal,52276.0,Etihad Stadium,Martin Atkinson,Informe del partido,5,0
781,3.0,Sáb,2021-08-28,15:00,Norwich City,1.5,1.5,Leicester City,26765.0,Carrow Road,Robert Jones,Informe del partido,1,2
782,3.0,Sáb,2021-08-28,15:00,West Ham,1.3,1.1,Crystal Palace,59751.0,London Stadium,Stuart Attwell,Informe del partido,2,2
783,3.0,Sáb,2021-08-28,15:00,Aston Villa,0.7,0.9,Brentford,42045.0,Villa Park,Peter Bankes,Informe del partido,1,1
784,3.0,Sáb,2021-08-28,15:00,Newcastle Utd,1.0,3.6,Southampton,44017.0,St. James' Park,Paul Tierney,Informe del partido,2,2
785,3.0,Sáb,2021-08-28,15:00,Brighton,0.7,1.4,Everton,30548.0,The American Express Community Stadium,Jonathan Moss,Informe del partido,0,2
786,3.0,Sáb,2021-08-28,17:30,Liverpool,2.5,0.6,Chelsea,54000.0,Anfield,Anthony Taylor,Informe del partido,1,1
787,3.0,Dom,2021-08-29,14:00,Burnley,1.0,1.2,Leeds United,20000.0,Turf Moor,Michael Oliver,Informe del partido,1,1
788,3.0,Dom,2021-08-29,14:00,Tottenham,1.0,0.8,Watford,57672.0,Tottenham Hotspur Stadium,Andre Marriner,Informe del partido,1,0
789,3.0,Dom,2021-08-29,16:30,Wolves,2.1,0.6,Manchester Utd,30621.0,Molineux Stadium,Mike Dean,Informe del partido,0,1
790,4.0,Sáb,2021-09-11,12:30,Crystal Palace,2.1,0.1,Tottenham,26000.0,Selhurst Park,Jonathan Moss,Informe del partido,3,0
791,4.0,Sáb,2021-09-11,15:00,Watford,0.2,2.2,Wolves,20019.0,Vicarage Road Stadium,Peter Bankes,Informe del partido,0,2
792,4.0,Sáb,2021-09-11,15:00,Brentford,0.4,0.3,Brighton,16518.0,Brentford Community Stadium,Graham Scott,Informe del partido,0,1
793,4.0,Sáb,2021-09-11,15:00,Arsenal,2.7,0.7,Norwich City,58000.0,Emirates Stadium,Michael Oliver,Informe del partido,1,0
794,4.0,Sáb,2021-09-11,15:00,Manchester Utd,2.5,0.4,Newcastle Utd,72732.0,Old Trafford,Anthony Taylor,Informe del partido,4,1
795,4.0,Sáb,2021-09-11,15:00,Leicester City,0.6,2.8,Manchester City,32087.0,King Power Stadium,Paul Tierney,Informe del partido,0,1
796,4.0,Sáb,2021-09-11,15:00,Southampton,0.7,0.7,West Ham,30000.0,St. Mary's Stadium,David Coote,Informe del partido,0,0
797,4.0,Sáb,2021-09-11,17:30,Chelsea,1.3,1.2,Aston Villa,39969.0,Stamford Bridge,Stuart Attwell,Informe del partido,3,0
798,4.0,Dom,2021-09-12,16:30,Leeds United,1.2,4.3,Liverpool,36507.0,Elland Road,Craig Pawson,Informe del partido,0,3
799,4.0,Lun,2021-09-13,20:00,Everton,1.4,1.0,Burnley,30000.0,Goodison Park,Martin Atkinson,Informe del partido,3,1
800,5.0,Vie,2021-09-17,20:00,Newcastle Utd,1.3,1.5,Leeds United,50407.0,St. James' Park,Mike Dean,Informe del partido,1,1
801,5.0,Sáb,2021-09-18,12:30,Wolves,0.6,2.5,Brentford,30000.0,Molineux Stadium,Darren England,Informe del partido,0,2
802,5.0,Sáb,2021-09-18,15:00,Manchester City,1.0,0.4,Southampton,52698.0,Etihad Stadium,Jonathan Moss,Informe del partido,0,0
803,5.0,Sáb,2021-09-18,15:00,Liverpool,3.1,0.6,Crystal Palace,52000.0,Anfield,Andy Madley,Informe del partido,3,0
804,5.0,Sáb,2021-09-18,15:00,Norwich City,1.0,2.4,Watford,26649.0,Carrow Road,Robert Jones,Informe del partido,1,3
805,5.0,Sáb,2021-09-18,15:00,Burnley,1.0,1.1,Arsenal,20000.0,Turf Moor,Anthony Taylor,Informe del partido,0,1
806,5.0,Sáb,2021-09-18,17:30,Aston Villa,0.8,0.7,Everton,41888.0,Villa Park,Craig Pawson,Informe del partido,3,0
807,5.0,Dom,2021-09-19,14:00,West Ham,1.6,2.0,Manchester Utd,60000.0,London Stadium,Martin Atkinson,Informe del partido,1,2
808,5.0,Dom,2021-09-19,14:00,Brighton,1.7,1.6,Leicester City,31078.0,The American Express Community Stadium,Stuart Attwell,Informe del partido,2,1
809,5.0,Dom,2021-09-19,16:30,Tottenham,0.5,2.1,Chelsea,60059.0,Tottenham Hotspur Stadium,Paul Tierney,Informe del partido,0,3
810,6.0,Sáb,2021-09-25,12:30,Manchester Utd,2.2,1.0,Aston Villa,72922.0,Old Trafford,Mike Dean,Informe del partido,0,1
811,6.0,Sáb,2021-09-25,12:30,Chelsea,0.2,1.7,Manchester City,40036.0,Stamford Bridge,Michael Oliver,Informe del partido,0,1
812,6.0,Sáb,2021-09-25,15:00,Leicester City,2.4,0.5,Burnley,31650.0,King Power Stadium,Chris Kavanagh,Informe del partido,2,2
813,6.0,Sáb,2021-09-25,15:00,Leeds United,1.2,1.6,West Ham,36417.0,Elland Road,Kevin Friend,Informe del partido,1,2
814,6.0,Sáb,2021-09-25,15:00,Watford,0.9,1.9,Newcastle Utd,20650.0,Vicarage Road Stadium,Jarred Gillett,Informe del partido,1,1
815,6.0,Sáb,2021-09-25,15:00,Everton,1.9,0.5,Norwich City,38821.0,Goodison Park,David Coote,Informe del partido,2,0
816,6.0,Sáb,2021-09-25,17:30,Brentford,2.1,2.8,Liverpool,16876.0,Brentford Community Stadium,Stuart Attwell,Informe del partido,3,3
817,6.0,Dom,2021-09-26,14:00,Southampton,1.0,1.0,Wolves,28002.0,St. Mary's Stadium,Andy Madley,Informe del partido,0,1
818,6.0,Dom,2021-09-26,16:30,Arsenal,1.1,1.0,Tottenham,59919.0,Emirates Stadium,Craig Pawson,Informe del partido,3,1
819,6.0,Lun,2021-09-27,20:00,Crystal Palace,1.4,0.8,Brighton,22975.0,Selhurst Park,Andre Marriner,Informe del partido,1,1
820,7.0,Sáb,2021-10-02,12:30,Manchester Utd,1.0,1.3,Everton,73128.0,Old Trafford,Michael Oliver,Informe del partido,1,1
821,7.0,Sáb,2021-10-02,15:00,Wolves,1.0,0.6,Newcastle Utd,30483.0,Molineux Stadium,Graham Scott,Informe del partido,2,1
822,7.0,Sáb,2021-10-02,15:00,Burnley,1.2,0.6,Norwich City,17427.0,Turf Moor,Kevin Friend,Informe del partido,0,0
823,7.0,Sáb,2021-10-02,15:00,Chelsea,3.3,1.3,Southampton,40109.0,Stamford Bridge,Martin Atkinson,Informe del partido,3,1
824,7.0,Sáb,2021-10-02,15:00,Leeds United,1.3,0.2,Watford,36261.0,Elland Road,Simon Hooper,Informe del partido,1,0
825,7.0,Sáb,2021-10-02,17:30,Brighton,1.1,0.4,Arsenal,31266.0,The American Express Community Stadium,Jonathan Moss,Informe del partido,0,0
826,7.0,Dom,2021-10-03,14:00,Tottenham,1.3,1.2,Aston Villa,53076.0,Tottenham Hotspur Stadium,Chris Kavanagh,Informe del partido,2,1
827,7.0,Dom,2021-10-03,14:00,Crystal Palace,1.5,1.2,Leicester City,25000.0,Selhurst Park,Anthony Taylor,Informe del partido,2,2
828,7.0,Dom,2021-10-03,14:00,West Ham,1.5,1.2,Brentford,49940.0,London Stadium,Peter Bankes,Informe del partido,1,2
829,7.0,Dom,2021-10-03,16:30,Liverpool,0.9,1.2,Manchester City,53102.0,Anfield,Paul Tierney,Informe del partido,2,2
830,8.0,Sáb,2021-10-16,12:30,Watford,0.5,3.3,Liverpool,21085.0,Vicarage Road Stadium,Jonathan Moss,Informe del partido,0,5
831,8.0,Sáb,2021-10-16,15:00,Leicester City,2.4,1.2,Manchester Utd,32219.0,King Power Stadium,Craig Pawson,Informe del partido,4,2
832,8.0,Sáb,2021-10-16,15:00,Manchester City,2.1,0.9,Burnley,52711.0,Etihad Stadium,Martin Atkinson,Informe del partido,2,0
833,8.0,Sáb,2021-10-16,15:00,Southampton,1.9,0.2,Leeds United,30506.0,St. Mary's Stadium,David Coote,Informe del partido,1,0
834,8.0,Sáb,2021-10-16,15:00,Aston Villa,1.0,2.0,Wolves,41951.0,Villa Park,Michael Oliver,Informe del partido,2,3
835,8.0,Sáb,2021-10-16,15:00,Norwich City,1.2,0.8,Brighton,26777.0,Carrow Road,Peter Bankes,Informe del partido,0,0
836,8.0,Sáb,2021-10-16,17:30,Brentford,1.4,0.3,Chelsea,16940.0,Brentford Community Stadium,Anthony Taylor,Informe del partido,0,1
837,8.0,Dom,2021-10-17,14:00,Everton,0.9,1.2,West Ham,39132.0,Goodison Park,Stuart Attwell,Informe del partido,0,1
838,8.0,Dom,2021-10-17,16:30,Newcastle Utd,0.4,1.7,Tottenham,52214.0,St. James' Park,Andre Marriner,Informe del partido,2,3
839,8.0,Lun,2021-10-18,20:00,Arsenal,1.7,0.7,Crystal Palace,59475.0,Emirates Stadium,Mike Dean,Informe del partido,2,2
840,9.0,Vie,2021-10-22,20:00,Arsenal,2.7,1.4,Aston Villa,59496.0,Emirates Stadium,Craig Pawson,Informe del partido,3,1
841,9.0,Sáb,2021-10-23,12:30,Chelsea,3.1,0.1,Norwich City,40113.0,Stamford Bridge,Andy Madley,Informe del partido,7,0
842,9.0,Sáb,2021-10-23,15:00,Leeds United,1.6,0.9,Wolves,36475.0,Elland Road,Robert Jones,Informe del partido,1,1
843,9.0,Sáb,2021-10-23,15:00,Crystal Palace,1.9,0.3,Newcastle Utd,24609.0,Selhurst Park,Darren England,Informe del partido,1,1
844,9.0,Sáb,2021-10-23,15:00,Everton,1.5,3.7,Watford,38834.0,Goodison Park,Graham Scott,Informe del partido,2,5
845,9.0,Sáb,2021-10-23,15:00,Southampton,1.6,0.7,Burnley,29145.0,St. Mary's Stadium,Chris Kavanagh,Informe del partido,2,2
846,9.0,Sáb,2021-10-23,17:30,Brighton,1.3,3.8,Manchester City,31215.0,The American Express Community Stadium,Kevin Friend,Informe del partido,1,4
847,9.0,Dom,2021-10-24,14:00,West Ham,1.3,0.7,Tottenham,59924.0,London Stadium,Paul Tierney,Informe del partido,1,0
848,9.0,Dom,2021-10-24,14:00,Brentford,1.0,1.5,Leicester City,16814.0,Brentford Community Stadium,Simon Hooper,Informe del partido,1,2
849,9.0,Dom,2021-10-24,16:30,Manchester Utd,1.6,3.4,Liverpool,73088.0,Old Trafford,Anthony Taylor,Informe del partido,0,5
850,10.0,Sáb,2021-10-30,12:30,Leicester City,1.3,0.7,Arsenal,32209.0,King Power Stadium,Michael Oliver,Informe del partido,0,2
851,10.0,Sáb,2021-10-30,15:00,Newcastle Utd,0.2,2.2,Chelsea,52208.0,St. James' Park,Paul Tierney,Informe del partido,0,3
852,10.0,Sáb,2021-10-30,15:00,Liverpool,1.5,1.0,Brighton,52598.0,Anfield,Mike Dean,Informe del partido,2,2
853,10.0,Sáb,2021-10-30,15:00,Burnley,2.3,0.8,Brentford,18821.0,Turf Moor,Jonathan Moss,Informe del partido,3,1
854,10.0,Sáb,2021-10-30,15:00,Watford,1.0,1.8,Southampton,20869.0,Vicarage Road Stadium,Peter Bankes,Informe del partido,0,1
855,10.0,Sáb,2021-10-30,15:00,Manchester City,0.7,0.7,Crystal Palace,53014.0,Etihad Stadium,Andre Marriner,Informe del partido,0,2
856,10.0,Sáb,2021-10-30,17:30,Tottenham,1.0,1.5,Manchester Utd,60356.0,Tottenham Hotspur Stadium,Stuart Attwell,Informe del partido,0,3
857,10.0,Dom,2021-10-31,14:00,Norwich City,0.8,0.7,Leeds United,26913.0,Carrow Road,Anthony Taylor,Informe del partido,1,2
858,10.0,Dom,2021-10-31,16:30,Aston Villa,0.7,2.3,West Ham,41874.0,Villa Park,Chris Kavanagh,Informe del partido,1,4
859,10.0,Lun,2021-11-01,20:00,Wolves,1.7,1.5,Everton,30617.0,Molineux Stadium,Martin Atkinson,Informe del partido,2,1
860,11.0,Vie,2021-11-05,20:00,Southampton,0.6,0.6,Aston Villa,30178.0,St. Mary's Stadium,Andy Madley,Informe del partido,1,0
861,11.0,Sáb,2021-11-06,12:30,Manchester Utd,0.9,1.6,Manchester City,73086.0,Old Trafford,Michael Oliver,Informe del partido,0,2
862,11.0,Sáb,2021-11-06,15:00,Brentford,2.5,1.2,Norwich City,16837.0,Brentford Community Stadium,Jarred Gillett,Informe del partido,1,2
863,11.0,Sáb,2021-11-06,15:00,Chelsea,1.8,0.7,Burnley,39798.0,Stamford Bridge,Andre Marriner,Informe del partido,1,1
864,11.0,Sáb,2021-11-06,15:00,Crystal Palace,1.9,0.3,Wolves,24390.0,Selhurst Park,Graham Scott,Informe del partido,2,0
865,11.0,Sáb,2021-11-06,17:30,Brighton,1.5,0.3,Newcastle Utd,31267.0,The American Express Community Stadium,David Coote,Informe del partido,1,1
866,11.0,Dom,2021-11-07,14:00,Everton,0.6,0.7,Tottenham,39059.0,Goodison Park,Chris Kavanagh,Informe del partido,0,0
867,11.0,Dom,2021-11-07,14:00,Leeds United,1.3,0.7,Leicester City,36478.0,Elland Road,Darren England,Informe del partido,1,1
868,11.0,Dom,2021-11-07,14:00,Arsenal,1.6,0.5,Watford,59833.0,Emirates Stadium,Kevin Friend,Informe del partido,1,0
869,11.0,Dom,2021-11-07,16:30,West Ham,1.0,1.2,Liverpool,59909.0,London Stadium,Craig Pawson,Informe del partido,3,2
870,12.0,Sáb,2021-11-20,12:30,Leicester City,0.4,2.0,Chelsea,35497.0,King Power Stadium,Paul Tierney,Informe del partido,0,3
871,12.0,Sáb,2021-11-20,15:00,Wolves,1.4,0.4,West Ham,30667.0,Molineux Stadium,Mike Dean,Informe del partido,1,0
872,12.0,Sáb,2021-11-20,15:00,Watford,2.7,1.4,Manchester Utd,21087.0,Vicarage Road Stadium,Jonathan Moss,Informe del partido,4,1
873,12.0,Sáb,2021-11-20,15:00,Norwich City,0.5,1.0,Southampton,26885.0,Carrow Road,Martin Atkinson,Informe del partido,2,1
874,12.0,Sáb,2021-11-20,15:00,Aston Villa,0.7,0.4,Brighton,41925.0,Villa Park,Anthony Taylor,Informe del partido,2,0
875,12.0,Sáb,2021-11-20,15:00,Newcastle Utd,1.5,0.9,Brentford,52131.0,St. James' Park,Robert Jones,Informe del partido,3,3
876,12.0,Sáb,2021-11-20,15:00,Burnley,1.5,1.9,Crystal Palace,18028.0,Turf Moor,Simon Hooper,Informe del partido,3,3
877,12.0,Sáb,2021-11-20,17:30,Liverpool,4.3,0.4,Arsenal,53092.0,Anfield,Michael Oliver,Informe del partido,4,0
878,12.0,Dom,2021-11-21,14:00,Manchester City,2.5,0.2,Everton,52571.0,Etihad Stadium,Stuart Attwell,Informe del partido,3,0
879,12.0,Dom,2021-11-21,16:30,Tottenham,2.1,1.4,Leeds United,58989.0,Tottenham Hotspur Stadium,Andre Marriner,Informe del partido,2,1
880,13.0,Sáb,2021-11-27,12:30,Arsenal,2.5,0.3,Newcastle Utd,59886.0,Emirates Stadium,Stuart Attwell,Informe del partido,2,0
881,13.0,Sáb,2021-11-27,15:00,Crystal Palace,1.0,0.5,Aston Villa,25203.0,Selhurst Park,Michael Salisbury,Informe del partido,1,2
882,13.0,Sáb,2021-11-27,15:00,Liverpool,2.9,1.0,Southampton,53040.0,Anfield,Andre Marriner,Informe del partido,4,0
883,13.0,Sáb,2021-11-27,15:00,Norwich City,1.6,0.3,Wolves,26911.0,Carrow Road,Simon Hooper,Informe del partido,0,0
884,13.0,Sáb,2021-11-27,17:30,Brighton,2.1,0.6,Leeds United,31166.0,The American Express Community Stadium,Craig Pawson,Informe del partido,0,0
885,13.0,Dom,2021-11-28,14:00,Brentford,1.2,1.0,Everton,16957.0,Brentford Community Stadium,Darren England,Informe del partido,1,0
886,13.0,Dom,2021-11-28,14:00,Leicester City,2.1,2.8,Watford,32020.0,King Power Stadium,Andy Madley,Informe del partido,4,2
887,13.0,Dom,2021-11-28,14:00,Manchester City,2.1,0.2,West Ham,53245.0,Etihad Stadium,Michael Oliver,Informe del partido,2,1
888,13.0,Dom,2021-11-28,16:30,Chelsea,2.7,0.9,Manchester Utd,40041.0,Stamford Bridge,Anthony Taylor,Informe del partido,1,1
889,14.0,Mar,2021-11-30,19:30,Newcastle Utd,1.1,1.2,Norwich City,50757.0,St. James' Park,Andy Madley,Informe del partido,1,1
890,14.0,Mar,2021-11-30,20:15,Leeds United,1.4,1.1,Crystal Palace,35558.0,Elland Road,Kevin Friend,Informe del partido,1,0
891,14.0,Mié,2021-12-01,19:30,Southampton,1.5,1.5,Leicester City,26951.0,St. Mary's Stadium,Robert Jones,Informe del partido,2,2
892,14.0,Mié,2021-12-01,19:30,West Ham,1.3,1.3,Brighton,59626.0,London Stadium,Chris Kavanagh,Informe del partido,1,1
893,14.0,Mié,2021-12-01,19:30,Wolves,0.7,0.2,Burnley,30328.0,Molineux Stadium,John Brooks,Informe del partido,0,0
894,14.0,Mié,2021-12-01,19:30,Watford,1.0,0.9,Chelsea,20388.0,Vicarage Road Stadium,David Coote,Informe del partido,1,2
895,14.0,Mié,2021-12-01,20:15,Aston Villa,0.8,1.0,Manchester City,41400.0,Villa Park,Mike Dean,Informe del partido,1,2
896,14.0,Mié,2021-12-01,20:15,Everton,0.7,2.4,Liverpool,39641.0,Goodison Park,Paul Tierney,Informe del partido,1,4
897,14.0,Jue,2021-12-02,19:30,Tottenham,1.9,0.3,Brentford,54202.0,Tottenham Hotspur Stadium,Jonathan Moss,Informe del partido,2,0
898,14.0,Jue,2021-12-02,20:15,Manchester Utd,1.9,1.4,Arsenal,73123.0,Old Trafford,Martin Atkinson,Informe del partido,3,2
899,15.0,Sáb,2021-12-04,12:30,West Ham,1.8,1.1,Chelsea,59942.0,London Stadium,Andre Marriner,Informe del partido,3,2
900,15.0,Sáb,2021-12-04,15:00,Newcastle Utd,1.0,0.6,Burnley,51948.0,St. James' Park,Paul Tierney,Informe del partido,1,0
901,15.0,Sáb,2021-12-04,15:00,Southampton,1.6,1.6,Brighton,28706.0,St. Mary's Stadium,Anthony Taylor,Informe del partido,1,1
902,15.0,Sáb,2021-12-04,15:00,Wolves,0.1,2.7,Liverpool,30729.0,Molineux Stadium,Chris Kavanagh,Informe del partido,0,1
903,15.0,Sáb,2021-12-04,17:30,Watford,0.8,3.1,Manchester City,20673.0,Vicarage Road Stadium,Simon Hooper,Informe del partido,1,3
904,15.0,Dom,2021-12-05,14:00,Leeds United,1.2,1.0,Brentford,35639.0,Elland Road,David Coote,Informe del partido,2,2
905,15.0,Dom,2021-12-05,14:00,Tottenham,1.6,1.2,Norwich City,57088.0,Tottenham Hotspur Stadium,Jarred Gillett,Informe del partido,3,0
906,15.0,Dom,2021-12-05,14:00,Manchester Utd,0.9,0.5,Crystal Palace,73172.0,Old Trafford,Craig Pawson,Informe del partido,1,0
907,15.0,Dom,2021-12-05,16:30,Aston Villa,2.1,1.1,Leicester City,41572.0,Villa Park,Michael Oliver,Informe del partido,2,1
908,15.0,Lun,2021-12-06,20:00,Everton,0.9,1.0,Arsenal,38906.0,Goodison Park,Mike Dean,Informe del partido,2,1
909,16.0,Vie,2021-12-10,20:00,Brentford,1.6,0.5,Watford,16861.0,Brentford Community Stadium,Michael Oliver,Informe del partido,2,1
910,16.0,Sáb,2021-12-11,12:30,Manchester City,3.2,0.2,Wolves,52613.0,Etihad Stadium,Jonathan Moss,Informe del partido,1,0
911,16.0,Sáb,2021-12-11,15:00,Liverpool,2.2,0.2,Aston Villa,53093.0,Anfield,Stuart Attwell,Informe del partido,1,0
912,16.0,Sáb,2021-12-11,15:00,Arsenal,1.8,0.6,Southampton,59653.0,Emirates Stadium,Jarred Gillett,Informe del partido,3,0
913,16.0,Sáb,2021-12-11,15:00,Chelsea,2.5,1.4,Leeds United,39959.0,Stamford Bridge,Chris Kavanagh,Informe del partido,3,2
914,16.0,Sáb,2021-12-11,17:30,Norwich City,1.2,2.0,Manchester Utd,27606.0,Carrow Road,Darren England,Informe del partido,0,1
915,16.0,Dom,2021-12-12,14:00,Burnley,0.8,0.8,West Ham,18065.0,Turf Moor,Graham Scott,Informe del partido,0,0
916,16.0,Dom,2021-12-12,14:00,Leicester City,2.6,1.0,Newcastle Utd,31959.0,King Power Stadium,Peter Bankes,Informe del partido,4,0
917,16.0,Dom,2021-12-12,16:30,Crystal Palace,1.8,1.0,Everton,24066.0,Selhurst Park,Andy Madley,Informe del partido,3,1
918,17.0,Mar,2021-12-14,19:45,Norwich City,0.5,2.0,Aston Villa,26836.0,Carrow Road,David Coote,Informe del partido,0,2
919,17.0,Mar,2021-12-14,20:00,Manchester City,3.1,0.3,Leeds United,52401.0,Etihad Stadium,Paul Tierney,Informe del partido,7,0
920,17.0,Mié,2021-12-15,19:30,Brighton,1.2,1.0,Wolves,30362.0,The American Express Community Stadium,Tony Harrington,Informe del partido,0,1
921,17.0,Mié,2021-12-15,19:30,Crystal Palace,1.2,0.6,Southampton,22861.0,Selhurst Park,Simon Hooper,Informe del partido,2,2
922,17.0,Mié,2021-12-15,20:00,Arsenal,2.8,0.4,West Ham,59777.0,Emirates Stadium,Anthony Taylor,Informe del partido,2,0
923,17.0,Jue,2021-12-16,19:45,Chelsea,2.9,0.6,Everton,13933.0,Stamford Bridge,Michael Oliver,Informe del partido,1,1
924,17.0,Jue,2021-12-16,20:00,Liverpool,2.7,0.3,Newcastle Utd,52951.0,Anfield,Mike Dean,Informe del partido,3,1
925,18.0,Sáb,2021-12-18,17:30,Leeds United,1.6,3.5,Arsenal,36166.0,Elland Road,Andre Marriner,Informe del partido,1,4
926,18.0,Dom,2021-12-19,14:00,Wolves,0.2,0.9,Chelsea,30631.0,Molineux Stadium,David Coote,Informe del partido,0,0
927,18.0,Dom,2021-12-19,14:15,Newcastle Utd,0.3,2.9,Manchester City,52127.0,St. James' Park,Martin Atkinson,Informe del partido,0,4
928,18.0,Dom,2021-12-19,16:30,Tottenham,3.0,1.1,Liverpool,45421.0,Tottenham Hotspur Stadium,Paul Tierney,Informe del partido,2,2
929,19.0,Dom,2021-12-26,15:00,West Ham,1.6,1.2,Southampton,41027.0,London Stadium,Kevin Friend,Informe del partido,2,3
930,19.0,Dom,2021-12-26,15:00,Manchester City,3.6,2.7,Leicester City,53226.0,Etihad Stadium,Chris Kavanagh,Informe del partido,6,3
931,19.0,Dom,2021-12-26,15:00,Norwich City,0.1,2.5,Arsenal,26940.0,Carrow Road,Graham Scott,Informe del partido,0,5
932,19.0,Dom,2021-12-26,15:00,Tottenham,2.3,0.2,Crystal Palace,40539.0,Tottenham Hotspur Stadium,Jonathan Moss,Informe del partido,3,0
933,19.0,Dom,2021-12-26,17:30,Aston Villa,0.4,2.6,Chelsea,41907.0,Villa Park,Martin Atkinson,Informe del partido,1,3
934,19.0,Dom,2021-12-26,20:00,Brighton,0.8,0.7,Brentford,30141.0,The American Express Community Stadium,Darren England,Informe del partido,2,0
935,19.0,Lun,2021-12-27,20:00,Newcastle Utd,1.3,1.6,Manchester Utd,52178.0,St. James' Park,Craig Pawson,Informe del partido,1,1
936,20.0,Mar,2021-12-28,15:00,Southampton,0.4,2.3,Tottenham,31304.0,St. Mary's Stadium,Anthony Taylor,Informe del partido,1,1
937,20.0,Mar,2021-12-28,15:00,Crystal Palace,1.9,0.9,Norwich City,24433.0,Selhurst Park,Paul Tierney,Informe del partido,3,0
938,20.0,Mar,2021-12-28,15:00,Watford,1.6,3.6,West Ham,20073.0,Vicarage Road Stadium,Darren England,Informe del partido,1,4
939,20.0,Mar,2021-12-28,20:00,Leicester City,0.4,2.3,Liverpool,32230.0,King Power Stadium,Michael Oliver,Informe del partido,1,0
940,20.0,Mié,2021-12-29,19:30,Chelsea,0.7,0.9,Brighton,40080.0,Stamford Bridge,Mike Dean,Informe del partido,1,1
941,20.0,Mié,2021-12-29,20:15,Brentford,0.4,1.1,Manchester City,17009.0,Brentford Community Stadium,David Coote,Informe del partido,0,1
942,20.0,Jue,2021-12-30,20:15,Manchester Utd,2.4,1.1,Burnley,73121.0,Old Trafford,Jonathan Moss,Informe del partido,3,1
943,21.0,Sáb,2022-01-01,12:30,Arsenal,0.8,2.0,Manchester City,59757.0,Emirates Stadium,Stuart Attwell,Informe del partido,1,2
944,21.0,Sáb,2022-01-01,15:00,Watford,0.3,2.2,Tottenham,20391.0,Vicarage Road Stadium,Robert Jones,Informe del partido,0,1
945,21.0,Sáb,2022-01-01,17:30,Crystal Palace,2.4,2.2,West Ham,24351.0,Selhurst Park,Darren England,Informe del partido,2,3
946,21.0,Dom,2022-01-02,14:00,Leeds United,1.9,1.0,Burnley,36083.0,Elland Road,Paul Tierney,Informe del partido,3,1
947,21.0,Dom,2022-01-02,14:00,Brentford,0.6,0.8,Aston Villa,16876.0,Brentford Community Stadium,Craig Pawson,Informe del partido,2,1
948,21.0,Dom,2022-01-02,14:00,Everton,1.6,1.7,Brighton,38203.0,Goodison Park,John Brooks,Informe del partido,2,3
949,21.0,Dom,2022-01-02,16:30,Chelsea,1.2,1.3,Liverpool,40072.0,Stamford Bridge,Anthony Taylor,Informe del partido,2,2
950,21.0,Lun,2022-01-03,17:30,Manchester Utd,0.8,0.7,Wolves,73045.0,Old Trafford,Mike Dean,Informe del partido,0,1
951,18.0,Mar,2022-01-11,19:45,Southampton,1.4,0.5,Brentford,27383.0,St. Mary's Stadium,Stuart Attwell,Informe del partido,4,1
952,18.0,Mié,2022-01-12,19:45,West Ham,2.5,0.3,Norwich City,59775.0,London Stadium,Simon Hooper,Informe del partido,2,0
953,22.0,Vie,2022-01-14,20:00,Brighton,2.0,0.2,Crystal Palace,30675.0,The American Express Community Stadium,Robert Jones,Informe del partido,1,1
954,22.0,Sáb,2022-01-15,12:30,Manchester City,1.0,0.3,Chelsea,53319.0,Etihad Stadium,Craig Pawson,Informe del partido,1,0
955,22.0,Sáb,2022-01-15,15:00,Norwich City,1.0,0.6,Everton,26629.0,Carrow Road,Andy Madley,Informe del partido,2,1
956,22.0,Sáb,2022-01-15,15:00,Newcastle Utd,1.2,1.4,Watford,52223.0,St. James' Park,Paul Tierney,Informe del partido,1,1
957,22.0,Sáb,2022-01-15,15:00,Wolves,2.5,0.8,Southampton,30057.0,Molineux Stadium,Michael Salisbury,Informe del partido,3,1
958,22.0,Sáb,2022-01-15,17:30,Aston Villa,1.9,1.0,Manchester Utd,41968.0,Villa Park,David Coote,Informe del partido,2,2
959,22.0,Dom,2022-01-16,14:00,West Ham,2.4,2.2,Leeds United,59951.0,London Stadium,Mike Dean,Informe del partido,2,3
960,22.0,Dom,2022-01-16,14:00,Liverpool,2.7,0.7,Brentford,52824.0,Anfield,Jonathan Moss,Informe del partido,3,0
961,24.0,Mar,2022-01-18,20:00,Brighton,0.7,0.7,Chelsea,30880.0,The American Express Community Stadium,Kevin Friend,Informe del partido,1,1
962,17.0,Mié,2022-01-19,19:30,Leicester City,1.2,3.1,Tottenham,31986.0,King Power Stadium,Jonathan Moss,Informe del partido,2,3
963,17.0,Mié,2022-01-19,20:00,Brentford,2.3,2.3,Manchester Utd,17094.0,Brentford Community Stadium,Andre Marriner,Informe del partido,1,3
964,23.0,Vie,2022-01-21,20:00,Watford,1.2,1.1,Norwich City,20782.0,Vicarage Road Stadium,Mike Dean,Informe del partido,0,3
965,23.0,Sáb,2022-01-22,12:30,Everton,1.6,0.8,Aston Villa,38203.0,Goodison Park,Craig Pawson,Informe del partido,0,1
966,23.0,Sáb,2022-01-22,15:00,Leeds United,0.7,0.9,Newcastle Utd,36405.0,Elland Road,Chris Kavanagh,Informe del partido,0,1
967,23.0,Sáb,2022-01-22,15:00,Manchester Utd,1.9,0.3,West Ham,73130.0,Old Trafford,Jonathan Moss,Informe del partido,1,0
968,23.0,Sáb,2022-01-22,15:00,Brentford,1.1,0.2,Wolves,16982.0,Brentford Community Stadium,Peter Bankes,Informe del partido,1,2
969,23.0,Sáb,2022-01-22,17:30,Southampton,0.8,1.8,Manchester City,31178.0,St. Mary's Stadium,Simon Hooper,Informe del partido,1,1
970,23.0,Dom,2022-01-23,14:00,Crystal Palace,2.2,1.9,Liverpool,25002.0,Selhurst Park,Kevin Friend,Informe del partido,1,3
971,23.0,Dom,2022-01-23,14:00,Arsenal,1.2,0.4,Burnley,59255.0,Emirates Stadium,David Coote,Informe del partido,0,0
972,23.0,Dom,2022-01-23,14:00,Leicester City,1.4,1.1,Brighton,31231.0,King Power Stadium,Martin Atkinson,Informe del partido,1,1
973,23.0,Dom,2022-01-23,16:30,Chelsea,1.2,0.5,Tottenham,40020.0,Stamford Bridge,Paul Tierney,Informe del partido,2,0
974,17.0,Sáb,2022-02-05,18:00,Burnley,0.6,0.8,Watford,19527.0,Turf Moor,Craig Pawson,Informe del partido,0,0
975,24.0,Mar,2022-02-08,19:45,West Ham,0.8,0.3,Watford,59581.0,London Stadium,Martin Atkinson,Informe del partido,1,0
976,24.0,Mar,2022-02-08,19:45,Newcastle Utd,1.9,0.7,Everton,52186.0,St. James' Park,Anthony Taylor,Informe del partido,3,1
977,24.0,Mar,2022-02-08,20:00,Burnley,0.4,1.8,Manchester Utd,21233.0,Turf Moor,Mike Dean,Informe del partido,1,1
978,24.0,Mié,2022-02-09,19:45,Tottenham,1.4,2.2,Southampton,54012.0,Tottenham Hotspur Stadium,David Coote,Informe del partido,2,3
979,24.0,Mié,2022-02-09,19:45,Norwich City,0.4,1.3,Crystal Palace,26652.0,Carrow Road,Paul Tierney,Informe del partido,1,1
980,24.0,Mié,2022-02-09,19:45,Manchester City,1.9,0.4,Brentford,51658.0,Etihad Stadium,Darren England,Informe del partido,2,0
981,24.0,Mié,2022-02-09,20:00,Aston Villa,1.6,1.8,Leeds United,41927.0,Villa Park,Jarred Gillett,Informe del partido,3,3
982,24.0,Jue,2022-02-10,19:45,Liverpool,1.8,0.5,Leicester City,53050.0,Anfield,Chris Kavanagh,Informe del partido,2,0
983,24.0,Jue,2022-02-10,19:45,Wolves,0.8,1.8,Arsenal,31523.0,Molineux Stadium,Michael Oliver,Informe del partido,0,1
984,25.0,Sáb,2022-02-12,12:30,Manchester Utd,2.1,0.8,Southampton,73084.0,Old Trafford,Stuart Attwell,Informe del partido,1,1
985,25.0,Sáb,2022-02-12,15:00,Everton,2.7,0.3,Leeds United,39150.0,Goodison Park,Graham Scott,Informe del partido,3,0
986,25.0,Sáb,2022-02-12,15:00,Brentford,1.6,0.3,Crystal Palace,16958.0,Brentford Community Stadium,Simon Hooper,Informe del partido,0,0
987,25.0,Sáb,2022-02-12,15:00,Watford,0.5,1.6,Brighton,20795.0,Vicarage Road Stadium,Jonathan Moss,Informe del partido,0,2
988,25.0,Sáb,2022-02-12,17:30,Norwich City,0.4,4.6,Manchester City,27010.0,Carrow Road,Andre Marriner,Informe del partido,0,4
989,25.0,Dom,2022-02-13,14:00,Newcastle Utd,0.5,0.6,Aston Villa,52207.0,St. James' Park,Craig Pawson,Informe del partido,1,0
990,25.0,Dom,2022-02-13,14:00,Burnley,1.5,1.7,Liverpool,19563.0,Turf Moor,Martin Atkinson,Informe del partido,0,1
991,25.0,Dom,2022-02-13,14:00,Tottenham,1.2,1.3,Wolves,56452.0,Tottenham Hotspur Stadium,Kevin Friend,Informe del partido,0,2
992,25.0,Dom,2022-02-13,16:30,Leicester City,1.4,1.1,West Ham,32061.0,King Power Stadium,Michael Oliver,Informe del partido,2,2
993,18.0,Mar,2022-02-15,20:15,Manchester Utd,1.7,0.7,Brighton,73012.0,Old Trafford,Peter Bankes,Informe del partido,2,0
994,26.0,Sáb,2022-02-19,12:30,West Ham,0.6,0.8,Newcastle Utd,59949.0,London Stadium,Chris Kavanagh,Informe del partido,1,1
995,26.0,Sáb,2022-02-19,15:00,Aston Villa,1.3,1.2,Watford,41936.0,Villa Park,Robert Jones,Informe del partido,0,1
996,26.0,Sáb,2022-02-19,15:00,Arsenal,1.7,0.6,Brentford,59249.0,Emirates Stadium,Jonathan Moss,Informe del partido,2,1
997,26.0,Sáb,2022-02-19,15:00,Southampton,2.5,0.3,Everton,31312.0,St. Mary's Stadium,Andy Madley,Informe del partido,2,0
998,26.0,Sáb,2022-02-19,15:00,Liverpool,3.6,0.6,Norwich City,53135.0,Anfield,Mike Dean,Informe del partido,3,1
999,26.0,Sáb,2022-02-19,15:00,Brighton,0.6,0.7,Burnley,30361.0,The American Express Community Stadium,Kevin Friend,Informe del partido,0,3
1000,26.0,Sáb,2022-02-19,15:00,Crystal Palace,0.5,0.9,Chelsea,25109.0,Selhurst Park,David Coote,Informe del partido,0,1
1001,26.0,Sáb,2022-02-19,17:30,Manchester City,2.1,1.4,Tottenham,53201.0,Etihad Stadium,Anthony Taylor,Informe del partido,2,3
1002,26.0,Dom,2022-02-20,14:00,Leeds United,1.8,2.2,Manchester Utd,36715.0,Elland Road,Paul Tierney,Informe del partido,2,4
1003,26.0,Dom,2022-02-20,16:30,Wolves,0.5,1.7,Leicester City,31587.0,Molineux Stadium,Craig Pawson,Informe del partido,2,1
1004,13.0,Mié,2022-02-23,19:30,Burnley,0.9,0.7,Tottenham,19488.0,Turf Moor,Graham Scott,Informe del partido,1,0
1005,18.0,Mié,2022-02-23,19:30,Watford,1.4,1.1,Crystal Palace,20012.0,Vicarage Road Stadium,Andre Marriner,Informe del partido,1,4
1006,19.0,Mié,2022-02-23,19:45,Liverpool,5.9,0.2,Leeds United,53018.0,Anfield,Michael Oliver,Informe del partido,6,0
1007,20.0,Jue,2022-02-24,19:45,Arsenal,3.1,1.0,Wolves,59888.0,Emirates Stadium,Martin Atkinson,Informe del partido,2,1
1008,27.0,Vie,2022-02-25,20:00,Southampton,2.6,0.6,Norwich City,31182.0,St. Mary's Stadium,Simon Hooper,Informe del partido,2,0
1009,27.0,Sáb,2022-02-26,12:30,Leeds United,1.5,1.9,Tottenham,36599.0,Elland Road,Craig Pawson,Informe del partido,0,4
1010,27.0,Sáb,2022-02-26,15:00,Crystal Palace,1.0,0.2,Burnley,24203.0,Selhurst Park,Jonathan Moss,Informe del partido,1,1
1011,27.0,Sáb,2022-02-26,15:00,Manchester Utd,2.8,0.6,Watford,73152.0,Old Trafford,Kevin Friend,Informe del partido,0,0
1012,27.0,Sáb,2022-02-26,15:00,Brighton,0.7,1.0,Aston Villa,31475.0,The American Express Community Stadium,John Brooks,Informe del partido,0,2
1013,27.0,Sáb,2022-02-26,15:00,Brentford,0.4,2.7,Newcastle Utd,17039.0,Brentford Community Stadium,Mike Dean,Informe del partido,0,2
1014,27.0,Sáb,2022-02-26,17:30,Everton,0.5,1.8,Manchester City,39105.0,Goodison Park,Paul Tierney,Informe del partido,0,1
1015,27.0,Dom,2022-02-27,14:00,West Ham,1.8,0.7,Wolves,59946.0,London Stadium,Anthony Taylor,Informe del partido,1,0
1016,22.0,Mar,2022-03-01,19:45,Burnley,0.9,1.5,Leicester City,17825.0,Turf Moor,Chris Kavanagh,Informe del partido,0,2
1017,28.0,Sáb,2022-03-05,12:30,Leicester City,0.4,1.7,Leeds United,32236.0,King Power Stadium,David Coote,Informe del partido,1,0
1018,28.0,Sáb,2022-03-05,15:00,Newcastle Utd,1.7,1.5,Brighton,52214.0,St. James' Park,Martin Atkinson,Informe del partido,2,1
1019,28.0,Sáb,2022-03-05,15:00,Aston Villa,2.5,1.1,Southampton,41855.0,Villa Park,Peter Bankes,Informe del partido,4,0
1020,28.0,Sáb,2022-03-05,15:00,Burnley,0.7,2.3,Chelsea,19439.0,Turf Moor,Andre Marriner,Informe del partido,0,4
1021,28.0,Sáb,2022-03-05,15:00,Wolves,0.7,2.7,Crystal Palace,31395.0,Molineux Stadium,Andy Madley,Informe del partido,0,2
1022,28.0,Sáb,2022-03-05,15:00,Norwich City,1.0,2.0,Brentford,26887.0,Carrow Road,Anthony Taylor,Informe del partido,1,3
1023,28.0,Sáb,2022-03-05,17:30,Liverpool,2.4,1.3,West Ham,59925.0,Anfield,Jonathan Moss,Informe del partido,1,0
1024,28.0,Dom,2022-03-06,14:00,Watford,1.0,1.0,Arsenal,21142.0,Vicarage Road Stadium,Craig Pawson,Informe del partido,2,3
1025,28.0,Dom,2022-03-06,16:30,Manchester City,2.7,0.5,Manchester Utd,53165.0,Etihad Stadium,Michael Oliver,Informe del partido,4,1
1026,28.0,Lun,2022-03-07,20:00,Tottenham,2.5,0.2,Everton,59647.0,Tottenham Hotspur Stadium,Stuart Attwell,Informe del partido,5,0
1027,19.0,Jue,2022-03-10,19:30,Wolves,0.7,0.6,Watford,29658.0,Molineux Stadium,Darren England,Informe del partido,4,0
1028,21.0,Jue,2022-03-10,19:30,Southampton,1.1,0.6,Newcastle Utd,30056.0,St. Mary's Stadium,Kevin Friend,Informe del partido,1,2
1029,30.0,Jue,2022-03-10,19:30,Norwich City,1.0,1.8,Chelsea,26684.0,Carrow Road,Martin Atkinson,Informe del partido,1,3
1030,20.0,Jue,2022-03-10,19:45,Leeds United,0.2,1.5,Aston Villa,36400.0,Elland Road,Simon Hooper,Informe del partido,0,3
1031,29.0,Sáb,2022-03-12,12:30,Brighton,0.5,2.2,Liverpool,31474.0,The American Express Community Stadium,Mike Dean,Informe del partido,0,2
1032,29.0,Sáb,2022-03-12,15:00,Brentford,1.9,0.7,Burnley,17088.0,Brentford Community Stadium,Paul Tierney,Informe del partido,2,0
1033,29.0,Sáb,2022-03-12,17:30,Manchester Utd,1.0,1.5,Tottenham,73458.0,Old Trafford,Jonathan Moss,Informe del partido,3,2
1034,29.0,Dom,2022-03-13,14:00,Chelsea,1.1,0.3,Newcastle Utd,40026.0,Stamford Bridge,David Coote,Informe del partido,1,0
1035,29.0,Dom,2022-03-13,14:00,Southampton,1.4,1.7,Watford,28863.0,St. Mary's Stadium,Graham Scott,Informe del partido,1,2
1036,29.0,Dom,2022-03-13,14:00,West Ham,1.2,1.1,Aston Villa,59957.0,London Stadium,Jarred Gillett,Informe del partido,2,1
1037,29.0,Dom,2022-03-13,14:00,Everton,0.4,0.8,Wolves,39112.0,Goodison Park,Michael Oliver,Informe del partido,0,1
1038,29.0,Dom,2022-03-13,14:00,Leeds United,2.5,1.5,Norwich City,36321.0,Elland Road,Stuart Attwell,Informe del partido,2,1
1039,29.0,Dom,2022-03-13,16:30,Arsenal,2.4,0.4,Leicester City,60111.0,Emirates Stadium,Anthony Taylor,Informe del partido,2,0
1040,29.0,Lun,2022-03-14,20:00,Crystal Palace,0.6,2.8,Manchester City,25309.0,Selhurst Park,Martin Atkinson,Informe del partido,0,0
1041,16.0,Mié,2022-03-16,19:30,Brighton,0.7,2.2,Tottenham,31144.0,The American Express Community Stadium,Robert Jones,Informe del partido,0,2
1042,27.0,Mié,2022-03-16,20:15,Arsenal,0.5,0.8,Liverpool,59968.0,Emirates Stadium,Andre Marriner,Informe del partido,0,2
1043,20.0,Jue,2022-03-17,19:45,Everton,0.7,0.9,Newcastle Utd,39068.0,Goodison Park,Craig Pawson,Informe del partido,1,0
1044,30.0,Vie,2022-03-18,20:00,Wolves,1.2,2.0,Leeds United,31842.0,Molineux Stadium,Kevin Friend,Informe del partido,2,3
1045,30.0,Sáb,2022-03-19,12:30,Aston Villa,0.5,1.3,Arsenal,41956.0,Villa Park,Andy Madley,Informe del partido,0,1
1046,30.0,Dom,2022-03-20,14:00,Leicester City,1.0,1.3,Brentford,31830.0,King Power Stadium,Darren England,Informe del partido,2,1
1047,30.0,Dom,2022-03-20,16:30,Tottenham,3.0,0.6,West Ham,58685.0,Tottenham Hotspur Stadium,Anthony Taylor,Informe del partido,3,1
1048,31.0,Sáb,2022-04-02,12:30,Liverpool,2.2,0.6,Watford,53104.0,Anfield,Stuart Attwell,Informe del partido,2,0
1049,31.0,Sáb,2022-04-02,15:00,Wolves,1.3,2.1,Aston Villa,31012.0,Molineux Stadium,Darren England,Informe del partido,2,1
1050,31.0,Sáb,2022-04-02,15:00,Leeds United,1.2,1.4,Southampton,36580.0,Elland Road,Anthony Taylor,Informe del partido,1,1
1051,31.0,Sáb,2022-04-02,15:00,Chelsea,1.3,1.8,Brentford,39061.0,Stamford Bridge,Andy Madley,Informe del partido,1,4
1052,31.0,Sáb,2022-04-02,15:00,Burnley,0.1,1.8,Manchester City,21249.0,Turf Moor,Craig Pawson,Informe del partido,0,2
1053,31.0,Sáb,2022-04-02,15:00,Brighton,2.8,0.4,Norwich City,31245.0,The American Express Community Stadium,Simon Hooper,Informe del partido,0,0
1054,31.0,Sáb,2022-04-02,17:30,Manchester Utd,0.9,0.8,Leicester City,73444.0,Old Trafford,Andre Marriner,Informe del partido,1,1
1055,31.0,Dom,2022-04-03,14:00,West Ham,1.2,0.7,Everton,59953.0,London Stadium,Michael Oliver,Informe del partido,2,1
1056,31.0,Dom,2022-04-03,16:30,Tottenham,3.1,0.5,Newcastle Utd,57553.0,Tottenham Hotspur Stadium,Martin Atkinson,Informe del partido,5,1
1057,31.0,Lun,2022-04-04,20:00,Crystal Palace,1.5,0.8,Arsenal,25149.0,Selhurst Park,Paul Tierney,Informe del partido,3,0
1058,19.0,Mié,2022-04-06,19:30,Burnley,2.0,2.4,Everton,19830.0,Turf Moor,Mike Dean,Informe del partido,3,2
1059,32.0,Vie,2022-04-08,20:00,Newcastle Utd,1.5,0.4,Wolves,52164.0,St. James' Park,Peter Bankes,Informe del partido,1,0
1060,32.0,Sáb,2022-04-09,12:30,Everton,0.4,0.8,Manchester Utd,39080.0,Goodison Park,Jonathan Moss,Informe del partido,1,0
1061,32.0,Sáb,2022-04-09,15:00,Arsenal,1.9,0.6,Brighton,60112.0,Emirates Stadium,David Coote,Informe del partido,1,2
1062,32.0,Sáb,2022-04-09,15:00,Southampton,0.5,4.2,Chelsea,31359.0,St. Mary's Stadium,Kevin Friend,Informe del partido,0,6
1063,32.0,Sáb,2022-04-09,15:00,Watford,1.1,0.7,Leeds United,20957.0,Vicarage Road Stadium,Andre Marriner,Informe del partido,0,3
1064,32.0,Sáb,2022-04-09,17:30,Aston Villa,1.6,1.1,Tottenham,41949.0,Villa Park,Graham Scott,Informe del partido,0,4
1065,32.0,Dom,2022-04-10,14:00,Brentford,1.4,0.3,West Ham,17032.0,Brentford Community Stadium,Martin Atkinson,Informe del partido,2,0
1066,32.0,Dom,2022-04-10,14:00,Leicester City,1.0,1.4,Crystal Palace,31896.0,King Power Stadium,Robert Jones,Informe del partido,2,1
1067,32.0,Dom,2022-04-10,14:00,Norwich City,1.7,1.7,Burnley,26361.0,Carrow Road,Michael Oliver,Informe del partido,2,0
1068,32.0,Dom,2022-04-10,16:30,Manchester City,1.3,1.3,Liverpool,53197.0,Etihad Stadium,Anthony Taylor,Informe del partido,2,2
1069,33.0,Sáb,2022-04-16,12:30,Tottenham,0.5,0.6,Brighton,58685.0,Tottenham Hotspur Stadium,Craig Pawson,Informe del partido,0,1
1070,33.0,Sáb,2022-04-16,15:00,Manchester Utd,1.9,1.5,Norwich City,73381.0,Old Trafford,Andy Madley,Informe del partido,3,2
1071,33.0,Sáb,2022-04-16,15:00,Watford,1.7,1.9,Brentford,21045.0,Vicarage Road Stadium,Simon Hooper,Informe del partido,1,2
1072,33.0,Sáb,2022-04-16,15:00,Southampton,0.8,1.7,Arsenal,31465.0,St. Mary's Stadium,Peter Bankes,Informe del partido,1,0
1073,33.0,Dom,2022-04-17,14:15,Newcastle Utd,1.8,0.6,Leicester City,52104.0,St. James' Park,Jarred Gillett,Informe del partido,2,1
1074,33.0,Dom,2022-04-17,14:15,West Ham,2.2,1.8,Burnley,59958.0,London Stadium,Paul Tierney,Informe del partido,1,1
1075,30.0,Mar,2022-04-19,20:00,Liverpool,2.0,0.1,Manchester Utd,52686.0,Anfield,Martin Atkinson,Informe del partido,4,0
1076,18.0,Mié,2022-04-20,19:45,Everton,1.8,0.9,Leicester City,39153.0,Goodison Park,David Coote,Informe del partido,1,1
1077,25.0,Mié,2022-04-20,19:45,Chelsea,0.7,2.0,Arsenal,32249.0,Stamford Bridge,Jonathan Moss,Informe del partido,2,4
1078,30.0,Mié,2022-04-20,19:45,Newcastle Utd,0.9,0.5,Crystal Palace,51938.0,St. James' Park,Tony Harrington,Informe del partido,1,0
1079,30.0,Mié,2022-04-20,20:00,Manchester City,1.3,0.2,Brighton,52226.0,Etihad Stadium,Mike Dean,Informe del partido,3,0
1080,30.0,Jue,2022-04-21,19:45,Burnley,1.5,0.9,Southampton,17384.0,Turf Moor,Stuart Attwell,Informe del partido,2,0
1081,34.0,Sáb,2022-04-23,12:30,Arsenal,2.3,1.8,Manchester Utd,60223.0,Emirates Stadium,Craig Pawson,Informe del partido,3,1
1082,34.0,Sáb,2022-04-23,15:00,Leicester City,0.3,0.9,Aston Villa,32185.0,King Power Stadium,Andy Madley,Informe del partido,0,0
1083,34.0,Sáb,2022-04-23,15:00,Manchester City,3.6,0.5,Watford,53013.0,Etihad Stadium,Kevin Friend,Informe del partido,5,1
1084,34.0,Sáb,2022-04-23,15:00,Norwich City,0.6,1.9,Newcastle Utd,26910.0,Carrow Road,Chris Kavanagh,Informe del partido,0,3
1085,34.0,Sáb,2022-04-23,17:30,Brentford,0.9,0.6,Tottenham,17072.0,Brentford Community Stadium,Martin Atkinson,Informe del partido,0,0
1086,34.0,Dom,2022-04-24,14:00,Brighton,1.7,0.9,Southampton,31335.0,The American Express Community Stadium,Robert Jones,Informe del partido,2,2
1087,34.0,Dom,2022-04-24,14:00,Burnley,1.4,0.6,Wolves,19246.0,Turf Moor,Anthony Taylor,Informe del partido,1,0
1088,34.0,Dom,2022-04-24,14:00,Chelsea,3.0,0.5,West Ham,32231.0,Stamford Bridge,Michael Oliver,Informe del partido,1,0
1089,34.0,Dom,2022-04-24,16:30,Liverpool,1.7,0.4,Everton,53213.0,Anfield,Stuart Attwell,Informe del partido,2,0
1090,34.0,Lun,2022-04-25,20:00,Crystal Palace,1.9,0.5,Leeds United,25357.0,Selhurst Park,Darren England,Informe del partido,0,0
1091,37.0,Jue,2022-04-28,19:45,Manchester Utd,0.5,1.9,Chelsea,73564.0,Old Trafford,Mike Dean,Informe del partido,1,1
1092,35.0,Sáb,2022-04-30,12:30,Newcastle Utd,0.2,2.3,Liverpool,52281.0,St. James' Park,Andre Marriner,Informe del partido,0,1
1093,35.0,Sáb,2022-04-30,15:00,Watford,1.0,1.6,Burnley,20738.0,Vicarage Road Stadium,Craig Pawson,Informe del partido,1,2
1094,35.0,Sáb,2022-04-30,15:00,Wolves,0.7,2.6,Brighton,31243.0,Molineux Stadium,Simon Hooper,Informe del partido,0,3
1095,35.0,Sáb,2022-04-30,15:00,Aston Villa,1.8,0.5,Norwich City,40290.0,Villa Park,John Brooks,Informe del partido,2,0
1096,35.0,Sáb,2022-04-30,15:00,Southampton,0.6,1.1,Crystal Palace,31359.0,St. Mary's Stadium,Jarred Gillett,Informe del partido,1,2
1097,35.0,Sáb,2022-04-30,17:30,Leeds United,1.3,2.4,Manchester City,35771.0,Elland Road,Paul Tierney,Informe del partido,0,4
1098,35.0,Dom,2022-05-01,14:00,Tottenham,1.2,0.5,Leicester City,59482.0,Tottenham Hotspur Stadium,Jonathan Moss,Informe del partido,3,1
1099,35.0,Dom,2022-05-01,14:00,Everton,0.8,0.8,Chelsea,39256.0,Goodison Park,Kevin Friend,Informe del partido,1,0
1100,35.0,Dom,2022-05-01,16:30,West Ham,0.5,0.9,Arsenal,59959.0,London Stadium,Mike Dean,Informe del partido,1,2
1101,35.0,Lun,2022-05-02,20:00,Manchester Utd,2.0,0.6,Brentford,73482.0,Old Trafford,Chris Kavanagh,Informe del partido,3,0
1102,36.0,Sáb,2022-05-07,15:00,Crystal Palace,2.2,0.4,Watford,24622.0,Selhurst Park,Graham Scott,Informe del partido,1,0
1103,36.0,Sáb,2022-05-07,15:00,Brentford,2.6,1.4,Southampton,17051.0,Brentford Community Stadium,Michael Salisbury,Informe del partido,3,0
1104,36.0,Sáb,2022-05-07,15:00,Chelsea,1.7,2.0,Wolves,32190.0,Stamford Bridge,Peter Bankes,Informe del partido,2,2
1105,36.0,Sáb,2022-05-07,15:00,Burnley,1.9,2.1,Aston Villa,20891.0,Turf Moor,David Coote,Informe del partido,1,3
1106,36.0,Sáb,2022-05-07,17:30,Brighton,2.3,0.9,Manchester Utd,31637.0,The American Express Community Stadium,Andy Madley,Informe del partido,4,0
1107,36.0,Sáb,2022-05-07,19:45,Liverpool,1.3,0.9,Tottenham,53177.0,Anfield,Michael Oliver,Informe del partido,1,1
1108,36.0,Dom,2022-05-08,14:00,Leicester City,1.5,1.1,Everton,32001.0,King Power Stadium,Craig Pawson,Informe del partido,1,2
1109,36.0,Dom,2022-05-08,14:00,Norwich City,0.8,3.0,West Ham,26428.0,Carrow Road,Robert Jones,Informe del partido,0,4
1110,36.0,Dom,2022-05-08,14:00,Arsenal,2.0,0.3,Leeds United,60108.0,Emirates Stadium,Chris Kavanagh,Informe del partido,2,1
1111,36.0,Dom,2022-05-08,16:30,Manchester City,3.1,0.8,Newcastle Utd,53336.0,Etihad Stadium,Stuart Attwell,Informe del partido,5,0
1112,33.0,Mar,2022-05-10,20:00,Aston Villa,1.4,1.8,Liverpool,41919.0,Villa Park,Jonathan Moss,Informe del partido,1,2
1113,33.0,Mié,2022-05-11,19:30,Leeds United,0.4,1.3,Chelsea,36549.0,Elland Road,Anthony Taylor,Informe del partido,0,3
1114,21.0,Mié,2022-05-11,19:45,Leicester City,2.0,1.1,Norwich City,38092.0,King Power Stadium,Simon Hooper,Informe del partido,3,0
1115,30.0,Mié,2022-05-11,19:45,Watford,0.3,0.7,Everton,20653.0,Vicarage Road Stadium,Mike Dean,Informe del partido,0,0
1116,33.0,Mié,2022-05-11,20:15,Wolves,0.5,2.3,Manchester City,32000.0,Molineux Stadium,Martin Atkinson,Informe del partido,1,5
1117,22.0,Jue,2022-05-12,19:45,Tottenham,2.7,0.5,Arsenal,62027.0,Tottenham Hotspur Stadium,Paul Tierney,Informe del partido,3,0
1118,37.0,Dom,2022-05-15,12:00,Tottenham,2.2,0.7,Burnley,61729.0,Tottenham Hotspur Stadium,Kevin Friend,Informe del partido,1,0
1119,37.0,Dom,2022-05-15,14:00,Leeds United,1.6,2.2,Brighton,36638.0,Elland Road,Mike Dean,Informe del partido,1,1
1120,37.0,Dom,2022-05-15,14:00,Watford,1.4,2.5,Leicester City,20257.0,Vicarage Road Stadium,Jarred Gillett,Informe del partido,1,5
1121,37.0,Dom,2022-05-15,14:00,Wolves,0.9,1.1,Norwich City,31219.0,Molineux Stadium,Tony Harrington,Informe del partido,1,1
1122,37.0,Dom,2022-05-15,14:00,Aston Villa,1.0,1.4,Crystal Palace,41136.0,Villa Park,Chris Kavanagh,Informe del partido,1,1
1123,37.0,Dom,2022-05-15,14:00,West Ham,1.1,2.4,Manchester City,59972.0,London Stadium,Anthony Taylor,Informe del partido,2,2
1124,37.0,Dom,2022-05-15,16:30,Everton,2.1,1.4,Brentford,38819.0,Goodison Park,Michael Oliver,Informe del partido,2,3
1125,37.0,Lun,2022-05-16,20:00,Newcastle Utd,1.6,0.6,Arsenal,52274.0,St. James' Park,Darren England,Informe del partido,2,0
1126,37.0,Mar,2022-05-17,19:45,Southampton,0.1,1.3,Liverpool,31588.0,St. Mary's Stadium,Martin Atkinson,Informe del partido,1,2
1127,33.0,Jue,2022-05-19,19:45,Everton,0.8,1.1,Crystal Palace,38448.0,Goodison Park,Anthony Taylor,Informe del partido,3,2
1128,18.0,Jue,2022-05-19,20:00,Aston Villa,1.5,1.6,Burnley,40468.0,Villa Park,Paul Tierney,Informe del partido,1,1
1129,27.0,Jue,2022-05-19,20:00,Chelsea,1.6,0.1,Leicester City,31478.0,Stamford Bridge,Stuart Attwell,Informe del partido,1,1
1130,38.0,Dom,2022-05-22,16:00,Brentford,0.8,1.3,Leeds United,16957.0,Brentford Community Stadium,Paul Tierney,Informe del partido,1,2
1131,38.0,Dom,2022-05-22,16:00,Leicester City,3.4,1.1,Southampton,32003.0,King Power Stadium,Jonathan Moss,Informe del partido,4,1
1132,38.0,Dom,2022-05-22,16:00,Crystal Palace,0.6,0.7,Manchester Utd,25434.0,Selhurst Park,Martin Atkinson,Informe del partido,1,0
1133,38.0,Dom,2022-05-22,16:00,Arsenal,4.2,1.1,Everton,60201.0,Emirates Stadium,Andre Marriner,Informe del partido,5,1
1134,38.0,Dom,2022-05-22,16:00,Brighton,1.6,0.2,West Ham,31604.0,The American Express Community Stadium,Kevin Friend,Informe del partido,3,1
1135,38.0,Dom,2022-05-22,16:00,Norwich City,0.5,3.4,Tottenham,27022.0,Carrow Road,Chris Kavanagh,Informe del partido,0,5
1136,38.0,Dom,2022-05-22,16:00,Manchester City,3.4,0.2,Aston Villa,53395.0,Etihad Stadium,Michael Oliver,Informe del partido,3,2
1137,38.0,Dom,2022-05-22,16:00,Liverpool,2.7,1.3,Wolves,53097.0,Anfield,Anthony Taylor,Informe del partido,3,1
1138,38.0,Dom,2022-05-22,16:00,Burnley,1.6,1.8,Newcastle Utd,21361.0,Turf Moor,Craig Pawson,Informe del partido,1,2
1139,38.0,Dom,2022-05-22,16:00,Chelsea,2.2,0.6,Watford,32089.0,Stamford Bridge,Mike Dean,Informe del partido,2,1
1140,1.0,Vie,2022-08-05,20:00,Crystal Palace,1.2,1.0,Arsenal,25286.0,Selhurst Park,Anthony Taylor,Informe del partido,0,2
1141,1.0,Sáb,2022-08-06,12:30,Fulham,1.2,1.2,Liverpool,22207.0,Craven Cottage,Andy Madley,Informe del partido,2,2
1142,1.0,Sáb,2022-08-06,15:00,Tottenham,1.5,0.5,Southampton,61732.0,Tottenham Hotspur Stadium,Andre Marriner,Informe del partido,4,1
1143,1.0,Sáb,2022-08-06,15:00,Newcastle Utd,1.7,0.3,Nott'ham Forest,52245.0,St James' Park,Simon Hooper,Informe del partido,2,0
1144,1.0,Sáb,2022-08-06,15:00,Leeds United,0.8,1.3,Wolves,36347.0,Elland Road,Robert Jones,Informe del partido,2,1
1145,1.0,Sáb,2022-08-06,15:00,Bournemouth,0.6,0.7,Aston Villa,11013.0,Vitality Stadium,Peter Bankes,Informe del partido,2,0
1146,1.0,Sáb,2022-08-06,17:30,Everton,0.7,1.5,Chelsea,39254.0,Goodison Park,Craig Pawson,Informe del partido,0,1
1147,1.0,Dom,2022-08-07,14:00,Leicester City,0.6,0.8,Brentford,31794.0,King Power Stadium,Jarred Gillett,Informe del partido,2,2
1148,1.0,Dom,2022-08-07,14:00,Manchester Utd,1.4,1.5,Brighton,73711.0,Old Trafford,Paul Tierney,Informe del partido,1,2
1149,1.0,Dom,2022-08-07,16:30,West Ham,0.5,2.2,Manchester City,62443.0,London Stadium,Michael Oliver,Informe del partido,0,2
1150,2.0,Sáb,2022-08-13,12:30,Aston Villa,2.3,1.6,Everton,41883.0,Villa Park,Michael Oliver,Informe del partido,2,1
1151,2.0,Sáb,2022-08-13,15:00,Manchester City,1.7,0.1,Bournemouth,53453.0,Etihad Stadium,David Coote,Informe del partido,4,0
1152,2.0,Sáb,2022-08-13,15:00,Southampton,1.2,1.8,Leeds United,30815.0,St. Mary's Stadium,Tony Harrington,Informe del partido,2,2
1153,2.0,Sáb,2022-08-13,15:00,Wolves,0.9,1.5,Fulham,31178.0,Molineux Stadium,John Brooks,Informe del partido,0,0
1154,2.0,Sáb,2022-08-13,15:00,Arsenal,2.7,0.5,Leicester City,60033.0,Emirates Stadium,Darren England,Informe del partido,4,2
1155,2.0,Sáb,2022-08-13,15:00,Brighton,1.5,0.2,Newcastle Utd,31552.0,The American Express Community Stadium,Graham Scott,Informe del partido,0,0
1156,2.0,Sáb,2022-08-13,17:30,Brentford,1.6,0.9,Manchester Utd,17051.0,Brentford Community Stadium,Stuart Attwell,Informe del partido,4,0
1157,2.0,Dom,2022-08-14,14:00,Nott'ham Forest,1.3,2.1,West Ham,29281.0,The City Ground,Robert Jones,Informe del partido,1,0
1158,2.0,Dom,2022-08-14,16:30,Chelsea,1.6,1.0,Tottenham,39946.0,Stamford Bridge,Anthony Taylor,Informe del partido,2,2
1159,2.0,Lun,2022-08-15,20:00,Liverpool,2.0,1.0,Crystal Palace,52970.0,Anfield,Paul Tierney,Informe del partido,1,1
1160,3.0,Sáb,2022-08-20,12:30,Tottenham,1.7,0.7,Wolves,61298.0,Tottenham Hotspur Stadium,Simon Hooper,Informe del partido,1,0
1161,3.0,Sáb,2022-08-20,15:00,Leicester City,0.3,0.9,Southampton,30850.0,King Power Stadium,Michael Salisbury,Informe del partido,1,2
1162,3.0,Sáb,2022-08-20,15:00,Everton,1.5,1.0,Nott'ham Forest,39271.0,Goodison Park,Andre Marriner,Informe del partido,1,1
1163,3.0,Sáb,2022-08-20,15:00,Crystal Palace,2.6,0.9,Aston Villa,22012.0,Selhurst Park,Andy Madley,Informe del partido,3,1
1164,3.0,Sáb,2022-08-20,15:00,Fulham,2.4,1.8,Brentford,21798.0,Craven Cottage,Peter Bankes,Informe del partido,3,2
1165,3.0,Sáb,2022-08-20,17:30,Bournemouth,0.3,1.3,Arsenal,10423.0,Vitality Stadium,Craig Pawson,Informe del partido,0,3
1166,3.0,Dom,2022-08-21,14:00,Leeds United,2.1,0.9,Chelsea,36372.0,Elland Road,Stuart Attwell,Informe del partido,3,0
1167,3.0,Dom,2022-08-21,14:00,West Ham,0.8,1.7,Brighton,62449.0,London Stadium,Anthony Taylor,Informe del partido,0,2
1168,3.0,Dom,2022-08-21,16:30,Newcastle Utd,1.8,2.1,Manchester City,52258.0,St James' Park,Jarred Gillett,Informe del partido,3,3
1169,3.0,Lun,2022-08-22,20:00,Manchester Utd,1.8,1.3,Liverpool,74147.0,Old Trafford,Michael Oliver,Informe del partido,2,1
1170,4.0,Sáb,2022-08-27,12:30,Southampton,1.4,1.1,Manchester Utd,31196.0,St. Mary's Stadium,Andy Madley,Informe del partido,0,1
1171,4.0,Sáb,2022-08-27,15:00,Manchester City,2.2,0.1,Crystal Palace,53112.0,Etihad Stadium,Darren England,Informe del partido,4,2
1172,4.0,Sáb,2022-08-27,15:00,Brighton,2.0,1.8,Leeds United,30953.0,The American Express Community Stadium,Michael Salisbury,Informe del partido,1,0
1173,4.0,Sáb,2022-08-27,15:00,Chelsea,1.8,2.5,Leicester City,39953.0,Stamford Bridge,Paul Tierney,Informe del partido,2,1
1174,4.0,Sáb,2022-08-27,15:00,Brentford,2.1,1.1,Everton,17009.0,Brentford Community Stadium,John Brooks,Informe del partido,1,1
1175,4.0,Sáb,2022-08-27,15:00,Liverpool,3.3,0.3,Bournemouth,53328.0,Anfield,Stuart Attwell,Informe del partido,9,0
1176,4.0,Sáb,2022-08-27,17:30,Arsenal,2.6,0.8,Fulham,60164.0,Emirates Stadium,Jarred Gillett,Informe del partido,2,1
1177,4.0,Dom,2022-08-28,14:00,Wolves,0.7,1.7,Newcastle Utd,31311.0,Molineux Stadium,Peter Bankes,Informe del partido,1,1
1178,4.0,Dom,2022-08-28,14:00,Aston Villa,0.5,0.6,West Ham,41796.0,Villa Park,David Coote,Informe del partido,0,1
1179,4.0,Dom,2022-08-28,16:30,Nott'ham Forest,0.9,2.4,Tottenham,29296.0,The City Ground,Craig Pawson,Informe del partido,0,2
1180,5.0,Mar,2022-08-30,19:30,Fulham,0.7,1.4,Brighton,22224.0,Craven Cottage,Thomas Bramall,Informe del partido,2,1
1181,5.0,Mar,2022-08-30,19:30,Crystal Palace,1.0,1.4,Brentford,25043.0,Selhurst Park,Simon Hooper,Informe del partido,1,1
1182,5.0,Mar,2022-08-30,19:45,Southampton,1.1,1.1,Chelsea,31542.0,St. Mary's Stadium,Michael Oliver,Informe del partido,2,1
1183,5.0,Mar,2022-08-30,20:00,Leeds United,1.0,1.0,Everton,36338.0,Elland Road,Darren England,Informe del partido,1,1
1184,5.0,Mié,2022-08-31,19:30,Bournemouth,0.4,1.5,Wolves,10113.0,Vitality Stadium,Anthony Taylor,Informe del partido,0,0
1185,5.0,Mié,2022-08-31,19:30,Manchester City,3.3,0.7,Nott'ham Forest,53409.0,Etihad Stadium,Paul Tierney,Informe del partido,6,0
1186,5.0,Mié,2022-08-31,19:30,Arsenal,2.4,0.4,Aston Villa,60012.0,Emirates Stadium,Robert Jones,Informe del partido,2,1
1187,5.0,Mié,2022-08-31,19:45,West Ham,1.2,0.6,Tottenham,62450.0,London Stadium,Peter Bankes,Informe del partido,1,1
1188,5.0,Mié,2022-08-31,20:00,Liverpool,1.5,0.7,Newcastle Utd,53316.0,Anfield,Andre Marriner,Informe del partido,2,1
1189,5.0,Jue,2022-09-01,20:00,Leicester City,0.7,1.5,Manchester Utd,32226.0,King Power Stadium,Craig Pawson,Informe del partido,0,1
1190,6.0,Sáb,2022-09-03,12:30,Everton,1.7,2.1,Liverpool,39240.0,Goodison Park,Anthony Taylor,Informe del partido,0,0
1191,6.0,Sáb,2022-09-03,15:00,Nott'ham Forest,1.9,0.8,Bournemouth,28720.0,The City Ground,Michael Oliver,Informe del partido,2,3
1192,6.0,Sáb,2022-09-03,15:00,Wolves,0.8,1.2,Southampton,30546.0,Molineux Stadium,John Brooks,Informe del partido,1,0
1193,6.0,Sáb,2022-09-03,15:00,Newcastle Utd,2.8,1.0,Crystal Palace,51863.0,St James' Park,Michael Salisbury,Informe del partido,0,0
1194,6.0,Sáb,2022-09-03,15:00,Brentford,2.3,1.7,Leeds United,17092.0,Brentford Community Stadium,Robert Jones,Informe del partido,5,2
1195,6.0,Sáb,2022-09-03,15:00,Tottenham,2.9,0.7,Fulham,61641.0,Tottenham Hotspur Stadium,Stuart Attwell,Informe del partido,2,1
1196,6.0,Sáb,2022-09-03,15:00,Chelsea,0.9,1.1,West Ham,39923.0,Stamford Bridge,Andy Madley,Informe del partido,2,1
1197,6.0,Sáb,2022-09-03,17:30,Aston Villa,0.3,2.1,Manchester City,41830.0,Villa Park,Simon Hooper,Informe del partido,1,1
1198,6.0,Dom,2022-09-04,14:00,Brighton,2.6,1.4,Leicester City,31185.0,The American Express Community Stadium,Tony Harrington,Informe del partido,5,2
1199,6.0,Dom,2022-09-04,16:30,Manchester Utd,1.5,1.3,Arsenal,73431.0,Old Trafford,Paul Tierney,Informe del partido,3,1
1200,8.0,Vie,2022-09-16,20:00,Aston Villa,1.5,0.3,Southampton,40758.0,Villa Park,Tony Harrington,Informe del partido,1,0
1201,8.0,Vie,2022-09-16,20:00,Nott'ham Forest,1.4,0.9,Fulham,28654.0,The City Ground,Jarred Gillett,Informe del partido,2,3
1202,8.0,Sáb,2022-09-17,12:30,Wolves,0.4,1.1,Manchester City,31578.0,Molineux Stadium,Anthony Taylor,Informe del partido,0,3
1203,8.0,Sáb,2022-09-17,15:00,Newcastle Utd,1.9,0.7,Bournemouth,52238.0,St James' Park,Craig Pawson,Informe del partido,1,1
1204,8.0,Sáb,2022-09-17,17:30,Tottenham,2.2,1.8,Leicester City,61450.0,Tottenham Hotspur Stadium,Simon Hooper,Informe del partido,6,2
1205,8.0,Dom,2022-09-18,12:00,Brentford,0.5,1.5,Arsenal,17122.0,Brentford Community Stadium,David Coote,Informe del partido,0,3
1206,8.0,Dom,2022-09-18,14:15,Everton,0.4,1.0,West Ham,39298.0,Goodison Park,Michael Oliver,Informe del partido,1,0
1207,9.0,Sáb,2022-10-01,12:30,Arsenal,2.4,1.6,Tottenham,60278.0,Emirates Stadium,Anthony Taylor,Informe del partido,3,1
1208,9.0,Sáb,2022-10-01,15:00,Southampton,1.7,2.0,Everton,30510.0,St. Mary's Stadium,Andre Marriner,Informe del partido,1,2
1209,9.0,Sáb,2022-10-01,15:00,Crystal Palace,0.4,1.1,Chelsea,25198.0,Selhurst Park,Chris Kavanagh,Informe del partido,1,2
1210,9.0,Sáb,2022-10-01,15:00,Liverpool,1.5,1.4,Brighton,53320.0,Anfield,Andy Madley,Informe del partido,3,3
1211,9.0,Sáb,2022-10-01,15:00,Fulham,0.5,3.3,Newcastle Utd,22913.0,Craven Cottage,Darren England,Informe del partido,1,4
1212,9.0,Sáb,2022-10-01,15:00,Bournemouth,0.4,0.9,Brentford,10126.0,Vitality Stadium,Thomas Bramall,Informe del partido,0,0
1213,9.0,Sáb,2022-10-01,17:30,West Ham,0.9,0.7,Wolves,62444.0,London Stadium,Paul Tierney,Informe del partido,2,0
1214,9.0,Dom,2022-10-02,14:00,Manchester City,3.2,1.7,Manchester Utd,53475.0,Etihad Stadium,Michael Oliver,Informe del partido,6,3
1215,9.0,Dom,2022-10-02,16:30,Leeds United,0.4,2.2,Aston Villa,36582.0,Elland Road,Stuart Attwell,Informe del partido,0,0
1216,9.0,Lun,2022-10-03,20:00,Leicester City,1.3,1.1,Nott'ham Forest,32202.0,King Power Stadium,Robert Jones,Informe del partido,4,0
1217,10.0,Sáb,2022-10-08,15:00,Bournemouth,1.1,1.0,Leicester City,10272.0,Vitality Stadium,Michael Salisbury,Informe del partido,2,1
1218,10.0,Sáb,2022-10-08,15:00,Newcastle Utd,1.5,1.2,Brentford,52067.0,St James' Park,John Brooks,Informe del partido,5,1
1219,10.0,Sáb,2022-10-08,15:00,Manchester City,2.4,0.2,Southampton,53365.0,Etihad Stadium,Andy Madley,Informe del partido,4,0
1220,10.0,Sáb,2022-10-08,15:00,Chelsea,1.9,1.1,Wolves,39940.0,Stamford Bridge,Simon Hooper,Informe del partido,3,0
1221,10.0,Sáb,2022-10-08,17:30,Brighton,0.7,0.8,Tottenham,31498.0,The American Express Community Stadium,Tony Harrington,Informe del partido,0,1
1222,10.0,Dom,2022-10-09,14:00,West Ham,2.4,0.7,Fulham,62407.0,London Stadium,Chris Kavanagh,Informe del partido,3,1
1223,10.0,Dom,2022-10-09,14:00,Crystal Palace,1.1,1.0,Leeds United,25042.0,Selhurst Park,Paul Tierney,Informe del partido,2,1
1224,10.0,Dom,2022-10-09,16:30,Arsenal,2.7,1.1,Liverpool,60059.0,Emirates Stadium,Michael Oliver,Informe del partido,3,2
1225,10.0,Dom,2022-10-09,19:00,Everton,0.6,1.4,Manchester Utd,39258.0,Goodison Park,David Coote,Informe del partido,1,2
1226,10.0,Lun,2022-10-10,20:00,Nott'ham Forest,0.3,0.7,Aston Villa,29208.0,The City Ground,Anthony Taylor,Informe del partido,1,1
1227,11.0,Vie,2022-10-14,20:00,Brentford,1.5,1.9,Brighton,17016.0,Brentford Community Stadium,Michael Salisbury,Informe del partido,2,0
1228,11.0,Sáb,2022-10-15,12:30,Leicester City,1.0,0.4,Crystal Palace,31298.0,King Power Stadium,Andy Madley,Informe del partido,0,0
1229,11.0,Sáb,2022-10-15,15:00,Fulham,2.1,1.0,Bournemouth,22541.0,Craven Cottage,Graham Scott,Informe del partido,2,2
1230,11.0,Sáb,2022-10-15,15:00,Wolves,1.3,1.5,Nott'ham Forest,31554.0,Molineux Stadium,Thomas Bramall,Informe del partido,1,0
1231,11.0,Sáb,2022-10-15,17:30,Tottenham,2.2,0.4,Everton,61812.0,Tottenham Hotspur Stadium,Paul Tierney,Informe del partido,2,0
1232,11.0,Dom,2022-10-16,14:00,Southampton,0.5,1.7,West Ham,29159.0,St. Mary's Stadium,Peter Bankes,Informe del partido,1,1
1233,11.0,Dom,2022-10-16,14:00,Aston Villa,1.8,0.9,Chelsea,41754.0,Villa Park,Robert Jones,Informe del partido,0,2
1234,11.0,Dom,2022-10-16,14:00,Leeds United,1.8,0.5,Arsenal,36700.0,Elland Road,Chris Kavanagh,Informe del partido,0,1
1235,11.0,Dom,2022-10-16,14:00,Manchester Utd,0.8,0.8,Newcastle Utd,73726.0,Old Trafford,Craig Pawson,Informe del partido,0,0
1236,11.0,Dom,2022-10-16,16:30,Liverpool,2.1,1.0,Manchester City,53286.0,Anfield,Anthony Taylor,Informe del partido,1,0
1237,12.0,Mar,2022-10-18,19:30,Brighton,1.7,0.1,Nott'ham Forest,31463.0,The American Express Community Stadium,Darren England,Informe del partido,0,0
1238,12.0,Mar,2022-10-18,20:15,Crystal Palace,1.2,0.8,Wolves,25125.0,Selhurst Park,David Coote,Informe del partido,2,1
1239,12.0,Mié,2022-10-19,19:30,Bournemouth,1.0,1.0,Southampton,10405.0,Vitality Stadium,John Brooks,Informe del partido,0,1
1240,12.0,Mié,2022-10-19,19:30,Brentford,1.3,0.9,Chelsea,17118.0,Brentford Community Stadium,Jarred Gillett,Informe del partido,0,0
1241,12.0,Mié,2022-10-19,19:30,Liverpool,1.7,1.7,West Ham,52982.0,Anfield,Stuart Attwell,Informe del partido,1,0
1242,12.0,Mié,2022-10-19,19:30,Newcastle Utd,1.5,0.2,Everton,52247.0,St James' Park,Tony Harrington,Informe del partido,1,0
1243,12.0,Mié,2022-10-19,20:15,Manchester Utd,1.5,0.6,Tottenham,73677.0,Old Trafford,Simon Hooper,Informe del partido,2,0
1244,12.0,Jue,2022-10-20,19:30,Fulham,2.1,1.2,Aston Villa,23508.0,Craven Cottage,Michael Oliver,Informe del partido,3,0
1245,12.0,Jue,2022-10-20,20:15,Leicester City,0.8,1.3,Leeds United,30814.0,King Power Stadium,Peter Bankes,Informe del partido,2,0
1246,13.0,Sáb,2022-10-22,12:30,Nott'ham Forest,1.9,1.6,Liverpool,29245.0,The City Ground,Paul Tierney,Informe del partido,1,0
1247,13.0,Sáb,2022-10-22,15:00,Everton,1.4,0.9,Crystal Palace,38939.0,Goodison Park,Simon Hooper,Informe del partido,3,0
1248,13.0,Sáb,2022-10-22,15:00,Manchester City,1.6,0.5,Brighton,53223.0,Etihad Stadium,Craig Pawson,Informe del partido,3,1
1249,13.0,Sáb,2022-10-22,17:30,Chelsea,1.1,0.8,Manchester Utd,39503.0,Stamford Bridge,Stuart Attwell,Informe del partido,1,1
1250,13.0,Dom,2022-10-23,14:00,Aston Villa,2.8,0.9,Brentford,41693.0,Villa Park,Darren England,Informe del partido,4,0
1251,13.0,Dom,2022-10-23,14:00,Wolves,2.1,0.9,Leicester City,31425.0,Molineux Stadium,Michael Oliver,Informe del partido,0,4
1252,13.0,Dom,2022-10-23,14:00,Leeds United,1.6,1.8,Fulham,36447.0,Elland Road,Anthony Taylor,Informe del partido,2,3
1253,13.0,Dom,2022-10-23,14:00,Southampton,0.7,1.0,Arsenal,31145.0,St. Mary's Stadium,Robert Jones,Informe del partido,1,1
1254,13.0,Dom,2022-10-23,16:30,Tottenham,1.6,1.2,Newcastle Utd,61726.0,Tottenham Hotspur Stadium,Jarred Gillett,Informe del partido,1,2
1255,13.0,Lun,2022-10-24,20:00,West Ham,1.9,0.4,Bournemouth,62447.0,London Stadium,David Coote,Informe del partido,2,0
1256,14.0,Sáb,2022-10-29,12:30,Leicester City,0.7,1.0,Manchester City,32223.0,King Power Stadium,Robert Jones,Informe del partido,0,1
1257,14.0,Sáb,2022-10-29,15:00,Brentford,1.4,0.6,Wolves,17051.0,Brentford Community Stadium,Robert Madley,Informe del partido,1,1
1258,14.0,Sáb,2022-10-29,15:00,Crystal Palace,0.9,1.3,Southampton,25130.0,Selhurst Park,Michael Salisbury,Informe del partido,1,0
1259,14.0,Sáb,2022-10-29,15:00,Newcastle Utd,3.4,0.4,Aston Villa,52233.0,St James' Park,Paul Tierney,Informe del partido,4,0
1260,14.0,Sáb,2022-10-29,15:00,Brighton,2.4,1.4,Chelsea,31746.0,The American Express Community Stadium,Andy Madley,Informe del partido,4,1
1261,14.0,Sáb,2022-10-29,15:00,Bournemouth,0.5,2.0,Tottenham,10430.0,Vitality Stadium,Anthony Taylor,Informe del partido,2,3
1262,14.0,Sáb,2022-10-29,17:30,Fulham,1.9,0.9,Everton,23534.0,Craven Cottage,John Brooks,Informe del partido,0,0
1263,14.0,Sáb,2022-10-29,19:45,Liverpool,1.7,1.8,Leeds United,53274.0,Anfield,Michael Oliver,Informe del partido,1,2
1264,14.0,Dom,2022-10-30,14:00,Arsenal,2.3,0.4,Nott'ham Forest,60263.0,Emirates Stadium,Simon Hooper,Informe del partido,5,0
1265,14.0,Dom,2022-10-30,16:15,Manchester Utd,1.2,1.1,West Ham,73682.0,Old Trafford,Chris Kavanagh,Informe del partido,1,0
1266,15.0,Sáb,2022-11-05,15:00,Nott'ham Forest,1.5,1.5,Brentford,28869.0,The City Ground,Andre Marriner,Informe del partido,2,2
1267,15.0,Sáb,2022-11-05,15:00,Leeds United,2.2,1.5,Bournemouth,36304.0,Elland Road,Tony Harrington,Informe del partido,4,3
1268,15.0,Sáb,2022-11-05,15:00,Manchester City,2.1,1.0,Fulham,52395.0,Etihad Stadium,Darren England,Informe del partido,2,1
1269,15.0,Sáb,2022-11-05,15:00,Wolves,1.2,1.5,Brighton,30732.0,Molineux Stadium,Graham Scott,Informe del partido,2,3
1270,15.0,Sáb,2022-11-05,17:30,Everton,1.2,2.3,Leicester City,39206.0,Goodison Park,David Coote,Informe del partido,0,2
1271,15.0,Dom,2022-11-06,12:00,Chelsea,0.3,2.1,Arsenal,40142.0,Stamford Bridge,Michael Oliver,Informe del partido,0,1
1272,15.0,Dom,2022-11-06,14:00,West Ham,0.3,1.0,Crystal Palace,62451.0,London Stadium,Paul Tierney,Informe del partido,1,2
1273,15.0,Dom,2022-11-06,14:00,Southampton,1.7,0.9,Newcastle Utd,30402.0,St. Mary's Stadium,Stuart Attwell,Informe del partido,1,4
1274,15.0,Dom,2022-11-06,14:00,Aston Villa,0.6,0.5,Manchester Utd,42058.0,Villa Park,Anthony Taylor,Informe del partido,3,1
1275,15.0,Dom,2022-11-06,16:30,Tottenham,1.2,1.2,Liverpool,62008.0,Tottenham Hotspur Stadium,Andy Madley,Informe del partido,1,2
1276,16.0,Sáb,2022-11-12,12:30,Manchester City,1.6,1.3,Brentford,52786.0,Etihad Stadium,Peter Bankes,Informe del partido,1,2
1277,16.0,Sáb,2022-11-12,15:00,Tottenham,1.8,1.1,Leeds United,61667.0,Tottenham Hotspur Stadium,Michael Salisbury,Informe del partido,4,3
1278,16.0,Sáb,2022-11-12,15:00,Liverpool,1.9,1.1,Southampton,53331.0,Anfield,Simon Hooper,Informe del partido,3,1
1279,16.0,Sáb,2022-11-12,15:00,Bournemouth,2.4,0.8,Everton,10382.0,Vitality Stadium,Craig Pawson,Informe del partido,3,0
1280,16.0,Sáb,2022-11-12,15:00,West Ham,1.4,1.8,Leicester City,62459.0,London Stadium,Jarred Gillett,Informe del partido,0,2
1281,16.0,Sáb,2022-11-12,15:00,Nott'ham Forest,1.1,1.2,Crystal Palace,29045.0,The City Ground,John Brooks,Informe del partido,1,0
1282,16.0,Sáb,2022-11-12,17:30,Newcastle Utd,1.0,0.3,Chelsea,52264.0,St James' Park,Robert Jones,Informe del partido,1,0
1283,16.0,Sáb,2022-11-12,19:45,Wolves,0.7,2.1,Arsenal,34624.0,Molineux Stadium,Stuart Attwell,Informe del partido,0,2
1284,16.0,Dom,2022-11-13,14:00,Brighton,0.6,1.5,Aston Villa,31581.0,The American Express Community Stadium,Chris Kavanagh,Informe del partido,1,2
1285,16.0,Dom,2022-11-13,16:30,Fulham,1.4,2.5,Manchester Utd,24246.0,Craven Cottage,Paul Tierney,Informe del partido,1,2
1286,17.0,Lun,2022-12-26,12:30,Brentford,2.0,1.1,Tottenham,17137.0,Brentford Community Stadium,David Coote,Informe del partido,2,2
1287,17.0,Lun,2022-12-26,15:00,Southampton,1.9,0.6,Brighton,31010.0,St. Mary's Stadium,Robert Jones,Informe del partido,1,3
1288,17.0,Lun,2022-12-26,15:00,Leicester City,0.5,1.9,Newcastle Utd,32185.0,King Power Stadium,Jarred Gillett,Informe del partido,0,3
1289,17.0,Lun,2022-12-26,15:00,Crystal Palace,0.4,2.5,Fulham,25176.0,Selhurst Park,Andy Madley,Informe del partido,0,3
1290,17.0,Lun,2022-12-26,15:00,Everton,1.7,0.8,Wolves,39252.0,Goodison Park,Craig Pawson,Informe del partido,1,2
1291,17.0,Lun,2022-12-26,17:30,Aston Villa,1.4,2.7,Liverpool,42085.0,Villa Park,Paul Tierney,Informe del partido,1,3
1292,17.0,Lun,2022-12-26,20:00,Arsenal,2.1,1.0,West Ham,60125.0,Emirates Stadium,Michael Oliver,Informe del partido,3,1
1293,17.0,Mar,2022-12-27,17:30,Chelsea,1.8,0.5,Bournemouth,40046.0,Stamford Bridge,Simon Hooper,Informe del partido,2,0
1294,17.0,Mar,2022-12-27,20:00,Manchester Utd,2.4,0.7,Nott'ham Forest,73608.0,Old Trafford,Anthony Taylor,Informe del partido,3,0
1295,17.0,Mié,2022-12-28,20:00,Leeds United,0.6,4.3,Manchester City,36889.0,Elland Road,Stuart Attwell,Informe del partido,1,3
1296,18.0,Vie,2022-12-30,19:45,West Ham,1.3,1.6,Brentford,62467.0,London Stadium,Darren England,Informe del partido,0,2
1297,18.0,Vie,2022-12-30,20:00,Liverpool,2.2,1.0,Leicester City,53343.0,Anfield,Craig Pawson,Informe del partido,2,1
1298,18.0,Sáb,2022-12-31,12:30,Wolves,0.7,2.0,Manchester Utd,31658.0,Molineux Stadium,Robert Jones,Informe del partido,0,1
1299,18.0,Sáb,2022-12-31,15:00,Newcastle Utd,2.2,0.4,Leeds United,52211.0,St James' Park,Simon Hooper,Informe del partido,0,0
1300,18.0,Sáb,2022-12-31,15:00,Fulham,1.5,0.8,Southampton,24344.0,Craven Cottage,Graham Scott,Informe del partido,2,1
1301,18.0,Sáb,2022-12-31,15:00,Manchester City,1.7,0.1,Everton,53444.0,Etihad Stadium,Andy Madley,Informe del partido,1,1
1302,18.0,Sáb,2022-12-31,15:00,Bournemouth,0.6,1.6,Crystal Palace,9972.0,Vitality Stadium,Andre Marriner,Informe del partido,0,2
1303,18.0,Sáb,2022-12-31,17:30,Brighton,1.2,2.9,Arsenal,31647.0,The American Express Community Stadium,Anthony Taylor,Informe del partido,2,4
1304,18.0,Dom,2023-01-01,14:00,Tottenham,0.7,1.0,Aston Villa,61651.0,Tottenham Hotspur Stadium,John Brooks,Informe del partido,0,2
1305,18.0,Dom,2023-01-01,16:30,Nott'ham Forest,1.4,0.9,Chelsea,29229.0,The City Ground,Peter Bankes,Informe del partido,1,1
1306,19.0,Lun,2023-01-02,17:30,Brentford,1.6,0.9,Liverpool,17163.0,Brentford Community Stadium,Stuart Attwell,Informe del partido,3,1
1307,19.0,Mar,2023-01-03,19:45,Leicester City,1.7,1.7,Fulham,30813.0,King Power Stadium,Darren Bond,Informe del partido,0,1
1308,19.0,Mar,2023-01-03,19:45,Everton,1.3,2.2,Brighton,39103.0,Goodison Park,Andre Marriner,Informe del partido,1,4
1309,19.0,Mar,2023-01-03,19:45,Arsenal,1.1,1.0,Newcastle Utd,60319.0,Emirates Stadium,Andy Madley,Informe del partido,0,0
1310,19.0,Mar,2023-01-03,20:00,Manchester Utd,2.2,0.6,Bournemouth,73322.0,Old Trafford,Michael Salisbury,Informe del partido,3,0
1311,19.0,Mié,2023-01-04,19:30,Southampton,0.5,1.4,Nott'ham Forest,30150.0,St. Mary's Stadium,Thomas Bramall,Informe del partido,0,1
1312,19.0,Mié,2023-01-04,19:45,Leeds United,1.6,1.4,West Ham,36173.0,Elland Road,David Coote,Informe del partido,2,2
1313,19.0,Mié,2023-01-04,20:00,Aston Villa,1.8,0.9,Wolves,39978.0,Villa Park,Jarred Gillett,Informe del partido,1,1
1314,19.0,Mié,2023-01-04,20:00,Crystal Palace,0.8,1.4,Tottenham,25132.0,Selhurst Park,Michael Oliver,Informe del partido,0,4
1315,19.0,Jue,2023-01-05,20:00,Chelsea,0.4,2.0,Manchester City,39998.0,Stamford Bridge,Paul Tierney,Informe del partido,0,1
1316,7.0,Jue,2023-01-12,20:00,Fulham,1.0,2.1,Chelsea,24460.0,Craven Cottage,David Coote,Informe del partido,2,1
1317,20.0,Vie,2023-01-13,20:00,Aston Villa,1.2,2.4,Leeds United,42008.0,Villa Park,Michael Oliver,Informe del partido,2,1
1318,20.0,Sáb,2023-01-14,12:30,Manchester Utd,1.7,0.6,Manchester City,75546.0,Old Trafford,Stuart Attwell,Informe del partido,2,1
1319,20.0,Sáb,2023-01-14,15:00,Everton,1.4,1.2,Southampton,39305.0,Goodison Park,John Brooks,Informe del partido,1,2
1320,20.0,Sáb,2023-01-14,15:00,Wolves,0.9,1.1,West Ham,31511.0,Molineux Stadium,Simon Hooper,Informe del partido,1,0
1321,20.0,Sáb,2023-01-14,15:00,Nott'ham Forest,2.4,1.0,Leicester City,29301.0,The City Ground,Paul Tierney,Informe del partido,2,0
1322,20.0,Sáb,2023-01-14,15:00,Brighton,1.9,1.0,Liverpool,31645.0,The American Express Community Stadium,Darren England,Informe del partido,3,0
1323,20.0,Sáb,2023-01-14,17:30,Brentford,1.4,0.6,Bournemouth,17031.0,Brentford Community Stadium,Jarred Gillett,Informe del partido,2,0
1324,20.0,Dom,2023-01-15,14:00,Chelsea,1.5,0.7,Crystal Palace,40075.0,Stamford Bridge,Peter Bankes,Informe del partido,1,0
1325,20.0,Dom,2023-01-15,14:00,Newcastle Utd,2.2,1.1,Fulham,52247.0,St James' Park,Robert Jones,Informe del partido,1,0
1326,20.0,Dom,2023-01-15,16:30,Tottenham,1.6,1.8,Arsenal,61870.0,Tottenham Hotspur Stadium,Craig Pawson,Informe del partido,0,2
1327,7.0,Mié,2023-01-18,20:00,Crystal Palace,0.5,2.1,Manchester Utd,23343.0,Selhurst Park,Robert Jones,Informe del partido,1,1
1328,7.0,Jue,2023-01-19,20:00,Manchester City,2.3,0.8,Tottenham,53088.0,Etihad Stadium,Simon Hooper,Informe del partido,4,2
1329,21.0,Sáb,2023-01-21,12:30,Liverpool,1.4,1.6,Chelsea,53126.0,Anfield,Michael Oliver,Informe del partido,0,0
1330,21.0,Sáb,2023-01-21,15:00,Bournemouth,1.4,1.9,Nott'ham Forest,10248.0,Vitality Stadium,Andy Madley,Informe del partido,1,1
1331,21.0,Sáb,2023-01-21,15:00,Southampton,0.6,1.4,Aston Villa,30158.0,St. Mary's Stadium,Michael Salisbury,Informe del partido,0,1
1332,21.0,Sáb,2023-01-21,15:00,Leicester City,0.9,1.7,Brighton,32056.0,King Power Stadium,Thomas Bramall,Informe del partido,2,2
1333,21.0,Sáb,2023-01-21,15:00,West Ham,2.2,0.5,Everton,62470.0,London Stadium,Stuart Attwell,Informe del partido,2,0
1334,21.0,Sáb,2023-01-21,17:30,Crystal Palace,0.3,1.2,Newcastle Utd,25350.0,Selhurst Park,Craig Pawson,Informe del partido,0,0
1335,21.0,Dom,2023-01-22,14:00,Manchester City,2.8,0.8,Wolves,53282.0,Etihad Stadium,David Coote,Informe del partido,3,0
1336,21.0,Dom,2023-01-22,14:00,Leeds United,0.5,0.4,Brentford,36260.0,Elland Road,Peter Bankes,Informe del partido,0,0
1337,21.0,Dom,2023-01-22,16:30,Arsenal,3.1,0.4,Manchester Utd,60325.0,Emirates Stadium,Anthony Taylor,Informe del partido,3,2
1338,21.0,Lun,2023-01-23,20:00,Fulham,1.0,0.9,Tottenham,24190.0,Craven Cottage,Paul Tierney,Informe del partido,0,1
1339,22.0,Vie,2023-02-03,20:00,Chelsea,1.3,0.6,Fulham,40041.0,Stamford Bridge,Stuart Attwell,Informe del partido,0,0
1340,22.0,Sáb,2023-02-04,12:30,Everton,1.7,0.9,Arsenal,39314.0,Goodison Park,David Coote,Informe del partido,1,0
1341,22.0,Sáb,2023-02-04,15:00,Aston Villa,1.7,2.6,Leicester City,42055.0,Villa Park,Darren England,Informe del partido,2,4
1342,22.0,Sáb,2023-02-04,15:00,Wolves,2.0,1.8,Liverpool,31664.0,Molineux Stadium,Paul Tierney,Informe del partido,3,0
1343,22.0,Sáb,2023-02-04,15:00,Manchester Utd,2.0,1.3,Crystal Palace,73420.0,Old Trafford,Andre Marriner,Informe del partido,2,1
1344,22.0,Sáb,2023-02-04,15:00,Brighton,2.2,1.1,Bournemouth,31600.0,The American Express Community Stadium,Craig Pawson,Informe del partido,1,0
1345,22.0,Sáb,2023-02-04,15:00,Brentford,2.0,0.7,Southampton,17051.0,Brentford Community Stadium,Darren Bond,Informe del partido,3,0
1346,22.0,Sáb,2023-02-04,17:30,Newcastle Utd,1.0,1.0,West Ham,52256.0,St James' Park,Peter Bankes,Informe del partido,1,1
1347,22.0,Dom,2023-02-05,14:00,Nott'ham Forest,0.4,0.9,Leeds United,29363.0,The City Ground,Robert Jones,Informe del partido,1,0
1348,22.0,Dom,2023-02-05,16:30,Tottenham,1.4,1.3,Manchester City,61747.0,Tottenham Hotspur Stadium,Andy Madley,Informe del partido,1,0
1349,8.0,Mié,2023-02-08,20:00,Manchester Utd,2.0,0.6,Leeds United,73456.0,Old Trafford,Simon Hooper,Informe del partido,2,2
1350,23.0,Sáb,2023-02-11,12:30,West Ham,1.3,1.1,Chelsea,62471.0,London Stadium,Craig Pawson,Informe del partido,1,1
1351,23.0,Sáb,2023-02-11,15:00,Leicester City,1.7,1.3,Tottenham,32184.0,King Power Stadium,Michael Salisbury,Informe del partido,4,1
1352,23.0,Sáb,2023-02-11,15:00,Crystal Palace,1.1,2.5,Brighton,24827.0,Selhurst Park,Michael Oliver,Informe del partido,1,1
1353,23.0,Sáb,2023-02-11,15:00,Arsenal,1.6,2.0,Brentford,60254.0,Emirates Stadium,Peter Bankes,Informe del partido,1,1
1354,23.0,Sáb,2023-02-11,15:00,Southampton,1.1,0.8,Wolves,29751.0,St. Mary's Stadium,Jarred Gillett,Informe del partido,1,2
1355,23.0,Sáb,2023-02-11,15:00,Fulham,1.5,0.7,Nott'ham Forest,24244.0,Craven Cottage,Andy Madley,Informe del partido,2,0
1356,23.0,Sáb,2023-02-11,17:30,Bournemouth,1.5,1.3,Newcastle Utd,10419.0,Vitality Stadium,Stuart Attwell,Informe del partido,1,1
1357,23.0,Dom,2023-02-12,14:00,Leeds United,1.8,1.1,Manchester Utd,36919.0,Elland Road,Paul Tierney,Informe del partido,0,2
1358,23.0,Dom,2023-02-12,16:30,Manchester City,3.3,0.3,Aston Villa,53392.0,Etihad Stadium,Robert Jones,Informe del partido,3,1
1359,23.0,Lun,2023-02-13,20:00,Liverpool,2.3,0.4,Everton,53027.0,Anfield,Simon Hooper,Informe del partido,2,0
1360,12.0,Mié,2023-02-15,19:30,Arsenal,1.6,1.8,Manchester City,60276.0,Emirates Stadium,Anthony Taylor,Informe del partido,1,3
1361,24.0,Sáb,2023-02-18,12:30,Aston Villa,0.5,3.2,Arsenal,42066.0,Villa Park,Simon Hooper,Informe del partido,2,4
1362,24.0,Sáb,2023-02-18,15:00,Brighton,2.2,0.3,Fulham,31619.0,The American Express Community Stadium,Darren England,Informe del partido,0,1
1363,24.0,Sáb,2023-02-18,15:00,Nott'ham Forest,0.9,2.4,Manchester City,29365.0,The City Ground,Graham Scott,Informe del partido,1,1
1364,24.0,Sáb,2023-02-18,15:00,Chelsea,1.6,0.6,Southampton,40152.0,Stamford Bridge,David Coote,Informe del partido,0,1
1365,24.0,Sáb,2023-02-18,15:00,Everton,1.4,0.5,Leeds United,39232.0,Goodison Park,Andy Madley,Informe del partido,1,0
1366,24.0,Sáb,2023-02-18,15:00,Wolves,1.3,1.1,Bournemouth,31222.0,Molineux Stadium,Michael Salisbury,Informe del partido,0,1
1367,24.0,Sáb,2023-02-18,15:00,Brentford,0.9,1.1,Crystal Palace,17122.0,Brentford Community Stadium,Paul Tierney,Informe del partido,1,1
1368,24.0,Sáb,2023-02-18,17:30,Newcastle Utd,2.0,1.9,Liverpool,52758.0,St James' Park,Anthony Taylor,Informe del partido,0,2
1369,24.0,Dom,2023-02-19,14:00,Manchester Utd,4.4,1.6,Leicester City,73578.0,Old Trafford,Stuart Attwell,Informe del partido,3,0
1370,24.0,Dom,2023-02-19,16:30,Tottenham,1.5,0.5,West Ham,61476.0,Tottenham Hotspur Stadium,Michael Oliver,Informe del partido,2,0
1371,25.0,Vie,2023-02-24,20:00,Fulham,0.5,0.8,Wolves,24399.0,Craven Cottage,Michael Oliver,Informe del partido,1,1
1372,25.0,Sáb,2023-02-25,15:00,Leicester City,0.0,0.7,Arsenal,32227.0,King Power Stadium,Craig Pawson,Informe del partido,0,1
1373,25.0,Sáb,2023-02-25,15:00,Everton,1.6,1.9,Aston Villa,39309.0,Goodison Park,Anthony Taylor,Informe del partido,0,2
1374,25.0,Sáb,2023-02-25,15:00,West Ham,2.7,0.4,Nott'ham Forest,62469.0,London Stadium,Jarred Gillett,Informe del partido,4,0
1375,25.0,Sáb,2023-02-25,15:00,Leeds United,0.9,0.4,Southampton,36641.0,Elland Road,Peter Bankes,Informe del partido,1,0
1376,25.0,Sáb,2023-02-25,17:30,Bournemouth,1.0,2.4,Manchester City,10481.0,Vitality Stadium,Paul Tierney,Informe del partido,1,4
1377,25.0,Sáb,2023-02-25,19:45,Crystal Palace,0.7,0.9,Liverpool,25842.0,Selhurst Park,Darren England,Informe del partido,0,0
1378,25.0,Dom,2023-02-26,13:30,Tottenham,0.8,0.4,Chelsea,61613.0,Tottenham Hotspur Stadium,Stuart Attwell,Informe del partido,2,0
1379,7.0,Mié,2023-03-01,19:45,Arsenal,2.4,1.2,Everton,60213.0,Emirates Stadium,Michael Oliver,Informe del partido,4,0
1380,7.0,Mié,2023-03-01,20:00,Liverpool,2.6,0.8,Wolves,53259.0,Anfield,Paul Tierney,Informe del partido,2,0
1381,26.0,Sáb,2023-03-04,12:30,Manchester City,1.3,0.4,Newcastle Utd,53419.0,Etihad Stadium,Simon Hooper,Informe del partido,2,0
1382,26.0,Sáb,2023-03-04,15:00,Arsenal,2.1,1.3,Bournemouth,60222.0,Emirates Stadium,Chris Kavanagh,Informe del partido,3,2
1383,26.0,Sáb,2023-03-04,15:00,Aston Villa,1.2,0.2,Crystal Palace,41893.0,Villa Park,Craig Pawson,Informe del partido,1,0
1384,26.0,Sáb,2023-03-04,15:00,Chelsea,1.5,1.0,Leeds United,39905.0,Stamford Bridge,Michael Oliver,Informe del partido,1,0
1385,26.0,Sáb,2023-03-04,15:00,Brighton,3.5,0.3,West Ham,31523.0,The American Express Community Stadium,Stuart Attwell,Informe del partido,4,0
1386,26.0,Sáb,2023-03-04,15:00,Wolves,0.5,1.2,Tottenham,31585.0,Molineux Stadium,Tim Robinson,Informe del partido,1,0
1387,26.0,Sáb,2023-03-04,17:30,Southampton,1.4,1.9,Leicester City,30139.0,St. Mary's Stadium,Robert Jones,Informe del partido,1,0
1388,26.0,Dom,2023-03-05,14:00,Nott'ham Forest,0.8,1.7,Everton,29353.0,The City Ground,John Brooks,Informe del partido,2,2
1389,26.0,Dom,2023-03-05,16:30,Liverpool,2.8,0.8,Manchester Utd,53001.0,Anfield,Andy Madley,Informe del partido,7,0
1390,26.0,Lun,2023-03-06,20:00,Brentford,2.1,1.4,Fulham,17025.0,Brentford Community Stadium,Anthony Taylor,Informe del partido,3,2
1391,27.0,Sáb,2023-03-11,12:30,Bournemouth,0.9,1.7,Liverpool,10536.0,Vitality Stadium,John Brooks,Informe del partido,1,0
1392,27.0,Sáb,2023-03-11,15:00,Leeds United,0.9,2.7,Brighton,36471.0,Elland Road,Paul Tierney,Informe del partido,2,2
1393,27.0,Sáb,2023-03-11,15:00,Everton,1.0,2.0,Brentford,39274.0,Goodison Park,Simon Hooper,Informe del partido,1,0
1394,27.0,Sáb,2023-03-11,15:00,Leicester City,2.4,1.6,Chelsea,32170.0,King Power Stadium,Andre Marriner,Informe del partido,1,3
1395,27.0,Sáb,2023-03-11,15:00,Tottenham,2.0,1.5,Nott'ham Forest,61460.0,Tottenham Hotspur Stadium,Craig Pawson,Informe del partido,3,1
1396,27.0,Sáb,2023-03-11,17:30,Crystal Palace,0.2,2.1,Manchester City,25844.0,Selhurst Park,Robert Jones,Informe del partido,0,1
1397,27.0,Dom,2023-03-12,14:00,Manchester Utd,0.8,1.0,Southampton,73439.0,Old Trafford,Anthony Taylor,Informe del partido,0,0
1398,27.0,Dom,2023-03-12,14:00,Fulham,0.8,2.3,Arsenal,24426.0,Craven Cottage,David Coote,Informe del partido,0,3
1399,27.0,Dom,2023-03-12,14:00,West Ham,2.1,1.5,Aston Villa,62472.0,London Stadium,Chris Kavanagh,Informe del partido,1,1
1400,27.0,Dom,2023-03-12,16:30,Newcastle Utd,1.8,1.1,Wolves,52240.0,St James' Park,Andy Madley,Informe del partido,2,1
1401,7.0,Mié,2023-03-15,19:30,Southampton,0.5,1.9,Brentford,30438.0,St. Mary's Stadium,Michael Salisbury,Informe del partido,0,2
1402,8.0,Mié,2023-03-15,19:30,Brighton,0.6,1.1,Crystal Palace,30933.0,The American Express Community Stadium,Peter Bankes,Informe del partido,1,0
1403,28.0,Vie,2023-03-17,20:00,Nott'ham Forest,0.4,2.4,Newcastle Utd,29362.0,The City Ground,Paul Tierney,Informe del partido,1,2
1404,28.0,Sáb,2023-03-18,15:00,Wolves,2.7,1.6,Leeds United,31570.0,Molineux Stadium,Michael Salisbury,Informe del partido,2,4
1405,28.0,Sáb,2023-03-18,15:00,Brentford,0.6,1.3,Leicester City,17006.0,Brentford Community Stadium,Darren Bond,Informe del partido,1,1
1406,28.0,Sáb,2023-03-18,15:00,Aston Villa,3.5,1.3,Bournemouth,41021.0,Villa Park,Robert Jones,Informe del partido,3,0
1407,28.0,Sáb,2023-03-18,15:00,Southampton,2.4,2.3,Tottenham,30157.0,St. Mary's Stadium,Simon Hooper,Informe del partido,3,3
1408,28.0,Sáb,2023-03-18,17:30,Chelsea,2.3,1.2,Everton,40025.0,Stamford Bridge,Darren England,Informe del partido,2,2
1409,28.0,Dom,2023-03-19,14:00,Arsenal,1.6,0.8,Crystal Palace,60247.0,Emirates Stadium,Stuart Attwell,Informe del partido,4,1
1410,29.0,Sáb,2023-04-01,12:30,Manchester City,2.9,0.3,Liverpool,52877.0,Etihad Stadium,Simon Hooper,Informe del partido,4,1
1411,29.0,Sáb,2023-04-01,15:00,Arsenal,3.8,0.7,Leeds United,60283.0,Emirates Stadium,Darren England,Informe del partido,4,1
1412,29.0,Sáb,2023-04-01,15:00,Nott'ham Forest,1.3,0.5,Wolves,29368.0,The City Ground,Chris Kavanagh,Informe del partido,1,1
1413,29.0,Sáb,2023-04-01,15:00,Brighton,4.2,1.6,Brentford,31493.0,The American Express Community Stadium,Michael Oliver,Informe del partido,3,3
1414,29.0,Sáb,2023-04-01,15:00,Crystal Palace,2.3,0.2,Leicester City,25147.0,Selhurst Park,Tim Robinson,Informe del partido,2,1
1415,29.0,Sáb,2023-04-01,15:00,Bournemouth,2.6,0.8,Fulham,10305.0,Vitality Stadium,Peter Bankes,Informe del partido,2,1
1416,29.0,Sáb,2023-04-01,17:30,Chelsea,2.1,0.9,Aston Villa,40082.0,Stamford Bridge,Andy Madley,Informe del partido,0,2
1417,29.0,Dom,2023-04-02,14:00,West Ham,1.4,0.3,Southampton,62498.0,London Stadium,Paul Tierney,Informe del partido,1,0
1418,29.0,Dom,2023-04-02,16:30,Newcastle Utd,3.7,0.4,Manchester Utd,52268.0,St James' Park,Stuart Attwell,Informe del partido,2,0
1419,29.0,Lun,2023-04-03,20:00,Everton,0.9,1.4,Tottenham,39294.0,Goodison Park,David Coote,Informe del partido,1,1
1420,7.0,Mar,2023-04-04,19:45,Leeds United,1.8,0.8,Nott'ham Forest,36740.0,Elland Road,Robert Jones,Informe del partido,2,1
1421,7.0,Mar,2023-04-04,19:45,Bournemouth,1.7,2.7,Brighton,10266.0,Vitality Stadium,Darren Bond,Informe del partido,0,2
1422,7.0,Mar,2023-04-04,19:45,Leicester City,0.5,1.0,Aston Villa,32087.0,King Power Stadium,Graham Scott,Informe del partido,1,2
1423,8.0,Mar,2023-04-04,20:00,Chelsea,2.2,0.3,Liverpool,40093.0,Stamford Bridge,Anthony Taylor,Informe del partido,0,0
1424,7.0,Mié,2023-04-05,20:00,West Ham,1.0,3.3,Newcastle Utd,62481.0,London Stadium,Craig Pawson,Informe del partido,1,5
1425,25.0,Mié,2023-04-05,20:00,Manchester Utd,1.2,0.7,Brentford,73309.0,Old Trafford,John Brooks,Informe del partido,1,0
1426,30.0,Sáb,2023-04-08,12:30,Manchester Utd,3.4,1.0,Everton,73509.0,Old Trafford,Michael Oliver,Informe del partido,2,0
1427,30.0,Sáb,2023-04-08,15:00,Fulham,0.7,1.1,West Ham,24491.0,Craven Cottage,Jarred Gillett,Informe del partido,0,1
1428,30.0,Sáb,2023-04-08,15:00,Aston Villa,1.3,0.2,Nott'ham Forest,42076.0,Villa Park,Anthony Taylor,Informe del partido,2,0
1429,30.0,Sáb,2023-04-08,15:00,Leicester City,0.6,1.9,Bournemouth,32094.0,King Power Stadium,David Coote,Informe del partido,0,1
1430,30.0,Sáb,2023-04-08,15:00,Brentford,2.6,1.3,Newcastle Utd,17107.0,Brentford Community Stadium,Chris Kavanagh,Informe del partido,1,2
1431,30.0,Sáb,2023-04-08,15:00,Wolves,0.6,1.1,Chelsea,31614.0,Molineux Stadium,Peter Bankes,Informe del partido,1,0
1432,30.0,Sáb,2023-04-08,15:00,Tottenham,0.8,1.4,Brighton,61405.0,Tottenham Hotspur Stadium,Stuart Attwell,Informe del partido,2,1
1433,30.0,Sáb,2023-04-08,17:30,Southampton,0.4,2.9,Manchester City,30963.0,St. Mary's Stadium,Robert Jones,Informe del partido,1,4
1434,30.0,Dom,2023-04-09,14:00,Leeds United,0.9,3.0,Crystal Palace,36427.0,Elland Road,Simon Hooper,Informe del partido,1,5
1435,30.0,Dom,2023-04-09,16:30,Liverpool,3.9,1.4,Arsenal,53267.0,Anfield,Paul Tierney,Informe del partido,2,2
1436,31.0,Sáb,2023-04-15,12:30,Aston Villa,1.9,0.5,Newcastle Utd,42055.0,Villa Park,John Brooks,Informe del partido,3,0
1437,31.0,Sáb,2023-04-15,15:00,Chelsea,0.5,2.9,Brighton,40126.0,Stamford Bridge,Robert Jones,Informe del partido,1,2
1438,31.0,Sáb,2023-04-15,15:00,Southampton,0.8,0.9,Crystal Palace,30309.0,St. Mary's Stadium,Michael Oliver,Informe del partido,0,2
1439,31.0,Sáb,2023-04-15,15:00,Wolves,0.8,1.1,Brentford,30769.0,Molineux Stadium,Paul Tierney,Informe del partido,2,0
1440,31.0,Sáb,2023-04-15,15:00,Tottenham,2.2,1.3,Bournemouth,61369.0,Tottenham Hotspur Stadium,Andy Madley,Informe del partido,2,3
1441,31.0,Sáb,2023-04-15,15:00,Everton,1.4,1.8,Fulham,39241.0,Goodison Park,Anthony Taylor,Informe del partido,1,3
1442,31.0,Sáb,2023-04-15,17:30,Manchester City,1.6,2.3,Leicester City,53329.0,Etihad Stadium,Darren England,Informe del partido,3,1
1443,31.0,Dom,2023-04-16,14:00,West Ham,1.8,2.7,Arsenal,62481.0,London Stadium,David Coote,Informe del partido,2,2
1444,31.0,Dom,2023-04-16,16:30,Nott'ham Forest,0.7,3.5,Manchester Utd,29435.0,The City Ground,Simon Hooper,Informe del partido,0,2
1445,31.0,Lun,2023-04-17,20:00,Leeds United,1.4,2.7,Liverpool,36657.0,Elland Road,Craig Pawson,Informe del partido,1,6
1446,32.0,Vie,2023-04-21,20:00,Arsenal,2.4,1.3,Southampton,60175.0,Emirates Stadium,Simon Hooper,Informe del partido,3,3
1447,32.0,Sáb,2023-04-22,12:30,Fulham,1.7,0.8,Leeds United,24356.0,Craven Cottage,Peter Bankes,Informe del partido,2,1
1448,32.0,Sáb,2023-04-22,15:00,Crystal Palace,0.5,0.4,Everton,25202.0,Selhurst Park,John Brooks,Informe del partido,0,0
1449,32.0,Sáb,2023-04-22,15:00,Brentford,2.7,1.5,Aston Villa,17098.0,Brentford Community Stadium,Michael Salisbury,Informe del partido,1,1
1450,32.0,Sáb,2023-04-22,15:00,Liverpool,2.8,0.9,Nott'ham Forest,53254.0,Anfield,Michael Oliver,Informe del partido,3,2
1451,32.0,Sáb,2023-04-22,15:00,Leicester City,2.4,0.9,Wolves,32053.0,King Power Stadium,Andy Madley,Informe del partido,2,1
1452,32.0,Dom,2023-04-23,14:00,Bournemouth,1.5,2.4,West Ham,10465.0,Vitality Stadium,Anthony Taylor,Informe del partido,0,4
1453,32.0,Dom,2023-04-23,14:00,Newcastle Utd,3.7,1.0,Tottenham,52252.0,St James' Park,David Coote,Informe del partido,6,1
1454,33.0,Mar,2023-04-25,19:30,Wolves,1.4,0.8,Crystal Palace,30294.0,Molineux Stadium,Robert Jones,Informe del partido,2,0
1455,33.0,Mar,2023-04-25,19:45,Aston Villa,1.0,0.1,Fulham,41046.0,Villa Park,Thomas Bramall,Informe del partido,1,0
1456,33.0,Mar,2023-04-25,20:00,Leeds United,1.5,2.1,Leicester City,36666.0,Elland Road,Paul Tierney,Informe del partido,1,1
1457,33.0,Mié,2023-04-26,19:30,Nott'ham Forest,2.4,2.3,Brighton,28808.0,The City Ground,Jarred Gillett,Informe del partido,3,1
1458,33.0,Mié,2023-04-26,19:45,Chelsea,1.3,1.1,Brentford,39929.0,Stamford Bridge,Andy Madley,Informe del partido,0,2
1459,33.0,Mié,2023-04-26,19:45,West Ham,0.8,1.9,Liverpool,62473.0,London Stadium,Chris Kavanagh,Informe del partido,1,2
1460,33.0,Mié,2023-04-26,20:00,Manchester City,2.5,0.5,Arsenal,53482.0,Etihad Stadium,Michael Oliver,Informe del partido,4,1
1461,33.0,Jue,2023-04-27,19:45,Everton,0.9,2.4,Newcastle Utd,39248.0,Goodison Park,Andre Marriner,Informe del partido,1,4
1462,33.0,Jue,2023-04-27,19:45,Southampton,0.5,0.9,Bournemouth,30414.0,St. Mary's Stadium,Darren England,Informe del partido,0,1
1463,33.0,Jue,2023-04-27,20:15,Tottenham,2.5,2.0,Manchester Utd,61586.0,Tottenham Hotspur Stadium,Anthony Taylor,Informe del partido,2,2
1464,34.0,Sáb,2023-04-29,12:30,Crystal Palace,2.1,1.7,West Ham,25148.0,Selhurst Park,Craig Pawson,Informe del partido,4,3
1465,34.0,Sáb,2023-04-29,15:00,Brighton,3.3,0.8,Wolves,31584.0,The American Express Community Stadium,David Coote,Informe del partido,6,0
1466,34.0,Sáb,2023-04-29,15:00,Brentford,1.6,0.7,Nott'ham Forest,17080.0,Brentford Community Stadium,Peter Bankes,Informe del partido,2,1
1467,34.0,Dom,2023-04-30,14:00,Manchester Utd,1.2,0.6,Aston Villa,73592.0,Old Trafford,Jarred Gillett,Informe del partido,1,0
1468,34.0,Dom,2023-04-30,14:00,Bournemouth,1.9,1.6,Leeds United,10434.0,Vitality Stadium,Chris Kavanagh,Informe del partido,4,1
1469,34.0,Dom,2023-04-30,14:00,Newcastle Utd,4.3,0.8,Southampton,52234.0,St James' Park,Anthony Taylor,Informe del partido,3,1
1470,34.0,Dom,2023-04-30,14:00,Fulham,0.2,2.5,Manchester City,24498.0,Craven Cottage,Simon Hooper,Informe del partido,1,2
1471,34.0,Dom,2023-04-30,16:30,Liverpool,2.2,2.0,Tottenham,53275.0,Anfield,Paul Tierney,Informe del partido,4,3
1472,34.0,Lun,2023-05-01,20:00,Leicester City,3.4,3.1,Everton,32173.0,King Power Stadium,Michael Oliver,Informe del partido,2,2
1473,34.0,Mar,2023-05-02,20:00,Arsenal,1.7,0.8,Chelsea,60144.0,Emirates Stadium,Robert Jones,Informe del partido,3,1
1474,28.0,Mié,2023-05-03,20:00,Liverpool,1.8,0.9,Fulham,52602.0,Anfield,Stuart Attwell,Informe del partido,1,0
1475,28.0,Mié,2023-05-03,20:00,Manchester City,2.3,0.4,West Ham,53305.0,Etihad Stadium,John Brooks,Informe del partido,3,0
1476,28.0,Jue,2023-05-04,20:00,Brighton,2.3,1.4,Manchester Utd,31577.0,The American Express Community Stadium,Andre Marriner,Informe del partido,1,0
1477,35.0,Sáb,2023-05-06,15:00,Tottenham,0.9,0.4,Crystal Palace,61093.0,Tottenham Hotspur Stadium,Darren England,Informe del partido,1,0
1478,35.0,Sáb,2023-05-06,15:00,Wolves,0.8,1.5,Aston Villa,31641.0,Molineux Stadium,Stuart Attwell,Informe del partido,1,0
1479,35.0,Sáb,2023-05-06,15:00,Bournemouth,1.2,1.3,Chelsea,10357.0,Vitality Stadium,John Brooks,Informe del partido,1,3
1480,35.0,Sáb,2023-05-06,15:00,Manchester City,2.6,0.2,Leeds United,53406.0,Etihad Stadium,Andy Madley,Informe del partido,2,1
1481,35.0,Sáb,2023-05-06,17:30,Liverpool,2.2,0.2,Brentford,52838.0,Anfield,Anthony Taylor,Informe del partido,1,0
1482,35.0,Dom,2023-05-07,16:30,Newcastle Utd,1.3,1.3,Arsenal,50267.0,St James' Park,Chris Kavanagh,Informe del partido,0,2
1483,35.0,Dom,2023-05-07,19:00,West Ham,1.3,1.2,Manchester Utd,62477.0,London Stadium,Peter Bankes,Informe del partido,1,0
1484,35.0,Lun,2023-05-08,15:00,Fulham,1.6,2.8,Leicester City,24442.0,Craven Cottage,Robert Jones,Informe del partido,5,3
1485,35.0,Lun,2023-05-08,17:30,Brighton,3.2,2.3,Everton,31567.0,The American Express Community Stadium,Simon Hooper,Informe del partido,1,5
1486,35.0,Lun,2023-05-08,20:00,Nott'ham Forest,1.8,3.1,Southampton,29154.0,The City Ground,Michael Oliver,Informe del partido,4,3
1487,36.0,Sáb,2023-05-13,12:30,Leeds United,2.0,2.3,Newcastle Utd,36955.0,Elland Road,Simon Hooper,Informe del partido,2,2
1488,36.0,Sáb,2023-05-13,15:00,Aston Villa,1.2,1.4,Tottenham,42164.0,Villa Park,Peter Bankes,Informe del partido,2,1
1489,36.0,Sáb,2023-05-13,15:00,Chelsea,1.2,1.3,Nott'ham Forest,40030.0,Stamford Bridge,Paul Tierney,Informe del partido,2,2
1490,36.0,Sáb,2023-05-13,15:00,Crystal Palace,1.5,0.3,Bournemouth,25034.0,Selhurst Park,Michael Salisbury,Informe del partido,2,0
1491,36.0,Sáb,2023-05-13,15:00,Southampton,0.4,1.4,Fulham,28978.0,St. Mary's Stadium,Thomas Bramall,Informe del partido,0,2
1492,36.0,Sáb,2023-05-13,15:00,Manchester Utd,3.2,0.3,Wolves,73570.0,Old Trafford,John Brooks,Informe del partido,2,0
1493,36.0,Dom,2023-05-14,14:00,Everton,1.6,0.8,Manchester City,39376.0,Goodison Park,Anthony Taylor,Informe del partido,0,3
1494,36.0,Dom,2023-05-14,14:00,Brentford,3.4,0.2,West Ham,17075.0,Brentford Community Stadium,Michael Oliver,Informe del partido,2,0
1495,36.0,Dom,2023-05-14,16:30,Arsenal,0.9,1.7,Brighton,60139.0,Emirates Stadium,Andy Madley,Informe del partido,0,3
1496,36.0,Lun,2023-05-15,20:00,Leicester City,0.4,2.2,Liverpool,32225.0,King Power Stadium,Craig Pawson,Informe del partido,0,3
1497,25.0,Jue,2023-05-18,19:30,Newcastle Utd,3.6,0.5,Brighton,52122.0,St James' Park,Robert Jones,Informe del partido,4,1
1498,37.0,Sáb,2023-05-20,12:30,Tottenham,1.7,1.2,Brentford,61514.0,Tottenham Hotspur Stadium,Jarred Gillett,Informe del partido,1,3
1499,37.0,Sáb,2023-05-20,15:00,Liverpool,0.7,1.3,Aston Villa,53306.0,Anfield,John Brooks,Informe del partido,1,1
1500,37.0,Sáb,2023-05-20,15:00,Fulham,1.7,1.6,Crystal Palace,24356.0,Craven Cottage,Joshua Smith,Informe del partido,2,2
1501,37.0,Sáb,2023-05-20,15:00,Bournemouth,1.0,1.4,Manchester Utd,10240.0,Vitality Stadium,Chris Kavanagh,Informe del partido,0,1
1502,37.0,Sáb,2023-05-20,15:00,Wolves,1.6,2.0,Everton,31684.0,Molineux Stadium,David Coote,Informe del partido,1,1
1503,37.0,Sáb,2023-05-20,17:30,Nott'ham Forest,0.6,0.6,Arsenal,29514.0,The City Ground,Anthony Taylor,Informe del partido,1,0
1504,37.0,Dom,2023-05-21,13:30,West Ham,2.1,0.9,Leeds United,62478.0,London Stadium,Peter Bankes,Informe del partido,3,1
1505,37.0,Dom,2023-05-21,14:00,Brighton,2.5,0.6,Southampton,31507.0,The American Express Community Stadium,Paul Tierney,Informe del partido,3,1
1506,37.0,Dom,2023-05-21,16:00,Manchester City,1.2,1.2,Chelsea,53490.0,Etihad Stadium,Michael Oliver,Informe del partido,1,0
1507,37.0,Lun,2023-05-22,20:00,Newcastle Utd,2.1,0.1,Leicester City,52152.0,St James' Park,Andre Marriner,Informe del partido,0,0
1508,32.0,Mié,2023-05-24,20:00,Brighton,2.2,1.8,Manchester City,31388.0,The American Express Community Stadium,Simon Hooper,Informe del partido,1,1
1509,32.0,Jue,2023-05-25,20:00,Manchester Utd,5.2,1.9,Chelsea,73561.0,Old Trafford,Stuart Attwell,Informe del partido,4,1
1510,38.0,Dom,2023-05-28,16:30,Crystal Palace,1.4,0.5,Nott'ham Forest,25198.0,Selhurst Park,Thomas Bramall,Informe del partido,1,1
1511,38.0,Dom,2023-05-28,16:30,Chelsea,2.2,1.7,Newcastle Utd,40130.0,Stamford Bridge,Jarred Gillett,Informe del partido,1,1
1512,38.0,Dom,2023-05-28,16:30,Manchester Utd,2.9,1.8,Fulham,73465.0,Old Trafford,Robert Jones,Informe del partido,2,1
1513,38.0,Dom,2023-05-28,16:30,Arsenal,2.8,0.5,Wolves,60095.0,Emirates Stadium,Andre Marriner,Informe del partido,5,0
1514,38.0,Dom,2023-05-28,16:30,Southampton,1.8,4.0,Liverpool,31129.0,St. Mary's Stadium,Darren England,Informe del partido,4,4
1515,38.0,Dom,2023-05-28,16:30,Everton,1.0,0.5,Bournemouth,39201.0,Goodison Park,Stuart Attwell,Informe del partido,1,0
1516,38.0,Dom,2023-05-28,16:30,Leicester City,1.4,1.4,West Ham,32183.0,King Power Stadium,Simon Hooper,Informe del partido,2,1
1517,38.0,Dom,2023-05-28,16:30,Aston Villa,2.8,1.4,Brighton,,Villa Park,David Coote,Informe del partido,2,1
1518,38.0,Dom,2023-05-28,16:30,Leeds United,1.5,2.2,Tottenham,36871.0,Elland Road,Anthony Taylor,Informe del partido,1,4
1519,38.0,Dom,2023-05-28,16:30,Brentford,1.3,1.6,Manchester City,17120.0,Brentford Community Stadium,John Brooks,Informe del partido,1,0
1520,1.0,Vie,2023-08-11,20:00,Burnley,0.3,1.9,Manchester City,21572.0,Turf Moor,Craig Pawson,Informe del partido,0,3
1521,1.0,Sáb,2023-08-12,12:30,Arsenal,0.8,1.2,Nott'ham Forest,59984.0,Emirates Stadium,Michael Oliver,Informe del partido,2,1
1522,1.0,Sáb,2023-08-12,15:00,Everton,2.7,1.5,Fulham,39940.0,Goodison Park,Stuart Attwell,Informe del partido,0,1
1523,1.0,Sáb,2023-08-12,15:00,Sheffield Utd,0.5,1.9,Crystal Palace,31194.0,Bramall Lane,John Brooks,Informe del partido,0,1
1524,1.0,Sáb,2023-08-12,15:00,Brighton,4.0,1.5,Luton Town,31872.0,The American Express Community Stadium,David Coote,Informe del partido,4,1
1525,1.0,Sáb,2023-08-12,15:00,Bournemouth,1.3,1.1,West Ham,11245.0,Vitality Stadium,Peter Bankes,Informe del partido,1,1
1526,1.0,Sáb,2023-08-12,17:30,Newcastle Utd,3.3,1.8,Aston Villa,52207.0,St James' Park,Andy Madley,Informe del partido,5,1
1527,1.0,Dom,2023-08-13,14:00,Brentford,2.2,1.3,Tottenham,17066.0,Gtech Community Stadium,Robert Jones,Informe del partido,2,2
1528,1.0,Dom,2023-08-13,16:30,Chelsea,1.4,1.3,Liverpool,40096.0,Stamford Bridge,Anthony Taylor,Informe del partido,1,1
1529,1.0,Lun,2023-08-14,20:00,Manchester Utd,2.2,2.2,Wolves,73358.0,Old Trafford,Simon Hooper,Informe del partido,1,0
1530,2.0,Vie,2023-08-18,19:45,Nott'ham Forest,1.4,0.5,Sheffield Utd,29432.0,The City Ground,Peter Bankes,Informe del partido,2,1
1531,2.0,Sáb,2023-08-19,15:00,Fulham,0.5,3.7,Brentford,24236.0,Craven Cottage,Darren Bond,Informe del partido,0,3
1532,2.0,Sáb,2023-08-19,15:00,Liverpool,3.0,1.3,Bournemouth,53145.0,Anfield,Thomas Bramall,Informe del partido,3,1
1533,2.0,Sáb,2023-08-19,15:00,Wolves,2.1,2.2,Brighton,31317.0,Molineux Stadium,Andy Madley,Informe del partido,1,4
1534,2.0,Sáb,2023-08-19,17:30,Tottenham,1.7,2.1,Manchester Utd,61910.0,Tottenham Hotspur Stadium,Michael Oliver,Informe del partido,2,0
1535,2.0,Sáb,2023-08-19,20:00,Manchester City,1.0,0.3,Newcastle Utd,53419.0,Etihad Stadium,Robert Jones,Informe del partido,1,0
1536,2.0,Dom,2023-08-20,14:00,Aston Villa,2.9,0.6,Everton,41694.0,Villa Park,Anthony Taylor,Informe del partido,4,0
1537,2.0,Dom,2023-08-20,16:30,West Ham,1.8,2.5,Chelsea,62451.0,London Stadium,John Brooks,Informe del partido,3,1
1538,2.0,Lun,2023-08-21,20:00,Crystal Palace,1.0,2.0,Arsenal,24189.0,Selhurst Park,David Coote,Informe del partido,0,1
1539,3.0,Vie,2023-08-25,20:00,Chelsea,2.2,0.4,Luton Town,39893.0,Stamford Bridge,Robert Jones,Informe del partido,3,0
1540,3.0,Sáb,2023-08-26,12:30,Bournemouth,0.7,2.1,Tottenham,10567.0,Vitality Stadium,Tim Robinson,Informe del partido,0,2
1541,3.0,Sáb,2023-08-26,15:00,Everton,1.3,1.1,Wolves,38851.0,Goodison Park,Craig Pawson,Informe del partido,0,1
1542,3.0,Sáb,2023-08-26,15:00,Brentford,1.0,0.8,Crystal Palace,16997.0,Gtech Community Stadium,Peter Bankes,Informe del partido,1,1
1543,3.0,Sáb,2023-08-26,15:00,Manchester Utd,2.8,1.2,Nott'ham Forest,73595.0,Old Trafford,Stuart Attwell,Informe del partido,3,2
1544,3.0,Sáb,2023-08-26,15:00,Arsenal,3.2,0.6,Fulham,59961.0,Emirates Stadium,Paul Tierney,Informe del partido,2,2
1545,3.0,Sáb,2023-08-26,17:30,Brighton,1.5,3.0,West Ham,31508.0,The American Express Community Stadium,Anthony Taylor,Informe del partido,1,3
1546,3.0,Dom,2023-08-27,14:00,Sheffield Utd,0.7,3.5,Manchester City,31336.0,Bramall Lane,Jarred Gillett,Informe del partido,1,2
1547,3.0,Dom,2023-08-27,14:00,Burnley,0.7,2.5,Aston Villa,21591.0,Turf Moor,Michael Salisbury,Informe del partido,1,3
1548,3.0,Dom,2023-08-27,16:30,Newcastle Utd,2.0,0.9,Liverpool,52214.0,St James' Park,John Brooks,Informe del partido,1,2
1549,4.0,Vie,2023-09-01,20:00,Luton Town,1.4,1.0,West Ham,10802.0,Kenilworth Road Stadium,Paul Tierney,Informe del partido,1,2
1550,4.0,Sáb,2023-09-02,12:30,Sheffield Utd,1.2,2.5,Everton,31124.0,Bramall Lane,Andy Madley,Informe del partido,2,2
1551,4.0,Sáb,2023-09-02,15:00,Chelsea,2.3,0.8,Nott'ham Forest,39820.0,Stamford Bridge,Tim Robinson,Informe del partido,0,1
1552,4.0,Sáb,2023-09-02,15:00,Manchester City,2.2,1.4,Fulham,52899.0,Etihad Stadium,Michael Oliver,Informe del partido,5,1
1553,4.0,Sáb,2023-09-02,15:00,Brentford,2.9,2.1,Bournemouth,16973.0,Gtech Community Stadium,Robert Madley,Informe del partido,2,2
1554,4.0,Sáb,2023-09-02,15:00,Burnley,1.3,2.2,Tottenham,21750.0,Turf Moor,Darren England,Informe del partido,2,5
1555,4.0,Sáb,2023-09-02,17:30,Brighton,1.3,1.2,Newcastle Utd,31620.0,The American Express Community Stadium,Stuart Attwell,Informe del partido,3,1
1556,4.0,Dom,2023-09-03,14:00,Liverpool,2.5,0.7,Aston Villa,50109.0,Anfield,Simon Hooper,Informe del partido,3,0
1557,4.0,Dom,2023-09-03,14:00,Crystal Palace,2.1,1.2,Wolves,24741.0,Selhurst Park,Robert Jones,Informe del partido,3,2
1558,4.0,Dom,2023-09-03,16:30,Arsenal,2.3,0.9,Manchester Utd,60192.0,Emirates Stadium,Anthony Taylor,Informe del partido,3,1
1559,5.0,Sáb,2023-09-16,12:30,Wolves,0.6,2.5,Liverpool,31257.0,Molineux Stadium,Michael Oliver,Informe del partido,1,3
1560,5.0,Sáb,2023-09-16,15:00,Fulham,1.0,1.1,Luton Town,24467.0,Craven Cottage,Michael Salisbury,Informe del partido,1,0
1561,5.0,Sáb,2023-09-16,15:00,West Ham,0.9,3.6,Manchester City,62475.0,London Stadium,Andy Madley,Informe del partido,1,3
1562,5.0,Sáb,2023-09-16,15:00,Aston Villa,3.0,1.2,Crystal Palace,40809.0,Villa Park,Darren England,Informe del partido,3,1
1563,5.0,Sáb,2023-09-16,15:00,Manchester Utd,1.0,1.7,Brighton,73592.0,Old Trafford,Jarred Gillett,Informe del partido,1,3
1564,5.0,Sáb,2023-09-16,15:00,Tottenham,2.1,0.7,Sheffield Utd,61706.0,Tottenham Hotspur Stadium,Peter Bankes,Informe del partido,2,1
1565,5.0,Sáb,2023-09-16,17:30,Newcastle Utd,1.4,0.5,Brentford,51670.0,St James' Park,Craig Pawson,Informe del partido,1,0
1566,5.0,Dom,2023-09-17,14:00,Bournemouth,1.0,1.8,Chelsea,10421.0,Vitality Stadium,David Coote,Informe del partido,0,0
1567,5.0,Dom,2023-09-17,16:30,Everton,0.3,1.0,Arsenal,39217.0,Goodison Park,Simon Hooper,Informe del partido,0,1
1568,5.0,Lun,2023-09-18,19:45,Nott'ham Forest,0.7,0.5,Burnley,28958.0,The City Ground,Robert Jones,Informe del partido,1,1
1569,6.0,Sáb,2023-09-23,15:00,Manchester City,1.3,1.0,Nott'ham Forest,53413.0,Etihad Stadium,Anthony Taylor,Informe del partido,2,0
1570,6.0,Sáb,2023-09-23,15:00,Luton Town,2.1,0.6,Wolves,10893.0,Kenilworth Road Stadium,Joshua Smith,Informe del partido,1,1
1571,6.0,Sáb,2023-09-23,15:00,Crystal Palace,0.3,0.6,Fulham,25072.0,Selhurst Park,Paul Tierney,Informe del partido,0,0
1572,6.0,Sáb,2023-09-23,17:30,Brentford,1.0,1.9,Everton,16981.0,Gtech Community Stadium,Michael Oliver,Informe del partido,1,3
1573,6.0,Sáb,2023-09-23,20:00,Burnley,1.1,1.0,Manchester Utd,21593.0,Turf Moor,Tony Harrington,Informe del partido,0,1
1574,6.0,Dom,2023-09-24,14:00,Arsenal,1.8,1.4,Tottenham,60156.0,Emirates Stadium,Robert Jones,Informe del partido,2,2
1575,6.0,Dom,2023-09-24,14:00,Brighton,1.9,1.1,Bournemouth,31617.0,The American Express Community Stadium,John Brooks,Informe del partido,3,1
1576,6.0,Dom,2023-09-24,14:00,Chelsea,1.3,1.0,Aston Villa,39700.0,Stamford Bridge,Jarred Gillett,Informe del partido,0,1
1577,6.0,Dom,2023-09-24,14:00,Liverpool,3.0,1.1,West Ham,50136.0,Anfield,Chris Kavanagh,Informe del partido,3,1
1578,6.0,Dom,2023-09-24,16:30,Sheffield Utd,0.9,3.9,Newcastle Utd,31127.0,Bramall Lane,Stuart Attwell,Informe del partido,0,8
1579,7.0,Sáb,2023-09-30,12:30,Aston Villa,1.6,1.7,Brighton,40636.0,Villa Park,Andy Madley,Informe del partido,6,1
1580,7.0,Sáb,2023-09-30,15:00,Wolves,0.4,0.9,Manchester City,31415.0,Molineux Stadium,Craig Pawson,Informe del partido,2,1
1581,7.0,Sáb,2023-09-30,15:00,Bournemouth,0.6,3.4,Arsenal,11193.0,Vitality Stadium,Michael Salisbury,Informe del partido,0,4
1582,7.0,Sáb,2023-09-30,15:00,Everton,2.9,0.9,Luton Town,39289.0,Goodison Park,Anthony Taylor,Informe del partido,1,2
1583,7.0,Sáb,2023-09-30,15:00,Newcastle Utd,3.1,0.6,Burnley,51687.0,St James' Park,Thomas Bramall,Informe del partido,2,0
1584,7.0,Sáb,2023-09-30,15:00,West Ham,2.1,1.1,Sheffield Utd,62459.0,London Stadium,Graham Scott,Informe del partido,2,0
1585,7.0,Sáb,2023-09-30,15:00,Manchester Utd,1.3,0.9,Crystal Palace,73428.0,Old Trafford,Chris Kavanagh,Informe del partido,0,1
1586,7.0,Sáb,2023-09-30,17:30,Tottenham,2.2,1.3,Liverpool,62001.0,Tottenham Hotspur Stadium,Simon Hooper,Informe del partido,2,1
1587,7.0,Dom,2023-10-01,14:00,Nott'ham Forest,0.5,1.6,Brentford,29004.0,The City Ground,Paul Tierney,Informe del partido,1,1
1588,7.0,Lun,2023-10-02,20:00,Fulham,1.1,1.7,Chelsea,24445.0,Craven Cottage,Tim Robinson,Informe del partido,0,2
1589,2.0,Mar,2023-10-03,19:30,Luton Town,1.3,1.1,Burnley,10918.0,Kenilworth Road Stadium,Peter Bankes,Informe del partido,1,2
1590,8.0,Sáb,2023-10-07,12:30,Luton Town,0.8,1.9,Tottenham,10290.0,Kenilworth Road Stadium,John Brooks,Informe del partido,0,1
1591,8.0,Sáb,2023-10-07,15:00,Everton,2.4,0.7,Bournemouth,38815.0,Goodison Park,David Coote,Informe del partido,3,0
1592,8.0,Sáb,2023-10-07,15:00,Manchester Utd,1.4,0.9,Brentford,73453.0,Old Trafford,Andy Madley,Informe del partido,2,1
1593,8.0,Sáb,2023-10-07,15:00,Burnley,0.7,1.9,Chelsea,21654.0,Turf Moor,Stuart Attwell,Informe del partido,1,4
1594,8.0,Sáb,2023-10-07,15:00,Fulham,2.2,0.6,Sheffield Utd,24361.0,Craven Cottage,Samuel Barrott,Informe del partido,3,1
1595,8.0,Sáb,2023-10-07,17:30,Crystal Palace,0.8,1.0,Nott'ham Forest,25017.0,Selhurst Park,Craig Pawson,Informe del partido,0,0
1596,8.0,Dom,2023-10-08,14:00,West Ham,1.2,2.0,Newcastle Utd,62473.0,London Stadium,Peter Bankes,Informe del partido,2,2
1597,8.0,Dom,2023-10-08,14:00,Wolves,1.7,1.6,Aston Villa,31425.0,Molineux Stadium,Robert Jones,Informe del partido,1,1
1598,8.0,Dom,2023-10-08,14:00,Brighton,2.3,2.3,Liverpool,31752.0,The American Express Community Stadium,Anthony Taylor,Informe del partido,2,2
1599,8.0,Dom,2023-10-08,16:30,Arsenal,0.4,0.5,Manchester City,60233.0,Emirates Stadium,Michael Oliver,Informe del partido,1,0
1600,9.0,Sáb,2023-10-21,12:30,Liverpool,2.2,0.1,Everton,50201.0,Anfield,Craig Pawson,Informe del partido,2,0
1601,9.0,Sáb,2023-10-21,15:00,Bournemouth,0.6,2.4,Wolves,11175.0,Vitality Stadium,Paul Tierney,Informe del partido,1,2
1602,9.0,Sáb,2023-10-21,15:00,Newcastle Utd,2.4,1.2,Crystal Palace,52189.0,St James' Park,Tim Robinson,Informe del partido,4,0
1603,9.0,Sáb,2023-10-21,15:00,Brentford,3.1,1.1,Burnley,17029.0,Gtech Community Stadium,Joshua Smith,Informe del partido,3,0
1604,9.0,Sáb,2023-10-21,15:00,Manchester City,0.8,0.8,Brighton,53466.0,Etihad Stadium,Robert Jones,Informe del partido,2,1
1605,9.0,Sáb,2023-10-21,15:00,Nott'ham Forest,2.9,1.7,Luton Town,29361.0,The City Ground,Samuel Barrott,Informe del partido,2,2
1606,9.0,Sáb,2023-10-21,17:30,Chelsea,1.3,1.0,Arsenal,39723.0,Stamford Bridge,Chris Kavanagh,Informe del partido,2,2
1607,9.0,Sáb,2023-10-21,20:00,Sheffield Utd,1.4,1.1,Manchester Utd,31543.0,Bramall Lane,Michael Oliver,Informe del partido,1,2
1608,9.0,Dom,2023-10-22,16:30,Aston Villa,1.9,1.1,West Ham,41734.0,Villa Park,David Coote,Informe del partido,4,1
1609,9.0,Lun,2023-10-23,20:00,Tottenham,1.5,1.0,Fulham,61286.0,Tottenham Hotspur Stadium,Anthony Taylor,Informe del partido,2,0
1610,10.0,Vie,2023-10-27,20:00,Crystal Palace,0.6,1.1,Tottenham,25074.0,Selhurst Park,Andy Madley,Informe del partido,1,2
1611,10.0,Sáb,2023-10-28,12:30,Chelsea,1.9,2.2,Brentford,39575.0,Stamford Bridge,Simon Hooper,Informe del partido,0,2
1612,10.0,Sáb,2023-10-28,15:00,Bournemouth,1.1,0.8,Burnley,11152.0,Vitality Stadium,Samuel Barrott,Informe del partido,2,1
1613,10.0,Sáb,2023-10-28,15:00,Arsenal,2.8,0.0,Sheffield Utd,60153.0,Emirates Stadium,Tim Robinson,Informe del partido,5,0
1614,10.0,Sáb,2023-10-28,17:30,Wolves,0.9,2.2,Newcastle Utd,31584.0,Molineux Stadium,Anthony Taylor,Informe del partido,2,2
1615,10.0,Dom,2023-10-29,13:00,West Ham,0.7,0.8,Everton,62469.0,London Stadium,Stuart Attwell,Informe del partido,0,1
1616,10.0,Dom,2023-10-29,14:00,Liverpool,3.2,0.4,Nott'ham Forest,50143.0,Anfield,Chris Kavanagh,Informe del partido,3,0
1617,10.0,Dom,2023-10-29,14:00,Brighton,1.4,0.7,Fulham,31550.0,The American Express Community Stadium,Michael Salisbury,Informe del partido,1,1
1618,10.0,Dom,2023-10-29,14:00,Aston Villa,2.3,0.5,Luton Town,41785.0,Villa Park,John Brooks,Informe del partido,3,1
1619,10.0,Dom,2023-10-29,15:30,Manchester Utd,0.9,4.0,Manchester City,73502.0,Old Trafford,Paul Tierney,Informe del partido,0,3
1620,11.0,Sáb,2023-11-04,12:30,Fulham,1.0,0.7,Manchester Utd,24415.0,Craven Cottage,John Brooks,Informe del partido,0,1
1621,11.0,Sáb,2023-11-04,15:00,Brentford,1.5,1.8,West Ham,17103.0,Gtech Community Stadium,Thomas Bramall,Informe del partido,3,2
1622,11.0,Sáb,2023-11-04,15:00,Everton,0.7,0.5,Brighton,38683.0,Goodison Park,Tim Robinson,Informe del partido,1,1
1623,11.0,Sáb,2023-11-04,15:00,Burnley,1.1,1.3,Crystal Palace,21578.0,Turf Moor,Peter Bankes,Informe del partido,0,2
1624,11.0,Sáb,2023-11-04,15:00,Manchester City,1.9,0.9,Bournemouth,53358.0,Etihad Stadium,Craig Pawson,Informe del partido,6,1
1625,11.0,Sáb,2023-11-04,15:00,Sheffield Utd,1.0,1.2,Wolves,29454.0,Bramall Lane,Robert Jones,Informe del partido,2,1
1626,11.0,Sáb,2023-11-04,17:30,Newcastle Utd,1.0,0.6,Arsenal,52194.0,St James' Park,Stuart Attwell,Informe del partido,1,0
1627,11.0,Dom,2023-11-05,14:00,Nott'ham Forest,0.4,1.2,Aston Villa,29313.0,The City Ground,Jarred Gillett,Informe del partido,2,0
1628,11.0,Dom,2023-11-05,16:30,Luton Town,0.8,2.6,Liverpool,11049.0,Kenilworth Road Stadium,Andy Madley,Informe del partido,1,1
1629,11.0,Lun,2023-11-06,20:00,Tottenham,0.9,4.1,Chelsea,61726.0,Tottenham Hotspur Stadium,Michael Oliver,Informe del partido,1,4
1630,12.0,Sáb,2023-11-11,12:30,Wolves,2.1,0.7,Tottenham,31642.0,Molineux Stadium,Tim Robinson,Informe del partido,2,1
1631,12.0,Sáb,2023-11-11,15:00,Arsenal,1.8,0.3,Burnley,60232.0,Emirates Stadium,Michael Oliver,Informe del partido,3,1
1632,12.0,Sáb,2023-11-11,15:00,Manchester Utd,2.2,0.4,Luton Town,73599.0,Old Trafford,Graham Scott,Informe del partido,1,0
1633,12.0,Sáb,2023-11-11,15:00,Crystal Palace,2.2,1.5,Everton,25103.0,Selhurst Park,Samuel Barrott,Informe del partido,2,3
1634,12.0,Sáb,2023-11-11,17:30,Bournemouth,2.4,0.5,Newcastle Utd,11201.0,Vitality Stadium,Chris Kavanagh,Informe del partido,2,0
1635,12.0,Dom,2023-11-12,14:00,West Ham,1.8,1.7,Nott'ham Forest,62470.0,London Stadium,Michael Salisbury,Informe del partido,3,2
1636,12.0,Dom,2023-11-12,14:00,Liverpool,1.7,1.6,Brentford,50151.0,Anfield,Paul Tierney,Informe del partido,3,0
1637,12.0,Dom,2023-11-12,14:00,Aston Villa,3.0,0.9,Fulham,41608.0,Villa Park,Simon Hooper,Informe del partido,3,1
1638,12.0,Dom,2023-11-12,14:00,Brighton,1.5,1.1,Sheffield Utd,31367.0,The American Express Community Stadium,John Brooks,Informe del partido,1,1
1639,12.0,Dom,2023-11-12,16:30,Chelsea,2.9,2.9,Manchester City,39532.0,Stamford Bridge,Anthony Taylor,Informe del partido,4,4
1640,13.0,Sáb,2023-11-25,12:30,Manchester City,1.3,0.6,Liverpool,53289.0,Etihad Stadium,Chris Kavanagh,Informe del partido,1,1
1641,13.0,Sáb,2023-11-25,15:00,Burnley,1.3,0.9,West Ham,21319.0,Turf Moor,Samuel Barrott,Informe del partido,1,2
1642,13.0,Sáb,2023-11-25,15:00,Nott'ham Forest,1.9,1.3,Brighton,29404.0,The City Ground,Anthony Taylor,Informe del partido,2,3
1643,13.0,Sáb,2023-11-25,15:00,Sheffield Utd,0.8,2.9,Bournemouth,30208.0,Bramall Lane,Andy Madley,Informe del partido,1,3
1644,13.0,Sáb,2023-11-25,15:00,Newcastle Utd,2.4,0.5,Chelsea,52227.0,St James' Park,Simon Hooper,Informe del partido,4,1
1645,13.0,Sáb,2023-11-25,15:00,Luton Town,0.9,1.6,Crystal Palace,11029.0,Kenilworth Road Stadium,Jarred Gillett,Informe del partido,2,1
1646,13.0,Sáb,2023-11-25,17:30,Brentford,1.1,1.6,Arsenal,17201.0,Gtech Community Stadium,Tim Robinson,Informe del partido,0,1
1647,13.0,Dom,2023-11-26,14:00,Tottenham,2.3,1.7,Aston Villa,61679.0,Tottenham Hotspur Stadium,Robert Jones,Informe del partido,1,2
1648,13.0,Dom,2023-11-26,16:30,Everton,2.4,2.2,Manchester Utd,39257.0,Goodison Park,John Brooks,Informe del partido,0,3
1649,13.0,Lun,2023-11-27,20:00,Fulham,2.9,1.4,Wolves,24366.0,Craven Cottage,Michael Salisbury,Informe del partido,3,2
1650,14.0,Sáb,2023-12-02,15:00,Brentford,3.1,0.2,Luton Town,17075.0,Gtech Community Stadium,Anthony Taylor,Informe del partido,3,1
1651,14.0,Sáb,2023-12-02,15:00,Arsenal,2.8,0.7,Wolves,60262.0,Emirates Stadium,Peter Bankes,Informe del partido,2,1
1652,14.0,Sáb,2023-12-02,15:00,Burnley,1.8,0.4,Sheffield Utd,21478.0,Turf Moor,Chris Kavanagh,Informe del partido,5,0
1653,14.0,Sáb,2023-12-02,17:30,Nott'ham Forest,0.7,0.7,Everton,29404.0,The City Ground,Paul Tierney,Informe del partido,0,1
1654,14.0,Sáb,2023-12-02,20:00,Newcastle Utd,2.4,0.5,Manchester Utd,52214.0,St James' Park,Robert Jones,Informe del partido,1,0
1655,14.0,Dom,2023-12-03,14:00,Bournemouth,2.0,0.7,Aston Villa,11191.0,Vitality Stadium,Thomas Bramall,Informe del partido,2,2
1656,14.0,Dom,2023-12-03,14:00,Liverpool,2.1,1.2,Fulham,50124.0,Anfield,Stuart Attwell,Informe del partido,4,3
1657,14.0,Dom,2023-12-03,14:00,Chelsea,2.1,1.1,Brighton,39647.0,Stamford Bridge,Craig Pawson,Informe del partido,3,2
1658,14.0,Dom,2023-12-03,14:00,West Ham,1.1,0.9,Crystal Palace,62414.0,London Stadium,Michael Oliver,Informe del partido,1,1
1659,14.0,Dom,2023-12-03,16:30,Manchester City,2.6,0.5,Tottenham,53473.0,Etihad Stadium,Simon Hooper,Informe del partido,3,3
1660,15.0,Mar,2023-12-05,19:30,Wolves,0.8,0.9,Burnley,30439.0,Molineux Stadium,Jarred Gillett,Informe del partido,1,0
1661,15.0,Mar,2023-12-05,20:15,Luton Town,0.5,2.2,Arsenal,11031.0,Kenilworth Road Stadium,Samuel Barrott,Informe del partido,3,4
1662,15.0,Mié,2023-12-06,19:30,Sheffield Utd,1.0,1.7,Liverpool,31406.0,Bramall Lane,Simon Hooper,Informe del partido,0,2
1663,15.0,Mié,2023-12-06,19:30,Crystal Palace,1.0,1.8,Bournemouth,25078.0,Selhurst Park,Craig Pawson,Informe del partido,0,2
1664,15.0,Mié,2023-12-06,19:30,Brighton,1.5,1.5,Brentford,31571.0,The American Express Community Stadium,Peter Bankes,Informe del partido,2,1
1665,15.0,Mié,2023-12-06,19:30,Fulham,2.5,0.3,Nott'ham Forest,24105.0,Craven Cottage,Joshua Smith,Informe del partido,5,0
1666,15.0,Mié,2023-12-06,20:15,Aston Villa,2.3,0.6,Manchester City,41421.0,Villa Park,John Brooks,Informe del partido,1,0
1667,15.0,Mié,2023-12-06,20:15,Manchester Utd,4.1,1.5,Chelsea,73607.0,Old Trafford,Chris Kavanagh,Informe del partido,2,1
1668,15.0,Jue,2023-12-07,19:30,Everton,3.3,1.5,Newcastle Utd,38198.0,Goodison Park,Tim Robinson,Informe del partido,3,0
1669,15.0,Jue,2023-12-07,20:15,Tottenham,1.8,2.2,West Ham,61171.0,Tottenham Hotspur Stadium,Michael Salisbury,Informe del partido,1,2
1670,16.0,Sáb,2023-12-09,12:30,Crystal Palace,1.7,1.2,Liverpool,25103.0,Selhurst Park,Andy Madley,Informe del partido,1,2
1671,16.0,Sáb,2023-12-09,15:00,Manchester Utd,1.1,1.5,Bournemouth,73427.0,Old Trafford,Peter Bankes,Informe del partido,0,3
1672,16.0,Sáb,2023-12-09,15:00,Wolves,1.2,1.3,Nott'ham Forest,31543.0,Molineux Stadium,Samuel Barrott,Informe del partido,1,1
1673,16.0,Sáb,2023-12-09,15:00,Brighton,2.6,0.6,Burnley,31511.0,The American Express Community Stadium,Simon Hooper,Informe del partido,1,1
1674,16.0,Sáb,2023-12-09,15:00,Sheffield Utd,0.8,0.6,Brentford,28509.0,Bramall Lane,Stuart Attwell,Informe del partido,1,0
1675,16.0,Sáb,2023-12-09,17:30,Aston Villa,0.6,1.4,Arsenal,42000.0,Villa Park,Jarred Gillett,Informe del partido,1,0
1676,16.0,Dom,2023-12-10,14:00,Everton,1.2,0.9,Chelsea,39280.0,Goodison Park,Michael Oliver,Informe del partido,2,0
1677,16.0,Dom,2023-12-10,14:00,Fulham,2.3,1.3,West Ham,23988.0,Craven Cottage,Paul Tierney,Informe del partido,5,0
1678,16.0,Dom,2023-12-10,14:00,Luton Town,0.3,1.6,Manchester City,11047.0,Kenilworth Road Stadium,Tim Robinson,Informe del partido,1,2
1679,16.0,Dom,2023-12-10,16:30,Tottenham,3.8,1.7,Newcastle Utd,61171.0,Tottenham Hotspur Stadium,Chris Kavanagh,Informe del partido,4,1
1680,17.0,Vie,2023-12-15,20:00,Nott'ham Forest,1.3,1.5,Tottenham,29296.0,The City Ground,Jarred Gillett,Informe del partido,0,2
1681,17.0,Sáb,2023-12-16,15:00,Manchester City,1.6,1.8,Crystal Palace,53248.0,Etihad Stadium,Paul Tierney,Informe del partido,2,2
1682,17.0,Sáb,2023-12-16,15:00,Chelsea,3.1,0.4,Sheffield Utd,39599.0,Stamford Bridge,Andy Madley,Informe del partido,2,0
1683,17.0,Sáb,2023-12-16,15:00,Newcastle Utd,3.5,0.3,Fulham,52055.0,St James' Park,Samuel Barrott,Informe del partido,3,0
1684,17.0,Sáb,2023-12-16,17:30,Burnley,0.7,1.4,Everton,21413.0,Turf Moor,Anthony Taylor,Informe del partido,0,2
1685,17.0,Dom,2023-12-17,14:00,Brentford,0.5,1.4,Aston Villa,17034.0,Gtech Community Stadium,David Coote,Informe del partido,1,2
1686,17.0,Dom,2023-12-17,14:00,West Ham,1.1,0.7,Wolves,62455.0,London Stadium,Chris Kavanagh,Informe del partido,3,0
1687,17.0,Dom,2023-12-17,14:00,Arsenal,2.3,0.7,Brighton,60257.0,Emirates Stadium,Tim Robinson,Informe del partido,2,0
1688,17.0,Dom,2023-12-17,16:30,Liverpool,2.3,0.8,Manchester Utd,57158.0,Anfield,Michael Oliver,Informe del partido,0,0
1689,18.0,Jue,2023-12-21,20:00,Crystal Palace,1.3,1.2,Brighton,24171.0,Selhurst Park,John Brooks,Informe del partido,1,1
1690,18.0,Vie,2023-12-22,20:00,Aston Villa,0.9,0.6,Sheffield Utd,41651.0,Villa Park,Anthony Taylor,Informe del partido,1,1
1691,18.0,Sáb,2023-12-23,12:30,West Ham,1.2,1.0,Manchester Utd,64472.0,London Stadium,Simon Hooper,Informe del partido,2,0
1692,18.0,Sáb,2023-12-23,15:00,Luton Town,1.4,1.4,Newcastle Utd,11042.0,Kenilworth Road Stadium,Darren England,Informe del partido,1,0
1693,18.0,Sáb,2023-12-23,15:00,Fulham,1.3,0.4,Burnley,23598.0,Craven Cottage,Rebecca Welch,Informe del partido,0,2
1694,18.0,Sáb,2023-12-23,15:00,Tottenham,1.5,1.8,Everton,61808.0,Tottenham Hotspur Stadium,Stuart Attwell,Informe del partido,2,1
1695,18.0,Sáb,2023-12-23,15:00,Nott'ham Forest,1.0,1.6,Bournemouth,29188.0,The City Ground,Robert Jones,Informe del partido,2,3
1696,18.0,Sáb,2023-12-23,17:30,Liverpool,1.0,0.7,Arsenal,57548.0,Anfield,Chris Kavanagh,Informe del partido,1,1
1697,18.0,Dom,2023-12-24,13:00,Wolves,1.3,2.0,Chelsea,31641.0,Molineux Stadium,David Coote,Informe del partido,2,1
1698,19.0,Mar,2023-12-26,12:30,Newcastle Utd,2.4,3.5,Nott'ham Forest,52207.0,St James' Park,Chris Kavanagh,Informe del partido,1,3
1699,19.0,Mar,2023-12-26,15:00,Bournemouth,1.8,0.3,Fulham,11099.0,Vitality Stadium,Tim Robinson,Informe del partido,3,0
1700,19.0,Mar,2023-12-26,15:00,Sheffield Utd,2.4,0.6,Luton Town,31041.0,Bramall Lane,Samuel Allison,Informe del partido,2,3
1701,19.0,Mar,2023-12-26,17:30,Burnley,0.8,1.8,Liverpool,21624.0,Turf Moor,Paul Tierney,Informe del partido,0,2
1702,19.0,Mar,2023-12-26,20:00,Manchester Utd,1.1,1.7,Aston Villa,73574.0,Old Trafford,Craig Pawson,Informe del partido,3,2
1703,19.0,Mié,2023-12-27,19:30,Chelsea,2.6,1.1,Crystal Palace,39618.0,Stamford Bridge,Michael Salisbury,Informe del partido,2,1
1704,19.0,Mié,2023-12-27,19:30,Brentford,2.2,2.4,Wolves,17109.0,Gtech Community Stadium,Andy Madley,Informe del partido,1,4
1705,19.0,Mié,2023-12-27,20:15,Everton,1.0,2.4,Manchester City,39327.0,Goodison Park,John Brooks,Informe del partido,1,3
1706,19.0,Jue,2023-12-28,19:30,Brighton,3.2,2.3,Tottenham,31675.0,The American Express Community Stadium,Jarred Gillett,Informe del partido,4,2
1707,19.0,Jue,2023-12-28,20:15,Arsenal,2.7,1.4,West Ham,60261.0,Emirates Stadium,Michael Oliver,Informe del partido,0,2
1708,20.0,Sáb,2023-12-30,12:30,Luton Town,2.3,1.5,Chelsea,11041.0,Kenilworth Road Stadium,Paul Tierney,Informe del partido,2,3
1709,20.0,Sáb,2023-12-30,15:00,Aston Villa,3.2,1.2,Burnley,41613.0,Villa Park,Stuart Attwell,Informe del partido,3,2
1710,20.0,Sáb,2023-12-30,15:00,Wolves,1.9,0.4,Everton,31639.0,Molineux Stadium,Thomas Bramall,Informe del partido,3,0
1711,20.0,Sáb,2023-12-30,15:00,Manchester City,2.2,0.3,Sheffield Utd,53108.0,Etihad Stadium,David Coote,Informe del partido,2,0
1712,20.0,Sáb,2023-12-30,15:00,Crystal Palace,1.0,1.4,Brentford,25472.0,Selhurst Park,Robert Jones,Informe del partido,3,1
1713,20.0,Sáb,2023-12-30,17:30,Nott'ham Forest,0.7,0.8,Manchester Utd,29529.0,The City Ground,Tim Robinson,Informe del partido,2,1
1714,20.0,Dom,2023-12-31,14:00,Tottenham,2.3,1.7,Bournemouth,61780.0,Tottenham Hotspur Stadium,Simon Hooper,Informe del partido,3,1
1715,20.0,Dom,2023-12-31,14:00,Fulham,1.2,1.6,Arsenal,24444.0,Craven Cottage,Joshua Smith,Informe del partido,2,1
1716,20.0,Lun,2024-01-01,20:00,Liverpool,7.0,0.6,Newcastle Utd,57471.0,Anfield,Anthony Taylor,Informe del partido,4,2
1717,20.0,Mar,2024-01-02,19:30,West Ham,0.7,2.3,Brighton,62462.0,London Stadium,Samuel Barrott,Informe del partido,0,0
1718,21.0,Vie,2024-01-12,19:45,Burnley,1.1,0.9,Luton Town,20155.0,Turf Moor,Tony Harrington,Informe del partido,1,1
1719,21.0,Sáb,2024-01-13,12:30,Chelsea,2.2,0.8,Fulham,39643.0,Stamford Bridge,Anthony Taylor,Informe del partido,1,0
1720,21.0,Sáb,2024-01-13,17:30,Newcastle Utd,1.3,3.0,Manchester City,52190.0,St James' Park,Chris Kavanagh,Informe del partido,2,3
1721,21.0,Dom,2024-01-14,14:00,Everton,1.1,1.2,Aston Villa,39284.0,Goodison Park,David Coote,Informe del partido,0,0
1722,21.0,Dom,2024-01-14,16:30,Manchester Utd,0.8,1.2,Tottenham,73489.0,Old Trafford,John Brooks,Informe del partido,2,2
1723,21.0,Sáb,2024-01-20,12:30,Arsenal,3.3,0.3,Crystal Palace,60284.0,Emirates Stadium,Paul Tierney,Informe del partido,5,0
1724,21.0,Sáb,2024-01-20,17:30,Brentford,1.2,1.2,Nott'ham Forest,17077.0,Gtech Community Stadium,Darren England,Informe del partido,3,2
1725,21.0,Dom,2024-01-21,14:00,Sheffield Utd,2.5,2.3,West Ham,29164.0,Bramall Lane,Michael Salisbury,Informe del partido,2,2
1726,21.0,Dom,2024-01-21,16:30,Bournemouth,1.4,1.5,Liverpool,11228.0,Vitality Stadium,Andy Madley,Informe del partido,0,4
1727,21.0,Lun,2024-01-22,19:45,Brighton,1.0,1.1,Wolves,41505.0,The American Express Community Stadium,Craig Pawson,Informe del partido,0,0
1728,22.0,Mar,2024-01-30,19:30,Nott'ham Forest,0.5,1.2,Arsenal,29387.0,The City Ground,Simon Hooper,Informe del partido,1,2
1729,22.0,Mar,2024-01-30,19:45,Fulham,1.6,1.9,Everton,24376.0,Craven Cottage,Thomas Bramall,Informe del partido,0,0
1730,22.0,Mar,2024-01-30,19:45,Luton Town,3.1,0.9,Brighton,10994.0,Kenilworth Road Stadium,Robert Jones,Informe del partido,4,0
1731,22.0,Mar,2024-01-30,20:00,Crystal Palace,1.1,0.8,Sheffield Utd,24781.0,Selhurst Park,Tony Harrington,Informe del partido,3,2
1732,22.0,Mar,2024-01-30,20:15,Aston Villa,1.4,2.6,Newcastle Utd,42191.0,Villa Park,John Brooks,Informe del partido,1,3
1733,22.0,Mié,2024-01-31,19:30,Tottenham,2.9,1.6,Brentford,61210.0,Tottenham Hotspur Stadium,David Coote,Informe del partido,3,2
1734,22.0,Mié,2024-01-31,19:30,Manchester City,1.7,1.4,Burnley,52143.0,Etihad Stadium,Samuel Barrott,Informe del partido,3,1
1735,22.0,Mié,2024-01-31,20:15,Liverpool,2.9,0.6,Chelsea,57524.0,Anfield,Paul Tierney,Informe del partido,4,1
1736,22.0,Jue,2024-02-01,19:30,West Ham,1.4,1.2,Bournemouth,62478.0,London Stadium,Tim Robinson,Informe del partido,1,1
1737,22.0,Jue,2024-02-01,20:15,Wolves,2.1,3.3,Manchester Utd,31641.0,Molineux Stadium,Jarred Gillett,Informe del partido,3,4
1738,23.0,Sáb,2024-02-03,12:30,Everton,2.6,1.0,Tottenham,39321.0,Goodison Park,Michael Oliver,Informe del partido,2,2
1739,23.0,Sáb,2024-02-03,15:00,Newcastle Utd,2.3,2.4,Luton Town,52211.0,St James' Park,Thomas Bramall,Informe del partido,4,4
1740,23.0,Sáb,2024-02-03,15:00,Brighton,1.4,0.3,Crystal Palace,31345.0,The American Express Community Stadium,Simon Hooper,Informe del partido,4,1
1741,23.0,Sáb,2024-02-03,15:00,Burnley,1.8,1.5,Fulham,20203.0,Turf Moor,Darren Bond,Informe del partido,2,2
1742,23.0,Sáb,2024-02-03,17:30,Sheffield Utd,1.4,2.2,Aston Villa,30187.0,Bramall Lane,Paul Tierney,Informe del partido,0,5
1743,23.0,Dom,2024-02-04,14:00,Bournemouth,1.3,0.5,Nott'ham Forest,11200.0,Vitality Stadium,Rebecca Welch,Informe del partido,1,1
1744,23.0,Dom,2024-02-04,14:00,Manchester Utd,0.7,1.4,West Ham,73612.0,Old Trafford,Andy Madley,Informe del partido,3,0
1745,23.0,Dom,2024-02-04,14:00,Chelsea,1.7,2.0,Wolves,39628.0,Stamford Bridge,Tim Robinson,Informe del partido,2,4
1746,23.0,Dom,2024-02-04,16:30,Arsenal,3.5,0.4,Liverpool,60374.0,Emirates Stadium,Anthony Taylor,Informe del partido,3,1
1747,23.0,Lun,2024-02-05,20:00,Brentford,1.0,2.1,Manchester City,17096.0,Gtech Community Stadium,Jarred Gillett,Informe del partido,1,3
1748,24.0,Sáb,2024-02-10,12:30,Manchester City,1.6,0.3,Everton,52187.0,Etihad Stadium,John Brooks,Informe del partido,2,0
1749,24.0,Sáb,2024-02-10,15:00,Luton Town,1.8,1.7,Sheffield Utd,11138.0,Kenilworth Road Stadium,Chris Kavanagh,Informe del partido,1,3
1750,24.0,Sáb,2024-02-10,15:00,Liverpool,2.8,1.3,Burnley,59896.0,Anfield,Tim Robinson,Informe del partido,3,1
1751,24.0,Sáb,2024-02-10,15:00,Wolves,1.0,1.9,Brentford,30731.0,Molineux Stadium,Simon Hooper,Informe del partido,0,2
1752,24.0,Sáb,2024-02-10,15:00,Fulham,1.6,1.8,Bournemouth,24271.0,Craven Cottage,Darren England,Informe del partido,3,1
1753,24.0,Sáb,2024-02-10,15:00,Tottenham,1.6,1.2,Brighton,61445.0,Tottenham Hotspur Stadium,Samuel Barrott,Informe del partido,2,1
1754,24.0,Sáb,2024-02-10,17:30,Nott'ham Forest,1.5,0.5,Newcastle Utd,29451.0,The City Ground,Anthony Taylor,Informe del partido,2,3
1755,24.0,Dom,2024-02-11,14:00,West Ham,0.2,3.6,Arsenal,62475.0,London Stadium,Craig Pawson,Informe del partido,0,6
1756,24.0,Dom,2024-02-11,16:30,Aston Villa,2.4,1.8,Manchester Utd,42185.0,Villa Park,Robert Jones,Informe del partido,1,2
1757,24.0,Lun,2024-02-12,20:00,Crystal Palace,0.6,1.4,Chelsea,25110.0,Selhurst Park,Michael Oliver,Informe del partido,1,3
1758,25.0,Sáb,2024-02-17,12:30,Brentford,1.6,2.8,Liverpool,17193.0,Gtech Community Stadium,Michael Oliver,Informe del partido,1,4
1759,25.0,Sáb,2024-02-17,15:00,Newcastle Utd,2.2,2.2,Bournemouth,52224.0,St James' Park,Michael Salisbury,Informe del partido,2,2
1760,25.0,Sáb,2024-02-17,15:00,Tottenham,1.6,1.8,Wolves,61532.0,Tottenham Hotspur Stadium,Anthony Taylor,Informe del partido,1,2
1761,25.0,Sáb,2024-02-17,15:00,Burnley,0.3,2.3,Arsenal,21311.0,Turf Moor,Jarred Gillett,Informe del partido,0,5
1762,25.0,Sáb,2024-02-17,15:00,Fulham,1.5,1.5,Aston Villa,24401.0,Craven Cottage,Lewis Smith,Informe del partido,1,2
1763,25.0,Sáb,2024-02-17,15:00,Nott'ham Forest,2.8,0.5,West Ham,29490.0,The City Ground,Thomas Bramall,Informe del partido,2,0
1764,25.0,Sáb,2024-02-17,17:30,Manchester City,2.6,1.4,Chelsea,52178.0,Etihad Stadium,Andy Madley,Informe del partido,1,1
1765,25.0,Dom,2024-02-18,14:00,Sheffield Utd,0.6,2.9,Brighton,29522.0,Bramall Lane,Stuart Attwell,Informe del partido,0,5
1766,25.0,Dom,2024-02-18,16:30,Luton Town,1.8,2.9,Manchester Utd,11483.0,Kenilworth Road Stadium,David Coote,Informe del partido,1,2
1767,25.0,Lun,2024-02-19,20:00,Everton,1.7,0.7,Crystal Palace,38164.0,Goodison Park,Paul Tierney,Informe del partido,1,1
1768,18.0,Mar,2024-02-20,19:30,Manchester City,2.3,0.4,Brentford,52247.0,Etihad Stadium,Darren England,Informe del partido,1,0
1769,26.0,Mié,2024-02-21,19:30,Liverpool,3.3,0.9,Luton Town,59713.0,Anfield,Andy Madley,Informe del partido,4,1
1770,26.0,Sáb,2024-02-24,15:00,Manchester Utd,1.7,1.2,Fulham,73487.0,Old Trafford,Michael Oliver,Informe del partido,1,2
1771,26.0,Sáb,2024-02-24,15:00,Crystal Palace,2.4,0.1,Burnley,24042.0,Selhurst Park,Lewis Smith,Informe del partido,3,0
1772,26.0,Sáb,2024-02-24,15:00,Brighton,1.4,0.3,Everton,41646.0,The American Express Community Stadium,Tony Harrington,Informe del partido,1,1
1773,26.0,Sáb,2024-02-24,15:00,Aston Villa,3.6,2.6,Nott'ham Forest,42131.0,Villa Park,Samuel Barrott,Informe del partido,4,2
1774,26.0,Sáb,2024-02-24,17:30,Bournemouth,0.9,1.6,Manchester City,11184.0,Vitality Stadium,Jarred Gillett,Informe del partido,0,1
1775,26.0,Sáb,2024-02-24,20:00,Arsenal,2.8,0.2,Newcastle Utd,60298.0,Emirates Stadium,Paul Tierney,Informe del partido,4,1
1776,26.0,Dom,2024-02-25,13:30,Wolves,1.3,0.6,Sheffield Utd,30789.0,Molineux Stadium,Darren Bond,Informe del partido,1,0
1777,26.0,Lun,2024-02-26,20:00,West Ham,1.7,0.9,Brentford,62450.0,London Stadium,Simon Hooper,Informe del partido,4,2
1778,27.0,Sáb,2024-03-02,15:00,Fulham,1.3,1.3,Brighton,24460.0,Craven Cottage,Simon Hooper,Informe del partido,3,0
1779,27.0,Sáb,2024-03-02,15:00,Tottenham,1.9,0.3,Crystal Palace,61339.0,Tottenham Hotspur Stadium,John Brooks,Informe del partido,3,1
1780,27.0,Sáb,2024-03-02,15:00,Brentford,1.8,1.8,Chelsea,17140.0,Gtech Community Stadium,Jarred Gillett,Informe del partido,2,2
1781,27.0,Sáb,2024-03-02,15:00,Newcastle Utd,2.1,0.8,Wolves,52206.0,St James' Park,Tim Robinson,Informe del partido,3,0
1782,27.0,Sáb,2024-03-02,15:00,Nott'ham Forest,1.0,2.0,Liverpool,29603.0,The City Ground,Paul Tierney,Informe del partido,0,1
1783,27.0,Sáb,2024-03-02,15:00,Everton,2.7,1.9,West Ham,39262.0,Goodison Park,Craig Pawson,Informe del partido,1,3
1784,27.0,Sáb,2024-03-02,17:30,Luton Town,1.8,1.9,Aston Villa,11594.0,Kenilworth Road Stadium,Michael Oliver,Informe del partido,2,3
1785,27.0,Dom,2024-03-03,13:00,Burnley,1.5,1.1,Bournemouth,19713.0,Turf Moor,David Coote,Informe del partido,0,2
1786,27.0,Dom,2024-03-03,15:30,Manchester City,3.3,0.2,Manchester Utd,53514.0,Etihad Stadium,Andy Madley,Informe del partido,3,1
1787,27.0,Lun,2024-03-04,20:00,Sheffield Utd,0.2,2.3,Arsenal,29157.0,Bramall Lane,Samuel Barrott,Informe del partido,0,6
1788,28.0,Sáb,2024-03-09,12:30,Manchester Utd,2.7,1.6,Everton,73601.0,Old Trafford,Simon Hooper,Informe del partido,2,0
1789,28.0,Sáb,2024-03-09,15:00,Bournemouth,3.3,1.2,Sheffield Utd,11074.0,Vitality Stadium,Anthony Taylor,Informe del partido,2,2
1790,28.0,Sáb,2024-03-09,15:00,Wolves,0.8,2.6,Fulham,30860.0,Molineux Stadium,Tony Harrington,Informe del partido,2,1
1791,28.0,Sáb,2024-03-09,15:00,Crystal Palace,2.7,0.8,Luton Town,25103.0,Selhurst Park,Sunny Singh,Informe del partido,1,1
1792,28.0,Sáb,2024-03-09,17:30,Arsenal,1.3,1.0,Brentford,60331.0,Emirates Stadium,Robert Jones,Informe del partido,2,1
1793,28.0,Dom,2024-03-10,13:00,Aston Villa,0.8,1.5,Tottenham,42310.0,Villa Park,Chris Kavanagh,Informe del partido,0,4
1794,28.0,Dom,2024-03-10,14:00,West Ham,2.1,0.7,Burnley,62441.0,London Stadium,Darren England,Informe del partido,2,2
1795,28.0,Dom,2024-03-10,14:00,Brighton,0.4,0.7,Nott'ham Forest,31505.0,The American Express Community Stadium,Michael Salisbury,Informe del partido,1,0
1796,28.0,Dom,2024-03-10,15:45,Liverpool,2.7,1.6,Manchester City,59947.0,Anfield,Michael Oliver,Informe del partido,1,1
1797,28.0,Lun,2024-03-11,20:00,Chelsea,1.6,0.7,Newcastle Utd,37753.0,Stamford Bridge,John Brooks,Informe del partido,3,2
1798,17.0,Mié,2024-03-13,19:30,Bournemouth,2.3,2.0,Luton Town,11198.0,Vitality Stadium,Samuel Allison,Informe del partido,4,3
1799,29.0,Sáb,2024-03-16,15:00,Luton Town,0.6,2.0,Nott'ham Forest,11630.0,Kenilworth Road Stadium,Darren England,Informe del partido,1,1
1800,29.0,Sáb,2024-03-16,15:00,Burnley,2.8,1.1,Brentford,20431.0,Turf Moor,Darren Bond,Informe del partido,2,1
1801,29.0,Sáb,2024-03-16,17:30,Fulham,2.6,2.4,Tottenham,24410.0,Craven Cottage,Robert Jones,Informe del partido,3,0
1802,29.0,Dom,2024-03-17,14:00,West Ham,2.0,0.7,Aston Villa,62461.0,London Stadium,Jarred Gillett,Informe del partido,1,1
1803,30.0,Sáb,2024-03-30,12:30,Newcastle Utd,4.1,1.4,West Ham,52199.0,St James' Park,Robert Jones,Informe del partido,4,3
1804,30.0,Sáb,2024-03-30,15:00,Bournemouth,1.3,1.0,Everton,11207.0,Vitality Stadium,Samuel Barrott,Informe del partido,2,1
1805,30.0,Sáb,2024-03-30,15:00,Tottenham,2.9,0.5,Luton Town,61534.0,Tottenham Hotspur Stadium,Jarred Gillett,Informe del partido,2,1
1806,30.0,Sáb,2024-03-30,15:00,Nott'ham Forest,0.9,1.2,Crystal Palace,29520.0,The City Ground,Chris Kavanagh,Informe del partido,1,1
1807,30.0,Sáb,2024-03-30,15:00,Sheffield Utd,1.9,1.3,Fulham,30010.0,Bramall Lane,Tim Robinson,Informe del partido,3,3
1808,30.0,Sáb,2024-03-30,15:00,Chelsea,4.2,1.6,Burnley,39535.0,Stamford Bridge,Darren England,Informe del partido,2,2
1809,30.0,Sáb,2024-03-30,17:30,Aston Villa,1.0,1.5,Wolves,42640.0,Villa Park,Paul Tierney,Informe del partido,2,0
1810,30.0,Sáb,2024-03-30,20:00,Brentford,3.2,0.6,Manchester Utd,17138.0,Gtech Community Stadium,Simon Hooper,Informe del partido,1,1
1811,30.0,Dom,2024-03-31,14:00,Liverpool,2.8,0.5,Brighton,60061.0,Anfield,David Coote,Informe del partido,2,1
1812,30.0,Dom,2024-03-31,16:30,Manchester City,1.0,0.7,Arsenal,52178.0,Etihad Stadium,Anthony Taylor,Informe del partido,0,0
1813,31.0,Mar,2024-04-02,19:30,Newcastle Utd,2.4,1.4,Everton,52135.0,St James' Park,Tony Harrington,Informe del partido,1,1
1814,31.0,Mar,2024-04-02,19:30,Nott'ham Forest,1.5,1.5,Fulham,28997.0,The City Ground,Michael Oliver,Informe del partido,3,1
1815,31.0,Mar,2024-04-02,19:45,Bournemouth,1.1,0.2,Crystal Palace,11058.0,Vitality Stadium,Graham Scott,Informe del partido,1,0
1816,31.0,Mar,2024-04-02,19:45,Burnley,1.3,0.9,Wolves,21528.0,Turf Moor,Thomas Bramall,Informe del partido,1,1
1817,31.0,Mar,2024-04-02,20:15,West Ham,1.5,1.0,Tottenham,62469.0,London Stadium,John Brooks,Informe del partido,1,1
1818,31.0,Mié,2024-04-03,19:30,Arsenal,0.7,0.3,Luton Town,60262.0,Emirates Stadium,Craig Pawson,Informe del partido,2,0
1819,31.0,Mié,2024-04-03,19:30,Brentford,0.6,1.1,Brighton,17024.0,Gtech Community Stadium,Andy Madley,Informe del partido,0,0
1820,31.0,Mié,2024-04-03,20:15,Manchester City,3.4,0.8,Aston Villa,53422.0,Etihad Stadium,Darren England,Informe del partido,4,1
1821,31.0,Jue,2024-04-04,19:30,Liverpool,1.8,0.6,Sheffield Utd,60055.0,Anfield,Stuart Attwell,Informe del partido,3,1
1822,31.0,Jue,2024-04-04,20:15,Chelsea,3.0,1.5,Manchester Utd,39694.0,Stamford Bridge,Jarred Gillett,Informe del partido,4,3
1823,32.0,Sáb,2024-04-06,12:30,Crystal Palace,1.1,1.9,Manchester City,25132.0,Selhurst Park,Paul Tierney,Informe del partido,2,4
1824,32.0,Sáb,2024-04-06,15:00,Luton Town,1.5,0.4,Bournemouth,11797.0,Kenilworth Road Stadium,Andy Madley,Informe del partido,2,1
1825,32.0,Sáb,2024-04-06,15:00,Wolves,1.5,1.2,West Ham,31504.0,Molineux Stadium,Tony Harrington,Informe del partido,1,2
1826,32.0,Sáb,2024-04-06,15:00,Fulham,1.2,1.0,Newcastle Utd,24418.0,Craven Cottage,Samuel Allison,Informe del partido,0,1
1827,32.0,Sáb,2024-04-06,15:00,Everton,0.9,0.5,Burnley,39125.0,Goodison Park,Michael Oliver,Informe del partido,1,0
1828,32.0,Sáb,2024-04-06,15:00,Aston Villa,1.5,1.5,Brentford,42118.0,Villa Park,Michael Salisbury,Informe del partido,3,3
1829,32.0,Sáb,2024-04-06,17:30,Brighton,0.5,3.4,Arsenal,31677.0,The American Express Community Stadium,John Brooks,Informe del partido,0,3
1830,32.0,Dom,2024-04-07,15:30,Manchester Utd,0.7,3.6,Liverpool,73501.0,Old Trafford,Anthony Taylor,Informe del partido,2,2
1831,32.0,Dom,2024-04-07,17:30,Sheffield Utd,1.4,0.3,Chelsea,28638.0,Bramall Lane,Robert Jones,Informe del partido,2,2
1832,32.0,Dom,2024-04-07,18:00,Tottenham,1.5,1.5,Nott'ham Forest,61098.0,Tottenham Hotspur Stadium,Simon Hooper,Informe del partido,3,1
1833,33.0,Sáb,2024-04-13,12:30,Newcastle Utd,2.8,0.8,Tottenham,52147.0,St James' Park,Tim Robinson,Informe del partido,4,0
1834,33.0,Sáb,2024-04-13,15:00,Manchester City,4.2,0.5,Luton Town,52149.0,Etihad Stadium,John Brooks,Informe del partido,5,1
1835,33.0,Sáb,2024-04-13,15:00,Nott'ham Forest,1.9,1.0,Wolves,29604.0,The City Ground,Craig Pawson,Informe del partido,2,2
1836,33.0,Sáb,2024-04-13,15:00,Brentford,1.0,0.8,Sheffield Utd,17115.0,Gtech Community Stadium,Samuel Barrott,Informe del partido,2,0
1837,33.0,Sáb,2024-04-13,15:00,Burnley,1.7,0.9,Brighton,20687.0,Turf Moor,Simon Hooper,Informe del partido,1,1
1838,33.0,Sáb,2024-04-13,17:30,Bournemouth,1.6,1.2,Manchester Utd,11229.0,Vitality Stadium,Tony Harrington,Informe del partido,2,2
1839,33.0,Dom,2024-04-14,14:00,Liverpool,2.7,2.0,Crystal Palace,60090.0,Anfield,Chris Kavanagh,Informe del partido,0,1
1840,33.0,Dom,2024-04-14,14:00,West Ham,0.9,3.2,Fulham,62459.0,London Stadium,Stuart Attwell,Informe del partido,0,2
1841,33.0,Dom,2024-04-14,16:30,Arsenal,1.6,0.9,Aston Villa,60350.0,Emirates Stadium,David Coote,Informe del partido,0,2
1842,33.0,Lun,2024-04-15,20:00,Chelsea,3.1,1.5,Everton,39392.0,Stamford Bridge,Paul Tierney,Informe del partido,6,0
1843,34.0,Sáb,2024-04-20,15:00,Luton Town,0.6,3.1,Brentford,11877.0,Kenilworth Road Stadium,Jarred Gillett,Informe del partido,1,5
1844,34.0,Sáb,2024-04-20,15:00,Sheffield Utd,2.4,2.2,Burnley,28964.0,Bramall Lane,Andy Madley,Informe del partido,1,4
1845,34.0,Sáb,2024-04-20,19:30,Wolves,0.2,1.2,Arsenal,31621.0,Molineux Stadium,Paul Tierney,Informe del partido,0,2
1846,34.0,Dom,2024-04-21,13:30,Everton,0.3,0.9,Nott'ham Forest,39239.0,Goodison Park,Anthony Taylor,Informe del partido,2,0
1847,34.0,Dom,2024-04-21,15:00,Aston Villa,2.4,1.8,Bournemouth,42189.0,Villa Park,Tim Robinson,Informe del partido,3,1
1848,34.0,Dom,2024-04-21,15:00,Crystal Palace,2.4,1.3,West Ham,25145.0,Selhurst Park,Graham Scott,Informe del partido,5,2
1849,34.0,Dom,2024-04-21,16:30,Fulham,0.8,1.0,Liverpool,24414.0,Craven Cottage,Craig Pawson,Informe del partido,1,3
1850,29.0,Mar,2024-04-23,20:00,Arsenal,3.3,1.6,Chelsea,60238.0,Emirates Stadium,Simon Hooper,Informe del partido,5,0
1851,29.0,Mié,2024-04-24,19:45,Wolves,0.5,1.9,Bournemouth,25541.0,Molineux Stadium,Stuart Attwell,Informe del partido,0,1
1852,29.0,Mié,2024-04-24,20:00,Manchester Utd,2.9,0.8,Sheffield Utd,73549.0,Old Trafford,Michael Salisbury,Informe del partido,4,2
1853,29.0,Mié,2024-04-24,20:00,Everton,1.2,2.1,Liverpool,38222.0,Goodison Park,Andy Madley,Informe del partido,2,0
1854,29.0,Mié,2024-04-24,20:00,Crystal Palace,0.9,0.4,Newcastle Utd,25002.0,Selhurst Park,Thomas Bramall,Informe del partido,2,0
1855,29.0,Jue,2024-04-25,20:00,Brighton,0.6,1.4,Manchester City,31596.0,The American Express Community Stadium,Jarred Gillett,Informe del partido,0,4
1856,35.0,Sáb,2024-04-27,12:30,West Ham,0.7,1.7,Liverpool,62474.0,London Stadium,Anthony Taylor,Informe del partido,2,2
1857,35.0,Sáb,2024-04-27,15:00,Wolves,1.2,0.6,Luton Town,31531.0,Molineux Stadium,David Coote,Informe del partido,2,1
1858,35.0,Sáb,2024-04-27,15:00,Fulham,1.1,1.0,Crystal Palace,24142.0,Craven Cottage,Stuart Attwell,Informe del partido,1,1
1859,35.0,Sáb,2024-04-27,15:00,Manchester Utd,2.7,2.1,Burnley,73571.0,Old Trafford,John Brooks,Informe del partido,1,1
1860,35.0,Sáb,2024-04-27,15:00,Newcastle Utd,3.1,1.5,Sheffield Utd,52196.0,St James' Park,Tony Harrington,Informe del partido,5,1
1861,35.0,Sáb,2024-04-27,17:30,Everton,0.8,0.9,Brentford,39098.0,Goodison Park,Darren England,Informe del partido,1,0
1862,35.0,Sáb,2024-04-27,20:00,Aston Villa,1.1,1.6,Chelsea,42354.0,Villa Park,Craig Pawson,Informe del partido,2,2
1863,35.0,Dom,2024-04-28,14:00,Tottenham,2.3,1.0,Arsenal,61554.0,Tottenham Hotspur Stadium,Michael Oliver,Informe del partido,2,3
1864,35.0,Dom,2024-04-28,14:00,Bournemouth,1.9,0.9,Brighton,11188.0,Vitality Stadium,Paul Tierney,Informe del partido,3,0
1865,35.0,Dom,2024-04-28,16:30,Nott'ham Forest,1.9,0.9,Manchester City,29677.0,The City Ground,Simon Hooper,Informe del partido,0,2
1866,26.0,Jue,2024-05-02,19:30,Chelsea,2.2,1.6,Tottenham,39086.0,Stamford Bridge,Robert Jones,Informe del partido,2,0
1867,36.0,Vie,2024-05-03,20:00,Luton Town,0.8,1.4,Everton,11873.0,Kenilworth Road Stadium,Tim Robinson,Informe del partido,1,1
1868,36.0,Sáb,2024-05-04,12:30,Arsenal,3.3,0.5,Bournemouth,60348.0,Emirates Stadium,David Coote,Informe del partido,3,0
1869,36.0,Sáb,2024-05-04,15:00,Burnley,1.0,3.4,Newcastle Utd,21781.0,Turf Moor,Anthony Taylor,Informe del partido,1,4
1870,36.0,Sáb,2024-05-04,15:00,Sheffield Utd,2.2,1.5,Nott'ham Forest,28516.0,Bramall Lane,Chris Kavanagh,Informe del partido,1,3
1871,36.0,Sáb,2024-05-04,15:00,Brentford,0.6,1.3,Fulham,17090.0,Gtech Community Stadium,Graham Scott,Informe del partido,0,0
1872,36.0,Sáb,2024-05-04,17:30,Manchester City,3.7,0.3,Wolves,52439.0,Etihad Stadium,Craig Pawson,Informe del partido,5,1
1873,36.0,Dom,2024-05-05,14:00,Brighton,2.5,0.1,Aston Villa,31596.0,The American Express Community Stadium,Robert Jones,Informe del partido,1,0
1874,36.0,Dom,2024-05-05,14:00,Chelsea,4.1,0.9,West Ham,39295.0,Stamford Bridge,Andy Madley,Informe del partido,5,0
1875,36.0,Dom,2024-05-05,16:30,Liverpool,3.3,1.2,Tottenham,60075.0,Anfield,Paul Tierney,Informe del partido,4,2
1876,36.0,Lun,2024-05-06,20:00,Crystal Palace,1.7,0.4,Manchester Utd,25190.0,Selhurst Park,Jarred Gillett,Informe del partido,4,0
1877,37.0,Sáb,2024-05-11,12:30,Fulham,0.1,3.2,Manchester City,24418.0,Craven Cottage,Anthony Taylor,Informe del partido,0,4
1878,37.0,Sáb,2024-05-11,15:00,Wolves,1.6,2.6,Crystal Palace,31424.0,Molineux Stadium,Thomas Bramall,Informe del partido,1,3
1879,37.0,Sáb,2024-05-11,15:00,West Ham,3.2,0.3,Luton Town,62475.0,London Stadium,Michael Oliver,Informe del partido,3,1
1880,37.0,Sáb,2024-05-11,15:00,Tottenham,2.7,0.7,Burnley,61148.0,Tottenham Hotspur Stadium,Jarred Gillett,Informe del partido,2,1
1881,37.0,Sáb,2024-05-11,15:00,Everton,2.3,0.6,Sheffield Utd,39221.0,Goodison Park,Stuart Attwell,Informe del partido,1,0
1882,37.0,Sáb,2024-05-11,15:00,Newcastle Utd,2.2,1.4,Brighton,51997.0,St James' Park,Darren England,Informe del partido,1,1
1883,37.0,Sáb,2024-05-11,15:00,Bournemouth,0.7,1.1,Brentford,11154.0,Vitality Stadium,Matt Donohue,Informe del partido,1,2
1884,37.0,Sáb,2024-05-11,17:30,Nott'ham Forest,1.5,1.6,Chelsea,29708.0,The City Ground,Tony Harrington,Informe del partido,2,3
1885,37.0,Dom,2024-05-12,16:30,Manchester Utd,0.5,1.5,Arsenal,73600.0,Old Trafford,Paul Tierney,Informe del partido,0,1
1886,37.0,Lun,2024-05-13,20:00,Aston Villa,3.1,1.7,Liverpool,42241.0,Villa Park,Simon Hooper,Informe del partido,3,3
1887,34.0,Mar,2024-05-14,20:00,Tottenham,1.7,2.4,Manchester City,61065.0,Tottenham Hotspur Stadium,Chris Kavanagh,Informe del partido,0,2
1888,34.0,Mié,2024-05-15,19:45,Brighton,1.3,1.5,Chelsea,31555.0,The American Express Community Stadium,Michael Salisbury,Informe del partido,1,2
1889,34.0,Mié,2024-05-15,20:00,Manchester Utd,1.5,2.2,Newcastle Utd,73582.0,Old Trafford,Robert Jones,Informe del partido,3,2
1890,38.0,Dom,2024-05-19,16:00,Luton Town,2.0,1.1,Fulham,12027.0,Kenilworth Road Stadium,Matt Donohue,Informe del partido,2,4
1891,38.0,Dom,2024-05-19,16:00,Sheffield Utd,1.0,3.1,Tottenham,29116.0,Bramall Lane,Andy Madley,Informe del partido,0,3
1892,38.0,Dom,2024-05-19,16:00,Manchester City,1.9,0.4,West Ham,55097.0,Etihad Stadium,John Brooks,Informe del partido,3,1
1893,38.0,Dom,2024-05-19,16:00,Arsenal,2.9,0.6,Everton,60312.0,Emirates Stadium,Michael Oliver,Informe del partido,2,1
1894,38.0,Dom,2024-05-19,16:00,Brighton,1.7,1.3,Manchester Utd,31662.0,The American Express Community Stadium,Craig Pawson,Informe del partido,0,2
1895,38.0,Dom,2024-05-19,16:00,Brentford,1.1,3.4,Newcastle Utd,17124.0,Gtech Community Stadium,Simon Hooper,Informe del partido,2,4
1896,38.0,Dom,2024-05-19,16:00,Chelsea,1.1,2.2,Bournemouth,39724.0,Stamford Bridge,Anthony Taylor,Informe del partido,2,1
1897,38.0,Dom,2024-05-19,16:00,Crystal Palace,2.5,0.9,Aston Villa,25191.0,Selhurst Park,Darren Bond,Informe del partido,5,0
1898,38.0,Dom,2024-05-19,16:00,Liverpool,4.5,0.5,Wolves,60059.0,Anfield,Chris Kavanagh,Informe del partido,2,0
1899,38.0,Dom,2024-05-19,16:00,Burnley,1.2,1.7,Nott'ham Forest,21109.0,Turf Moor,Graham Scott,Informe del partido,1,2
1900,1.0,Vie,2024-08-16,20:00,Manchester Utd,2.4,0.4,Fulham,73297.0,Old Trafford,Robert Jones,Informe del partido,1,0
1901,1.0,Sáb,2024-08-17,12:30,Ipswich Town,0.5,2.6,Liverpool,30014.0,Portman Road Stadium,Tim Robinson,Informe del partido,0,2
1902,1.0,Sáb,2024-08-17,15:00,Newcastle Utd,0.3,1.8,Southampton,52196.0,St James' Park,Craig Pawson,Informe del partido,1,0
1903,1.0,Sáb,2024-08-17,15:00,Nott'ham Forest,1.3,1.2,Bournemouth,29763.0,The City Ground,Michael Oliver,Informe del partido,1,1
1904,1.0,Sáb,2024-08-17,15:00,Everton,0.5,1.4,Brighton,39217.0,Goodison Park,Simon Hooper,Informe del partido,0,3
1905,1.0,Sáb,2024-08-17,15:00,Arsenal,1.2,0.5,Wolves,60261.0,Emirates Stadium,Jarred Gillett,Informe del partido,2,0
1906,1.0,Sáb,2024-08-17,17:30,West Ham,2.3,2.0,Aston Villa,62463.0,London Stadium,Tony Harrington,Informe del partido,1,2
1907,1.0,Dom,2024-08-18,14:00,Brentford,1.6,1.2,Crystal Palace,16988.0,Gtech Community Stadium,Samuel Barrott,Informe del partido,2,1
1908,1.0,Dom,2024-08-18,16:30,Chelsea,1.0,0.8,Manchester City,39818.0,Stamford Bridge,Anthony Taylor,Informe del partido,0,2
1909,1.0,Lun,2024-08-19,20:00,Leicester City,1.0,1.2,Tottenham,31977.0,King Power Stadium,Chris Kavanagh,Informe del partido,1,1
1910,2.0,Sáb,2024-08-24,12:30,Brighton,2.1,1.4,Manchester Utd,31537.0,The American Express Stadium,Craig Pawson,Informe del partido,2,1
1911,2.0,Sáb,2024-08-24,15:00,Tottenham,2.4,1.0,Everton,61357.0,Tottenham Hotspur Stadium,Anthony Taylor,Informe del partido,4,0
1912,2.0,Sáb,2024-08-24,15:00,Fulham,1.8,0.6,Leicester City,25401.0,Craven Cottage,Darren Bond,Informe del partido,2,1
1913,2.0,Sáb,2024-08-24,15:00,Crystal Palace,1.3,1.4,West Ham,25099.0,Selhurst Park,Robert Jones,Informe del partido,0,2
1914,2.0,Sáb,2024-08-24,15:00,Manchester City,3.3,0.3,Ipswich Town,53147.0,Etihad Stadium,Samuel Allison,Informe del partido,4,1
1915,2.0,Sáb,2024-08-24,15:00,Southampton,0.1,2.2,Nott'ham Forest,31150.0,St Mary's Stadium,Samuel Barrott,Informe del partido,0,1
1916,2.0,Sáb,2024-08-24,17:30,Aston Villa,1.2,0.9,Arsenal,41587.0,Villa Park,Michael Oliver,Informe del partido,0,2
1917,2.0,Dom,2024-08-25,14:00,Bournemouth,2.2,1.6,Newcastle Utd,11161.0,Vitality Stadium,David Coote,Informe del partido,1,1
1918,2.0,Dom,2024-08-25,14:00,Wolves,1.9,1.6,Chelsea,31235.0,Molineux Stadium,Darren England,Informe del partido,2,6
1919,2.0,Dom,2024-08-25,16:30,Liverpool,2.5,0.5,Brentford,60017.0,Anfield,Stuart Attwell,Informe del partido,2,0
1920,3.0,Sáb,2024-08-31,12:30,Arsenal,2.1,1.7,Brighton,60326.0,Emirates Stadium,Chris Kavanagh,Informe del partido,1,1
1921,3.0,Sáb,2024-08-31,15:00,Everton,1.8,2.4,Bournemouth,38805.0,Goodison Park,Stuart Attwell,Informe del partido,2,3
1922,3.0,Sáb,2024-08-31,15:00,Leicester City,0.4,1.4,Aston Villa,31725.0,King Power Stadium,David Coote,Informe del partido,1,2
1923,3.0,Sáb,2024-08-31,15:00,Nott'ham Forest,1.0,0.7,Wolves,29918.0,The City Ground,Simon Hooper,Informe del partido,1,1
1924,3.0,Sáb,2024-08-31,15:00,Ipswich Town,0.4,0.9,Fulham,29517.0,Portman Road Stadium,Lewis Smith,Informe del partido,1,1
1925,3.0,Sáb,2024-08-31,15:00,Brentford,2.8,1.5,Southampton,16955.0,Gtech Community Stadium,Joshua Smith,Informe del partido,3,1
1926,3.0,Sáb,2024-08-31,17:30,West Ham,0.7,3.0,Manchester City,62469.0,London Stadium,Michael Oliver,Informe del partido,1,3
1927,3.0,Dom,2024-09-01,13:30,Newcastle Utd,1.8,1.2,Tottenham,52211.0,St James' Park,Robert Jones,Informe del partido,2,1
1928,3.0,Dom,2024-09-01,13:30,Chelsea,2.4,0.5,Crystal Palace,39298.0,Stamford Bridge,Jarred Gillett,Informe del partido,1,1
1929,3.0,Dom,2024-09-01,16:00,Manchester Utd,1.4,1.8,Liverpool,73738.0,Old Trafford,Anthony Taylor,Informe del partido,0,3
1930,4.0,Sáb,2024-09-14,12:30,Southampton,1.1,2.6,Manchester Utd,31144.0,St Mary's Stadium,Stuart Attwell,Informe del partido,0,3
1931,4.0,Sáb,2024-09-14,15:00,Brighton,1.6,0.3,Ipswich Town,41573.0,The American Express Stadium,Samuel Barrott,Informe del partido,0,0
1932,4.0,Sáb,2024-09-14,15:00,Crystal Palace,2.5,1.2,Leicester City,25147.0,Selhurst Park,Tony Harrington,Informe del partido,2,2
1933,4.0,Sáb,2024-09-14,15:00,Manchester City,2.1,1.0,Brentford,52148.0,Etihad Stadium,Darren Bond,Informe del partido,2,1
1934,4.0,Sáb,2024-09-14,15:00,Liverpool,0.9,0.4,Nott'ham Forest,60344.0,Anfield,Michael Oliver,Informe del partido,0,1
1935,4.0,Sáb,2024-09-14,15:00,Fulham,1.5,0.8,West Ham,26528.0,Craven Cottage,Tim Robinson,Informe del partido,1,1
1936,4.0,Sáb,2024-09-14,17:30,Aston Villa,2.1,0.9,Everton,41573.0,Villa Park,Craig Pawson,Informe del partido,3,2
1937,4.0,Sáb,2024-09-14,20:00,Bournemouth,1.7,0.8,Chelsea,11235.0,Vitality Stadium,Anthony Taylor,Informe del partido,0,1
1938,4.0,Dom,2024-09-15,14:00,Tottenham,0.7,0.7,Arsenal,61645.0,Tottenham Hotspur Stadium,Jarred Gillett,Informe del partido,0,1
1939,4.0,Dom,2024-09-15,16:30,Wolves,1.2,1.5,Newcastle Utd,30255.0,Molineux Stadium,Chris Kavanagh,Informe del partido,1,2
1940,5.0,Sáb,2024-09-21,12:30,West Ham,0.9,2.2,Chelsea,62473.0,London Stadium,Samuel Barrott,Informe del partido,0,3
1941,5.0,Sáb,2024-09-21,15:00,Liverpool,2.0,1.1,Bournemouth,60347.0,Anfield,Tony Harrington,Informe del partido,3,0
1942,5.0,Sáb,2024-09-21,15:00,Leicester City,0.7,1.1,Everton,31765.0,King Power Stadium,Darren England,Informe del partido,1,1
1943,5.0,Sáb,2024-09-21,15:00,Southampton,2.4,1.6,Ipswich Town,31117.0,St Mary's Stadium,Samuel Allison,Informe del partido,1,1
1944,5.0,Sáb,2024-09-21,15:00,Tottenham,3.5,0.8,Brentford,61246.0,Tottenham Hotspur Stadium,John Brooks,Informe del partido,3,1
1945,5.0,Sáb,2024-09-21,15:00,Fulham,2.2,1.5,Newcastle Utd,25700.0,Craven Cottage,Peter Bankes,Informe del partido,3,1
1946,5.0,Sáb,2024-09-21,15:00,Aston Villa,1.7,0.5,Wolves,39978.0,Villa Park,Tim Robinson,Informe del partido,3,1
1947,5.0,Sáb,2024-09-21,17:30,Crystal Palace,1.0,1.6,Manchester Utd,25172.0,Selhurst Park,David Coote,Informe del partido,0,0
1948,5.0,Dom,2024-09-22,14:00,Brighton,1.0,1.4,Nott'ham Forest,31444.0,The American Express Stadium,Robert Jones,Informe del partido,2,2
1949,5.0,Dom,2024-09-22,16:30,Manchester City,2.1,0.7,Arsenal,52846.0,Etihad Stadium,Michael Oliver,Informe del partido,2,2
1950,6.0,Sáb,2024-09-28,12:30,Newcastle Utd,1.6,0.9,Manchester City,52248.0,St James' Park,Jarred Gillett,Informe del partido,1,1
1951,6.0,Sáb,2024-09-28,15:00,Chelsea,4.2,1.1,Brighton,39495.0,Stamford Bridge,Peter Bankes,Informe del partido,4,2
1952,6.0,Sáb,2024-09-28,15:00,Arsenal,4.4,0.3,Leicester City,60323.0,Emirates Stadium,Samuel Barrott,Informe del partido,4,2
1953,6.0,Sáb,2024-09-28,15:00,Brentford,0.4,1.0,West Ham,17050.0,Gtech Community Stadium,Simon Hooper,Informe del partido,1,1
1954,6.0,Sáb,2024-09-28,15:00,Everton,0.9,0.9,Crystal Palace,38954.0,Goodison Park,Andy Madley,Informe del partido,2,1
1955,6.0,Sáb,2024-09-28,15:00,Nott'ham Forest,0.8,1.3,Fulham,30139.0,The City Ground,Joshua Smith,Informe del partido,0,1
1956,6.0,Sáb,2024-09-28,17:30,Wolves,0.6,2.5,Liverpool,31413.0,Molineux Stadium,Anthony Taylor,Informe del partido,1,2
1957,6.0,Dom,2024-09-29,14:00,Ipswich Town,1.2,0.8,Aston Villa,29943.0,Portman Road Stadium,Stuart Attwell,Informe del partido,2,2
1958,6.0,Dom,2024-09-29,16:30,Manchester Utd,1.0,4.4,Tottenham,73587.0,Old Trafford,Chris Kavanagh,Informe del partido,0,3
1959,6.0,Lun,2024-09-30,20:00,Bournemouth,1.3,0.6,Southampton,11243.0,Vitality Stadium,Michael Oliver,Informe del partido,3,1
1960,7.0,Sáb,2024-10-05,12:30,Crystal Palace,0.6,1.4,Liverpool,25185.0,Selhurst Park,Simon Hooper,Informe del partido,0,1
1961,7.0,Sáb,2024-10-05,15:00,Manchester City,1.6,2.6,Fulham,53017.0,Etihad Stadium,Peter Bankes,Informe del partido,3,2
1962,7.0,Sáb,2024-10-05,15:00,Brentford,4.2,1.0,Wolves,16960.0,Gtech Community Stadium,Andy Madley,Informe del partido,5,3
1963,7.0,Sáb,2024-10-05,15:00,West Ham,3.6,0.6,Ipswich Town,62467.0,London Stadium,Anthony Taylor,Informe del partido,4,1
1964,7.0,Sáb,2024-10-05,15:00,Arsenal,2.8,0.6,Southampton,60307.0,Emirates Stadium,Tony Harrington,Informe del partido,3,1
1965,7.0,Sáb,2024-10-05,15:00,Leicester City,0.8,2.1,Bournemouth,31706.0,King Power Stadium,Darren Bond,Informe del partido,1,0
1966,7.0,Sáb,2024-10-05,17:30,Everton,0.7,2.1,Newcastle Utd,39265.0,Goodison Park,Craig Pawson,Informe del partido,0,0
1967,7.0,Dom,2024-10-06,14:00,Aston Villa,0.5,0.6,Manchester Utd,42682.0,Villa Park,Robert Jones,Informe del partido,0,0
1968,7.0,Dom,2024-10-06,14:00,Chelsea,2.3,0.9,Nott'ham Forest,39501.0,Stamford Bridge,Chris Kavanagh,Informe del partido,1,1
1969,7.0,Dom,2024-10-06,16:30,Brighton,1.8,1.3,Tottenham,31487.0,The American Express Stadium,David Coote,Informe del partido,3,2
1970,8.0,Sáb,2024-10-19,12:30,Tottenham,1.9,0.8,West Ham,61381.0,Tottenham Hotspur Stadium,Andy Madley,Informe del partido,4,1
1971,8.0,Sáb,2024-10-19,15:00,Southampton,2.1,3.1,Leicester City,31145.0,St Mary's Stadium,Anthony Taylor,Informe del partido,2,3
1972,8.0,Sáb,2024-10-19,15:00,Ipswich Town,1.3,1.7,Everton,29862.0,Portman Road Stadium,Michael Oliver,Informe del partido,0,2
1973,8.0,Sáb,2024-10-19,15:00,Newcastle Utd,2.0,1.1,Brighton,52220.0,St James' Park,Peter Bankes,Informe del partido,0,1
1974,8.0,Sáb,2024-10-19,15:00,Fulham,1.8,1.6,Aston Villa,26743.0,Craven Cottage,Darren England,Informe del partido,1,3
1975,8.0,Sáb,2024-10-19,15:00,Manchester Utd,1.3,0.9,Brentford,73738.0,Old Trafford,Samuel Barrott,Informe del partido,2,1
1976,8.0,Sáb,2024-10-19,17:30,Bournemouth,1.8,0.7,Arsenal,11235.0,Vitality Stadium,Robert Jones,Informe del partido,2,0
1977,8.0,Dom,2024-10-20,14:00,Wolves,0.8,1.6,Manchester City,31319.0,Molineux Stadium,Chris Kavanagh,Informe del partido,1,2
1978,8.0,Dom,2024-10-20,16:30,Liverpool,1.9,1.0,Chelsea,60277.0,Anfield,John Brooks,Informe del partido,2,1
1979,8.0,Lun,2024-10-21,20:00,Nott'ham Forest,1.7,1.0,Crystal Palace,29443.0,The City Ground,Tim Robinson,Informe del partido,1,0
1980,9.0,Vie,2024-10-25,20:00,Leicester City,0.8,1.7,Nott'ham Forest,31879.0,King Power Stadium,Craig Pawson,Informe del partido,1,3
1981,9.0,Sáb,2024-10-26,15:00,Brentford,4.0,1.3,Ipswich Town,17109.0,Gtech Community Stadium,Lewis Smith,Informe del partido,4,3
1982,9.0,Sáb,2024-10-26,15:00,Brighton,1.3,1.3,Wolves,31840.0,The American Express Stadium,Michael Oliver,Informe del partido,2,2
1983,9.0,Sáb,2024-10-26,15:00,Manchester City,2.9,0.2,Southampton,52844.0,Etihad Stadium,Tony Harrington,Informe del partido,1,0
1984,9.0,Sáb,2024-10-26,15:00,Aston Villa,1.8,0.3,Bournemouth,42165.0,Villa Park,Chris Kavanagh,Informe del partido,1,1
1985,9.0,Sáb,2024-10-26,17:30,Everton,0.8,1.2,Fulham,38742.0,Goodison Park,John Brooks,Informe del partido,1,1
1986,9.0,Dom,2024-10-27,14:00,Chelsea,1.6,1.8,Newcastle Utd,39526.0,Stamford Bridge,Simon Hooper,Informe del partido,2,1
1987,9.0,Dom,2024-10-27,14:00,West Ham,2.8,2.3,Manchester Utd,62474.0,London Stadium,David Coote,Informe del partido,2,1
1988,9.0,Dom,2024-10-27,14:00,Crystal Palace,0.8,0.7,Tottenham,25108.0,Selhurst Park,Darren Bond,Informe del partido,1,0
1989,9.0,Dom,2024-10-27,16:30,Arsenal,0.9,0.8,Liverpool,60383.0,Emirates Stadium,Anthony Taylor,Informe del partido,2,2
1990,10.0,Sáb,2024-11-02,12:30,Newcastle Utd,0.5,1.1,Arsenal,52249.0,St James' Park,John Brooks,Informe del partido,1,0
1991,10.0,Sáb,2024-11-02,15:00,Southampton,0.7,1.6,Everton,31143.0,St Mary's Stadium,Andy Madley,Informe del partido,1,0
1992,10.0,Sáb,2024-11-02,15:00,Liverpool,1.6,1.0,Brighton,60331.0,Anfield,Tony Harrington,Informe del partido,2,1
1993,10.0,Sáb,2024-11-02,15:00,Nott'ham Forest,2.2,0.1,West Ham,30112.0,The City Ground,Peter Bankes,Informe del partido,3,0
1994,10.0,Sáb,2024-11-02,15:00,Ipswich Town,1.0,1.5,Leicester City,29874.0,Portman Road Stadium,Tim Robinson,Informe del partido,1,1
1995,10.0,Sáb,2024-11-02,15:00,Bournemouth,2.0,1.6,Manchester City,11231.0,Vitality Stadium,Michael Oliver,Informe del partido,2,1
1996,10.0,Sáb,2024-11-02,17:30,Wolves,1.5,2.4,Crystal Palace,31124.0,Molineux Stadium,Anthony Taylor,Informe del partido,2,2
1997,10.0,Dom,2024-11-03,14:00,Tottenham,2.4,1.8,Aston Villa,61253.0,Tottenham Hotspur Stadium,Craig Pawson,Informe del partido,4,1
1998,10.0,Dom,2024-11-03,16:30,Manchester Utd,2.0,1.1,Chelsea,73813.0,Old Trafford,Robert Jones,Informe del partido,1,1
1999,10.0,Lun,2024-11-04,20:00,Fulham,1.3,0.6,Brentford,24931.0,Craven Cottage,Stuart Attwell,Informe del partido,2,1
2000,11.0,Sáb,2024-11-09,15:00,Brentford,1.5,2.6,Bournemouth,16587.0,Gtech Community Stadium,Darren Bond,Informe del partido,3,2
2001,11.0,Sáb,2024-11-09,15:00,West Ham,0.8,1.1,Everton,62463.0,London Stadium,Stuart Attwell,Informe del partido,0,0
2002,11.0,Sáb,2024-11-09,15:00,Crystal Palace,1.5,1.8,Fulham,25142.0,Selhurst Park,Michael Salisbury,Informe del partido,0,2
2003,11.0,Sáb,2024-11-09,15:00,Wolves,1.3,0.6,Southampton,31403.0,Molineux Stadium,Thomas Bramall,Informe del partido,2,0
2004,11.0,Sáb,2024-11-09,17:30,Brighton,2.3,2.1,Manchester City,31715.0,The American Express Stadium,Samuel Barrott,Informe del partido,2,1
2005,11.0,Sáb,2024-11-09,20:00,Liverpool,2.0,1.2,Aston Villa,60292.0,Anfield,David Coote,Informe del partido,2,0
2006,11.0,Dom,2024-11-10,14:00,Manchester Utd,0.8,0.6,Leicester City,73829.0,Old Trafford,Peter Bankes,Informe del partido,3,0
2007,11.0,Dom,2024-11-10,14:00,Nott'ham Forest,0.6,1.6,Newcastle Utd,30145.0,The City Ground,Anthony Taylor,Informe del partido,1,3
2008,11.0,Dom,2024-11-10,14:00,Tottenham,1.5,1.6,Ipswich Town,61505.0,Tottenham Hotspur Stadium,Darren England,Informe del partido,1,2
2009,11.0,Dom,2024-11-10,16:30,Chelsea,1.5,1.5,Arsenal,39780.0,Stamford Bridge,Michael Oliver,Informe del partido,1,1
2010,12.0,Sáb,2024-11-23,12:30,Leicester City,1.1,2.7,Chelsea,31880.0,King Power Stadium,Andy Madley,Informe del partido,1,2
2011,12.0,Sáb,2024-11-23,15:00,Arsenal,1.2,0.3,Nott'ham Forest,60298.0,Emirates Stadium,Simon Hooper,Informe del partido,3,0
2012,12.0,Sáb,2024-11-23,15:00,Bournemouth,1.6,0.9,Brighton,11196.0,Vitality Stadium,Stuart Attwell,Informe del partido,1,2
2013,12.0,Sáb,2024-11-23,15:00,Aston Villa,3.0,1.3,Crystal Palace,42175.0,Villa Park,Tim Robinson,Informe del partido,2,2
2014,12.0,Sáb,2024-11-23,15:00,Everton,1.2,1.1,Brentford,38915.0,Goodison Park,Chris Kavanagh,Informe del partido,0,0
2015,12.0,Sáb,2024-11-23,15:00,Fulham,1.0,1.3,Wolves,26685.0,Craven Cottage,Robert Jones,Informe del partido,1,4
2016,12.0,Sáb,2024-11-23,17:30,Manchester City,2.1,2.5,Tottenham,52478.0,Etihad Stadium,John Brooks,Informe del partido,0,4
2017,12.0,Dom,2024-11-24,14:00,Southampton,1.3,3.1,Liverpool,31278.0,St Mary's Stadium,Samuel Barrott,Informe del partido,2,3
2018,12.0,Dom,2024-11-24,16:30,Ipswich Town,1.6,0.8,Manchester Utd,30017.0,Portman Road Stadium,Anthony Taylor,Informe del partido,1,1
2019,12.0,Lun,2024-11-25,20:00,Newcastle Utd,1.6,0.9,West Ham,52094.0,St James' Park,Craig Pawson,Informe del partido,0,2
2020,13.0,Vie,2024-11-29,20:00,Brighton,1.7,1.0,Southampton,31542.0,The American Express Stadium,Robert Jones,Informe del partido,1,1
2021,13.0,Sáb,2024-11-30,15:00,Crystal Palace,1.7,0.0,Newcastle Utd,25101.0,Selhurst Park,Darren England,Informe del partido,1,1
2022,13.0,Sáb,2024-11-30,15:00,Wolves,0.5,3.3,Bournemouth,26685.0,Molineux Stadium,Peter Bankes,Informe del partido,2,4
2023,13.0,Sáb,2024-11-30,15:00,Nott'ham Forest,1.6,0.6,Ipswich Town,30237.0,The City Ground,Tony Harrington,Informe del partido,1,0
2024,13.0,Sáb,2024-11-30,15:00,Brentford,2.4,1.1,Leicester City,17084.0,Gtech Community Stadium,Michael Oliver,Informe del partido,4,1
2025,13.0,Sáb,2024-11-30,17:30,West Ham,1.5,3.5,Arsenal,62475.0,London Stadium,Anthony Taylor,Informe del partido,2,5
2026,13.0,Dom,2024-12-01,13:30,Chelsea,1.6,1.2,Aston Villa,40853.0,Stamford Bridge,Stuart Attwell,Informe del partido,3,0
2027,13.0,Dom,2024-12-01,13:30,Tottenham,0.8,1.5,Fulham,61141.0,Tottenham Hotspur Stadium,Darren Bond,Informe del partido,1,1
2028,13.0,Dom,2024-12-01,13:30,Manchester Utd,1.1,0.6,Everton,73817.0,Old Trafford,John Brooks,Informe del partido,4,0
2029,13.0,Dom,2024-12-01,16:00,Liverpool,3.4,0.8,Manchester City,60248.0,Anfield,Chris Kavanagh,Informe del partido,2,0
2030,14.0,Mar,2024-12-03,19:30,Ipswich Town,0.5,1.6,Crystal Palace,29533.0,Portman Road Stadium,Craig Pawson,Informe del partido,0,1
2031,14.0,Mar,2024-12-03,20:15,Leicester City,1.7,3.0,West Ham,30947.0,King Power Stadium,Joshua Smith,Informe del partido,3,1
2032,14.0,Mié,2024-12-04,19:30,Everton,1.0,0.8,Wolves,38820.0,Goodison Park,Michael Salisbury,Informe del partido,4,0
2033,14.0,Mié,2024-12-04,19:30,Newcastle Utd,2.1,1.9,Liverpool,52237.0,St James' Park,Andy Madley,Informe del partido,3,3
2034,14.0,Mié,2024-12-04,19:30,Manchester City,2.4,1.0,Nott'ham Forest,51764.0,Etihad Stadium,Michael Oliver,Informe del partido,3,0
2035,14.0,Mié,2024-12-04,19:30,Southampton,1.6,5.2,Chelsea,31193.0,St Mary's Stadium,Tony Harrington,Informe del partido,1,5
2036,14.0,Mié,2024-12-04,20:15,Arsenal,2.1,0.2,Manchester Utd,60256.0,Emirates Stadium,Samuel Barrott,Informe del partido,2,0
2037,14.0,Mié,2024-12-04,20:15,Aston Villa,2.4,0.9,Brentford,42148.0,Villa Park,Lewis Smith,Informe del partido,3,1
2038,14.0,Jue,2024-12-05,19:30,Fulham,1.1,1.4,Brighton,26368.0,Craven Cottage,Peter Bankes,Informe del partido,3,1
2039,14.0,Jue,2024-12-05,20:15,Bournemouth,3.5,0.9,Tottenham,11234.0,Vitality Stadium,Simon Hooper,Informe del partido,1,0
2040,15.0,Sáb,2024-12-07,15:00,Brentford,1.2,1.5,Newcastle Utd,17078.0,Gtech Community Stadium,Simon Hooper,Informe del partido,4,2
2041,15.0,Sáb,2024-12-07,15:00,Crystal Palace,1.3,1.4,Manchester City,25142.0,Selhurst Park,Robert Jones,Informe del partido,2,2
2042,15.0,Sáb,2024-12-07,15:00,Aston Villa,2.3,0.3,Southampton,42453.0,Villa Park,Darren Bond,Informe del partido,1,0
2043,15.0,Sáb,2024-12-07,17:30,Manchester Utd,1.6,0.8,Nott'ham Forest,73778.0,Old Trafford,Darren England,Informe del partido,2,3
2044,15.0,Dom,2024-12-08,14:00,Fulham,0.2,1.8,Arsenal,26954.0,Craven Cottage,Chris Kavanagh,Informe del partido,1,1
2045,15.0,Dom,2024-12-08,14:00,Ipswich Town,1.3,3.2,Bournemouth,29180.0,Portman Road Stadium,Michael Salisbury,Informe del partido,1,2
2046,15.0,Dom,2024-12-08,14:00,Leicester City,1.3,1.5,Brighton,31647.0,King Power Stadium,Stuart Attwell,Informe del partido,2,2
2047,15.0,Dom,2024-12-08,16:30,Tottenham,2.8,2.8,Chelsea,61184.0,Tottenham Hotspur Stadium,Anthony Taylor,Informe del partido,3,4
2048,15.0,Lun,2024-12-09,20:00,West Ham,1.0,1.4,Wolves,62474.0,London Stadium,John Brooks,Informe del partido,2,1
2049,16.0,Sáb,2024-12-14,15:00,Newcastle Utd,3.8,0.2,Leicester City,52235.0,St James' Park,Thomas Bramall,Informe del partido,4,0
2050,16.0,Sáb,2024-12-14,15:00,Arsenal,1.2,0.1,Everton,60176.0,Emirates Stadium,Craig Pawson,Informe del partido,0,0
2051,16.0,Sáb,2024-12-14,15:00,Wolves,1.3,1.1,Ipswich Town,30866.0,Molineux Stadium,Simon Hooper,Informe del partido,1,2
2052,16.0,Sáb,2024-12-14,15:00,Liverpool,2.1,1.2,Fulham,60333.0,Anfield,Tony Harrington,Informe del partido,2,2
2053,16.0,Sáb,2024-12-14,17:30,Nott'ham Forest,1.7,0.4,Aston Villa,30117.0,The City Ground,Samuel Barrott,Informe del partido,2,1
2054,16.0,Dom,2024-12-15,14:00,Brighton,1.0,2.2,Crystal Palace,30893.0,The American Express Stadium,Michael Oliver,Informe del partido,1,3
2055,16.0,Dom,2024-12-15,16:30,Manchester City,0.9,2.1,Manchester Utd,53184.0,Etihad Stadium,Anthony Taylor,Informe del partido,1,2
2056,16.0,Dom,2024-12-15,19:00,Southampton,0.8,2.3,Tottenham,31090.0,St Mary's Stadium,Darren England,Informe del partido,0,5
2057,16.0,Dom,2024-12-15,19:00,Chelsea,2.2,1.6,Brentford,39571.0,Stamford Bridge,Peter Bankes,Informe del partido,2,1
2058,16.0,Lun,2024-12-16,20:00,Bournemouth,1.9,2.1,West Ham,11204.0,Vitality Stadium,Chris Kavanagh,Informe del partido,1,1
2059,17.0,Sáb,2024-12-21,12:30,Aston Villa,1.6,1.0,Manchester City,42345.0,Villa Park,Peter Bankes,Informe del partido,2,1
2060,17.0,Sáb,2024-12-21,15:00,West Ham,1.2,0.9,Brighton,62460.0,London Stadium,Robert Jones,Informe del partido,1,1
2061,17.0,Sáb,2024-12-21,15:00,Brentford,0.7,0.9,Nott'ham Forest,17115.0,Gtech Community Stadium,Michael Oliver,Informe del partido,0,2
2062,17.0,Sáb,2024-12-21,15:00,Ipswich Town,0.7,2.3,Newcastle Utd,29774.0,Portman Road Stadium,Stuart Attwell,Informe del partido,0,4
2063,17.0,Sáb,2024-12-21,17:30,Crystal Palace,1.6,2.5,Arsenal,25167.0,Selhurst Park,Simon Hooper,Informe del partido,1,5
2064,17.0,Dom,2024-12-22,14:00,Manchester Utd,2.2,1.6,Bournemouth,73720.0,Old Trafford,Craig Pawson,Informe del partido,0,3
2065,17.0,Dom,2024-12-22,14:00,Fulham,0.9,0.3,Southampton,26819.0,Craven Cottage,Tim Robinson,Informe del partido,0,0
2066,17.0,Dom,2024-12-22,14:00,Everton,1.0,1.2,Chelsea,39358.0,Goodison Park,Chris Kavanagh,Informe del partido,0,0
2067,17.0,Dom,2024-12-22,14:00,Leicester City,0.8,1.1,Wolves,31818.0,King Power Stadium,Anthony Taylor,Informe del partido,0,3
2068,17.0,Dom,2024-12-22,16:30,Tottenham,1.3,5.6,Liverpool,61439.0,Tottenham Hotspur Stadium,Samuel Barrott,Informe del partido,3,6
2069,18.0,Jue,2024-12-26,12:30,Manchester City,2.1,0.7,Everton,55527.0,Etihad Stadium,Simon Hooper,Informe del partido,1,1
2070,18.0,Jue,2024-12-26,15:00,Chelsea,1.1,1.8,Fulham,39687.0,Stamford Bridge,Samuel Barrott,Informe del partido,1,2
2071,18.0,Jue,2024-12-26,15:00,Southampton,1.4,1.7,West Ham,31059.0,St Mary's Stadium,Lewis Smith,Informe del partido,0,1
2072,18.0,Jue,2024-12-26,15:00,Bournemouth,1.4,0.4,Crystal Palace,11129.0,Vitality Stadium,Thomas Bramall,Informe del partido,0,0
2073,18.0,Jue,2024-12-26,15:00,Newcastle Utd,2.7,0.3,Aston Villa,52168.0,St James' Park,Anthony Taylor,Informe del partido,3,0
2074,18.0,Jue,2024-12-26,15:00,Nott'ham Forest,1.1,0.9,Tottenham,30200.0,The City Ground,Craig Pawson,Informe del partido,1,0
2075,18.0,Jue,2024-12-26,17:30,Wolves,0.9,0.4,Manchester Utd,31407.0,Molineux Stadium,Tony Harrington,Informe del partido,2,0
2076,18.0,Jue,2024-12-26,20:00,Liverpool,2.0,0.3,Leicester City,60300.0,Anfield,Darren Bond,Informe del partido,3,1
2077,18.0,Vie,2024-12-27,19:30,Brighton,1.3,1.1,Brentford,31548.0,The American Express Stadium,Andy Madley,Informe del partido,0,0
2078,18.0,Vie,2024-12-27,20:15,Arsenal,1.8,0.2,Ipswich Town,60271.0,Emirates Stadium,Darren England,Informe del partido,1,0
2079,19.0,Dom,2024-12-29,14:30,Leicester City,1.3,1.3,Manchester City,32057.0,King Power Stadium,Michael Oliver,Informe del partido,0,2
2080,19.0,Dom,2024-12-29,15:00,Tottenham,2.2,0.7,Wolves,61284.0,Tottenham Hotspur Stadium,Chris Kavanagh,Informe del partido,2,2
2081,19.0,Dom,2024-12-29,15:00,Fulham,1.1,2.0,Bournemouth,27301.0,Craven Cottage,Robert Jones,Informe del partido,2,2
2082,19.0,Dom,2024-12-29,15:00,Everton,0.9,1.5,Nott'ham Forest,25414.0,Goodison Park,Tony Harrington,Informe del partido,0,2
2083,19.0,Dom,2024-12-29,15:00,Crystal Palace,2.0,0.9,Southampton,25130.0,Selhurst Park,Michael Salisbury,Informe del partido,2,1
2084,19.0,Dom,2024-12-29,17:15,West Ham,0.4,3.1,Liverpool,62476.0,London Stadium,Anthony Taylor,Informe del partido,0,5
2085,19.0,Lun,2024-12-30,19:45,Aston Villa,1.8,1.1,Brighton,41414.0,Villa Park,Craig Pawson,Informe del partido,2,2
2086,19.0,Lun,2024-12-30,19:45,Ipswich Town,1.6,2.0,Chelsea,29968.0,Portman Road Stadium,John Brooks,Informe del partido,2,0
2087,19.0,Lun,2024-12-30,20:00,Manchester Utd,0.8,1.9,Newcastle Utd,73809.0,Old Trafford,Simon Hooper,Informe del partido,0,2
2088,19.0,Mié,2025-01-01,17:30,Brentford,0.3,1.9,Arsenal,47190.0,Gtech Community Stadium,Peter Bankes,Informe del partido,1,3
2089,20.0,Sáb,2025-01-04,12:30,Tottenham,0.9,2.4,Newcastle Utd,61293.0,Tottenham Hotspur Stadium,Andy Madley,Informe del partido,1,2
2090,20.0,Sáb,2025-01-04,15:00,Southampton,0.3,4.4,Brentford,31001.0,St Mary's Stadium,Stuart Attwell,Informe del partido,0,5
2091,20.0,Sáb,2025-01-04,15:00,Bournemouth,1.8,0.7,Everton,,Vitality Stadium,John Brooks,Informe del partido,1,0
2092,20.0,Sáb,2025-01-04,15:00,Crystal Palace,1.1,1.2,Chelsea,25179.0,Selhurst Park,Tim Robinson,Informe del partido,1,1
2093,20.0,Sáb,2025-01-04,15:00,Manchester City,1.9,1.4,West Ham,52737.0,Etihad Stadium,Michael Salisbury,Informe del partido,4,1
2094,20.0,Sáb,2025-01-04,15:00,Aston Villa,1.4,0.4,Leicester City,42386.0,Villa Park,Jarred Gillett,Informe del partido,2,1
2095,20.0,Sáb,2025-01-04,17:30,Brighton,1.5,0.9,Arsenal,31714.0,The American Express Stadium,Anthony Taylor,Informe del partido,1,1
2096,20.0,Dom,2025-01-05,14:00,Fulham,2.2,1.5,Ipswich Town,,Craven Cottage,Darren Bond,Informe del partido,2,2
2097,20.0,Dom,2025-01-05,16:30,Liverpool,2.7,1.0,Manchester Utd,,Anfield,Michael Oliver,Informe del partido,2,2
